Sender|Ngram|Count
46708275344@s.whatsapp.net|('Absolutely', 'dude')|1
46708275344@s.whatsapp.net|('dude', '.')|2
46708275344@s.whatsapp.net|('.', 'Now')|1
46708275344@s.whatsapp.net|('Now', 'go')|1
46708275344@s.whatsapp.net|('go', 'and')|1
46708275344@s.whatsapp.net|('and', 'get')|2
46708275344@s.whatsapp.net|('get', 'some')|1
46708275344@s.whatsapp.net|('some', 'gear')|1
46708275344@s.whatsapp.net|('gear', 'for')|1
46708275344@s.whatsapp.net|('for', 'us')|1
46708275344@s.whatsapp.net|('us', 'to')|1
46708275344@s.whatsapp.net|('to', 'sell')|2
46708275344@s.whatsapp.net|('sell', '....')|1
46708275344@s.whatsapp.net|('....', 'Maybe')|1
46708275344@s.whatsapp.net|('Maybe', '🙂')|1
46708275344@s.whatsapp.net|('🙂', '😃')|1
46708275344@s.whatsapp.net|('😃', 'nan')|2
46708275344@s.whatsapp.net|('nan', 'Do')|1
46708275344@s.whatsapp.net|('Do', 'it')|1
46708275344@s.whatsapp.net|('it', '.')|2
46708275344@s.whatsapp.net|('.', 'Grab')|1
46708275344@s.whatsapp.net|('Grab', 'some')|1
46708275344@s.whatsapp.net|('some', 'goodies')|1
46708275344@s.whatsapp.net|('goodies', '😋')|1
46708275344@s.whatsapp.net|('😋', 'Never')|1
46708275344@s.whatsapp.net|('Never', 'seen')|1
46708275344@s.whatsapp.net|('seen', 'one')|1
46708275344@s.whatsapp.net|('one', 'of')|1
46708275344@s.whatsapp.net|('of', 'them')|1
46708275344@s.whatsapp.net|('them', 'in')|1
46708275344@s.whatsapp.net|('in', 'Sweden')|2
46708275344@s.whatsapp.net|('Sweden', '😅')|1
46708275344@s.whatsapp.net|('😅', 'Yes')|1
46708275344@s.whatsapp.net|('Yes', 'nan')|1
46708275344@s.whatsapp.net|('nan', 'Got')|2
46708275344@s.whatsapp.net|('Got', 'myself')|1
46708275344@s.whatsapp.net|('myself', 'some')|1
46708275344@s.whatsapp.net|('some', 'GOLD')|1
46708275344@s.whatsapp.net|('GOLD', '😉')|1
46708275344@s.whatsapp.net|('😉', 'Holy')|1
46708275344@s.whatsapp.net|('Holy', 'shot')|1
46708275344@s.whatsapp.net|('shot', 'x100')|1
46708275344@s.whatsapp.net|('x100', 'zoom')|1
46708275344@s.whatsapp.net|('zoom', 'Shit')|1
46708275344@s.whatsapp.net|('Shit', 'this')|1
46708275344@s.whatsapp.net|('this', 'camera')|1
46708275344@s.whatsapp.net|('camera', 'is')|1
46708275344@s.whatsapp.net|('is', 'awesome')|1
46708275344@s.whatsapp.net|('awesome', 'Hey')|1
46708275344@s.whatsapp.net|('Hey', 'where')|1
46708275344@s.whatsapp.net|('where', 'is')|1
46708275344@s.whatsapp.net|('is', 'the')|1
46708275344@s.whatsapp.net|('the', 'money')|4
46708275344@s.whatsapp.net|('money', '?')|1
46708275344@s.whatsapp.net|('?', 'https')|1
46708275344@s.whatsapp.net|('https', ':')|1
46708275344@s.whatsapp.net|(':', '//www.bloomberg.com/news/articles/2021-02-24/swedish-pm-sees-high-risk-of-new-wave-of-covid-infections')|1
46708275344@s.whatsapp.net|('//www.bloomberg.com/news/articles/2021-02-24/swedish-pm-sees-high-risk-of-new-wave-of-covid-infections', 'Be')|1
46708275344@s.whatsapp.net|('Be', 'careful')|1
46708275344@s.whatsapp.net|('careful', 'OK')|1
46708275344@s.whatsapp.net|('OK', '...')|1
46708275344@s.whatsapp.net|('...', 'You')|1
46708275344@s.whatsapp.net|('You', 'are')|2
46708275344@s.whatsapp.net|('are', 'mental')|1
46708275344@s.whatsapp.net|('mental', '.')|1
46708275344@s.whatsapp.net|('.', 'I')|4
46708275344@s.whatsapp.net|('I', 'like')|2
46708275344@s.whatsapp.net|('like', 'it')|1
46708275344@s.whatsapp.net|('it', '👌')|1
46708275344@s.whatsapp.net|('👌', 'U')|1
46708275344@s.whatsapp.net|('U', 'wan')|1
46708275344@s.whatsapp.net|('wan', 'na')|1
46708275344@s.whatsapp.net|('na', 'da')|1
46708275344@s.whatsapp.net|('da', 'bling')|1
46708275344@s.whatsapp.net|('bling', 'baby')|1
46708275344@s.whatsapp.net|('baby', '?')|1
46708275344@s.whatsapp.net|('?', '🙂')|1
46708275344@s.whatsapp.net|('🙂', 'nan')|3
46708275344@s.whatsapp.net|('nan', 'nan')|25
46708275344@s.whatsapp.net|('nan', 'Last')|1
46708275344@s.whatsapp.net|('Last', 'night')|2
46708275344@s.whatsapp.net|('night', "'s")|1
46708275344@s.whatsapp.net|("'s", 'haul')|1
46708275344@s.whatsapp.net|('haul', 'was')|1
46708275344@s.whatsapp.net|('was', 'good')|1
46708275344@s.whatsapp.net|('good', 'HOLLYWOOD')|1
46708275344@s.whatsapp.net|('HOLLYWOOD', 'baby')|1
46708275344@s.whatsapp.net|('baby', '...')|1
46708275344@s.whatsapp.net|('...', 'Pay')|1
46708275344@s.whatsapp.net|('Pay', 'day')|1
46708275344@s.whatsapp.net|('day', 'bitches')|1
46708275344@s.whatsapp.net|('bitches', '...')|1
46708275344@s.whatsapp.net|('...', '😃')|1
46708275344@s.whatsapp.net|('nan', 'Blagged')|1
46708275344@s.whatsapp.net|('Blagged', 'this')|1
46708275344@s.whatsapp.net|('this', 'one')|4
46708275344@s.whatsapp.net|('one', 'earlier')|1
46708275344@s.whatsapp.net|('earlier', '.')|1
46708275344@s.whatsapp.net|('.', 'Never')|1
46708275344@s.whatsapp.net|('Never', 'mind')|1
46708275344@s.whatsapp.net|('mind', '.')|1
46708275344@s.whatsapp.net|('.', 'Let')|3
46708275344@s.whatsapp.net|('Let', "'s")|4
46708275344@s.whatsapp.net|("'s", 'keep')|1
46708275344@s.whatsapp.net|('keep', 'looking')|1
46708275344@s.whatsapp.net|('looking', '.')|1
46708275344@s.whatsapp.net|('.', 'Roger')|1
46708275344@s.whatsapp.net|('Roger', 'that')|1
46708275344@s.whatsapp.net|('that', '👍')|1
46708275344@s.whatsapp.net|('👍', 'Cool')|1
46708275344@s.whatsapp.net|('Cool', 'order')|1
46708275344@s.whatsapp.net|('order', 'me')|1
46708275344@s.whatsapp.net|('me', 'a')|1
46708275344@s.whatsapp.net|('a', 'pizza')|1
46708275344@s.whatsapp.net|('pizza', 'Burn')|1
46708275344@s.whatsapp.net|('Burn', 'baby')|1
46708275344@s.whatsapp.net|('baby', 'burn')|1
46708275344@s.whatsapp.net|('burn', '🔥')|1
46708275344@s.whatsapp.net|('🔥', '😅')|1
46708275344@s.whatsapp.net|('😅', 'u')|1
46708275344@s.whatsapp.net|('u', 'cool')|1
46708275344@s.whatsapp.net|('cool', '.')|2
46708275344@s.whatsapp.net|('.', 'Just')|2
46708275344@s.whatsapp.net|('Just', 'need')|1
46708275344@s.whatsapp.net|('need', 'more')|1
46708275344@s.whatsapp.net|('more', 'time')|1
46708275344@s.whatsapp.net|('time', 'Better')|1
46708275344@s.whatsapp.net|('Better', 'be')|1
46708275344@s.whatsapp.net|('be', 'careful')|1
46708275344@s.whatsapp.net|('careful', 'around')|1
46708275344@s.whatsapp.net|('around', 'here')|1
46708275344@s.whatsapp.net|('here', '...')|2
46708275344@s.whatsapp.net|('...', 'nan')|8
46708275344@s.whatsapp.net|('nan', 'Ur')|1
46708275344@s.whatsapp.net|('Ur', 'man')|1
46708275344@s.whatsapp.net|('man', 'able')|1
46708275344@s.whatsapp.net|('able', 'to')|1
46708275344@s.whatsapp.net|('to', 'move')|1
46708275344@s.whatsapp.net|('move', 'this')|2
46708275344@s.whatsapp.net|('this', 'jewellery')|1
46708275344@s.whatsapp.net|('jewellery', '?')|1
46708275344@s.whatsapp.net|('?', 'nan')|8
46708275344@s.whatsapp.net|('Got', 'this')|1
46708275344@s.whatsapp.net|('one', 'too')|1
46708275344@s.whatsapp.net|('too', 'need')|1
46708275344@s.whatsapp.net|('need', '1000kr')|1
46708275344@s.whatsapp.net|('1000kr', 'for')|1
46708275344@s.whatsapp.net|('for', 'it')|1
46708275344@s.whatsapp.net|('it', '...')|1
46708275344@s.whatsapp.net|('...', 'OK')|1
46708275344@s.whatsapp.net|('OK', 'take')|1
46708275344@s.whatsapp.net|('take', 'it')|1
46708275344@s.whatsapp.net|('it', 'Oh')|1
46708275344@s.whatsapp.net|('Oh', 'no')|1
46708275344@s.whatsapp.net|('no', '.')|1
46708275344@s.whatsapp.net|('.', 'Lay')|1
46708275344@s.whatsapp.net|('Lay', 'low')|1
46708275344@s.whatsapp.net|('low', 'dude')|1
46708275344@s.whatsapp.net|('.', 'We')|6
46708275344@s.whatsapp.net|('We', 'need')|2
46708275344@s.whatsapp.net|('need', 'you')|1
46708275344@s.whatsapp.net|('you', 'on')|1
46708275344@s.whatsapp.net|('on', 'the')|1
46708275344@s.whatsapp.net|('the', 'team')|1
46708275344@s.whatsapp.net|('team', '...')|1
46708275344@s.whatsapp.net|('...', 'do')|1
46708275344@s.whatsapp.net|('do', "n't")|3
46708275344@s.whatsapp.net|("n't", 'get')|2
46708275344@s.whatsapp.net|('get', 'caught')|1
46708275344@s.whatsapp.net|('caught', 'nan')|1
46708275344@s.whatsapp.net|('nan', 'Shadow')|1
46708275344@s.whatsapp.net|('Shadow', 'man')|1
46708275344@s.whatsapp.net|('man', 'lurking')|1
46708275344@s.whatsapp.net|('lurking', 'in')|1
46708275344@s.whatsapp.net|('in', 'the')|5
46708275344@s.whatsapp.net|('the', 'dark')|1
46708275344@s.whatsapp.net|('dark', ',')|1
46708275344@s.whatsapp.net|(',', 'looking')|1
46708275344@s.whatsapp.net|('looking', 'for')|1
46708275344@s.whatsapp.net|('for', 'easy')|1
46708275344@s.whatsapp.net|('easy', 'money')|1
46708275344@s.whatsapp.net|('money', '💰')|2
46708275344@s.whatsapp.net|('💰', 'Sweet')|1
46708275344@s.whatsapp.net|('Sweet', 'let')|1
46708275344@s.whatsapp.net|('let', "'s")|2
46708275344@s.whatsapp.net|("'s", 'hit')|1
46708275344@s.whatsapp.net|('hit', 'that')|1
46708275344@s.whatsapp.net|('that', 'one')|1
46708275344@s.whatsapp.net|('one', 'then')|1
46708275344@s.whatsapp.net|('then', '!')|1
46708275344@s.whatsapp.net|('!', 'This')|1
46708275344@s.whatsapp.net|('This', 'place')|3
46708275344@s.whatsapp.net|('place', 'looks')|1
46708275344@s.whatsapp.net|('looks', 'loaded')|1
46708275344@s.whatsapp.net|('loaded', '💰')|1
46708275344@s.whatsapp.net|('💰', 'We')|1
46708275344@s.whatsapp.net|('We', 'scored')|1
46708275344@s.whatsapp.net|('scored', 'big')|1
46708275344@s.whatsapp.net|('big', 'tonight')|1
46708275344@s.whatsapp.net|('tonight', 'crew')|1
46708275344@s.whatsapp.net|('crew', '💰👍')|1
46708275344@s.whatsapp.net|('💰👍', 'This')|1
46708275344@s.whatsapp.net|('This', 'one')|3
46708275344@s.whatsapp.net|('one', 'is')|2
46708275344@s.whatsapp.net|('is', 'hot')|1
46708275344@s.whatsapp.net|('hot', '🔥')|1
46708275344@s.whatsapp.net|('🔥', 'nan')|1
46708275344@s.whatsapp.net|('nan', 'Big')|1
46708275344@s.whatsapp.net|('Big', 'score')|1
46708275344@s.whatsapp.net|('score', 'tonight')|1
46708275344@s.whatsapp.net|('tonight', 'team')|2
46708275344@s.whatsapp.net|('team', '!')|1
46708275344@s.whatsapp.net|('!', '!')|10
46708275344@s.whatsapp.net|('!', 'Check')|1
46708275344@s.whatsapp.net|('Check', 'it')|1
46708275344@s.whatsapp.net|('it', 'out')|1
46708275344@s.whatsapp.net|('out', '.')|1
46708275344@s.whatsapp.net|('.', 'That')|1
46708275344@s.whatsapp.net|('That', 'house')|1
46708275344@s.whatsapp.net|('house', 'was')|1
46708275344@s.whatsapp.net|('was', 'loaded')|1
46708275344@s.whatsapp.net|('loaded', '.')|1
46708275344@s.whatsapp.net|('.', 'Easy')|1
46708275344@s.whatsapp.net|('Easy', 'access')|1
46708275344@s.whatsapp.net|('access', 'via')|1
46708275344@s.whatsapp.net|('via', 'the')|1
46708275344@s.whatsapp.net|('the', 'garage')|1
46708275344@s.whatsapp.net|('garage', '👌')|1
46708275344@s.whatsapp.net|('👌', 'Awesome')|1
46708275344@s.whatsapp.net|('Awesome', '!')|1
46708275344@s.whatsapp.net|('!', 'Call.me')|1
46708275344@s.whatsapp.net|('Call.me', 'when')|1
46708275344@s.whatsapp.net|('when', 'ready')|1
46708275344@s.whatsapp.net|('ready', 'Got')|1
46708275344@s.whatsapp.net|('Got', 'to')|1
46708275344@s.whatsapp.net|('to', 'be')|2
46708275344@s.whatsapp.net|('be', 'at')|1
46708275344@s.whatsapp.net|('at', 'least')|1
46708275344@s.whatsapp.net|('least', '5000kr')|1
46708275344@s.whatsapp.net|('5000kr', 'if')|1
46708275344@s.whatsapp.net|('if', 'they')|2
46708275344@s.whatsapp.net|('they', 'are')|1
46708275344@s.whatsapp.net|('are', 'real')|1
46708275344@s.whatsapp.net|('real', 'diamonds')|1
46708275344@s.whatsapp.net|('diamonds', '💎')|1
46708275344@s.whatsapp.net|('💎', 'nan')|1
46708275344@s.whatsapp.net|('nan', 'We')|3
46708275344@s.whatsapp.net|('We', 'got')|1
46708275344@s.whatsapp.net|('got', 'lucky')|1
46708275344@s.whatsapp.net|('lucky', 'on')|1
46708275344@s.whatsapp.net|('on', 'that')|1
46708275344@s.whatsapp.net|('that', 'last')|2
46708275344@s.whatsapp.net|('last', 'job')|1
46708275344@s.whatsapp.net|('job', 'Anyone')|1
46708275344@s.whatsapp.net|('Anyone', 'want')|1
46708275344@s.whatsapp.net|('want', 'to')|1
46708275344@s.whatsapp.net|('to', 'play')|1
46708275344@s.whatsapp.net|('play', 'in')|1
46708275344@s.whatsapp.net|('the', 'big')|2
46708275344@s.whatsapp.net|('big', 'league')|1
46708275344@s.whatsapp.net|('league', '.')|1
46708275344@s.whatsapp.net|('.', 'Can')|1
46708275344@s.whatsapp.net|('Can', 'you')|1
46708275344@s.whatsapp.net|('you', 'guys')|2
46708275344@s.whatsapp.net|('guys', 'move')|1
46708275344@s.whatsapp.net|('this', 'stuff')|1
46708275344@s.whatsapp.net|('stuff', 'if')|1
46708275344@s.whatsapp.net|('if', 'we')|2
46708275344@s.whatsapp.net|('we', 'come')|1
46708275344@s.whatsapp.net|('come', 'across')|1
46708275344@s.whatsapp.net|('across', 'some')|1
46708275344@s.whatsapp.net|('some', '?')|1
46708275344@s.whatsapp.net|('nan', 'Seen')|1
46708275344@s.whatsapp.net|('Seen', 'in')|1
46708275344@s.whatsapp.net|('Sweden', '🇸🇪')|1
46708275344@s.whatsapp.net|('🇸🇪', 'Good')|1
46708275344@s.whatsapp.net|('Good', 'security')|1
46708275344@s.whatsapp.net|('security', 'at')|1
46708275344@s.whatsapp.net|('at', 'this')|1
46708275344@s.whatsapp.net|('this', 'place')|1
46708275344@s.whatsapp.net|('place', '👏')|1
46708275344@s.whatsapp.net|('👏', 'Far')|1
46708275344@s.whatsapp.net|('Far', 'out')|1
46708275344@s.whatsapp.net|('out', 'man')|1
46708275344@s.whatsapp.net|('man', 'nan')|1
46708275344@s.whatsapp.net|('nan', 'What')|2
46708275344@s.whatsapp.net|('What', 'do')|2
46708275344@s.whatsapp.net|('do', 'you')|2
46708275344@s.whatsapp.net|('you', 'think')|1
46708275344@s.whatsapp.net|('think', '?')|2
46708275344@s.whatsapp.net|('?', 'Hahaha')|1
46708275344@s.whatsapp.net|('Hahaha', 'u')|1
46708275344@s.whatsapp.net|('u', 'pay')|1
46708275344@s.whatsapp.net|('pay', ',')|1
46708275344@s.whatsapp.net|(',', 'I')|1
46708275344@s.whatsapp.net|('I', 'give')|2
46708275344@s.whatsapp.net|('give', '....')|1
46708275344@s.whatsapp.net|('....', '💰👍')|1
46708275344@s.whatsapp.net|('💰👍', 'Awesome')|1
46708275344@s.whatsapp.net|('Awesome', '.')|1
46708275344@s.whatsapp.net|('.', 'Looks')|1
46708275344@s.whatsapp.net|('Looks', 'like')|2
46708275344@s.whatsapp.net|('like', 'a')|4
46708275344@s.whatsapp.net|('a', 'perfect')|1
46708275344@s.whatsapp.net|('perfect', 'target')|1
46708275344@s.whatsapp.net|('target', '.')|2
46708275344@s.whatsapp.net|('.', 'Thanks')|1
46708275344@s.whatsapp.net|('Thanks', 'Twilight')|1
46708275344@s.whatsapp.net|('Twilight', 'you')|1
46708275344@s.whatsapp.net|('you', 'rock')|1
46708275344@s.whatsapp.net|('rock', '🪨🎸')|1
46708275344@s.whatsapp.net|('🪨🎸', 'Stop')|1
46708275344@s.whatsapp.net|('Stop', 'complaining')|1
46708275344@s.whatsapp.net|('complaining', 'man')|1
46708275344@s.whatsapp.net|('man', 'and')|1
46708275344@s.whatsapp.net|('get', 'to')|1
46708275344@s.whatsapp.net|('to', 'work')|1
46708275344@s.whatsapp.net|('work', '.')|1
46708275344@s.whatsapp.net|('need', 'to')|2
46708275344@s.whatsapp.net|('to', 'make')|2
46708275344@s.whatsapp.net|('make', 'the')|1
46708275344@s.whatsapp.net|('💰', 'Mucho')|1
46708275344@s.whatsapp.net|('Mucho', 'building')|1
46708275344@s.whatsapp.net|('building', 'work')|1
46708275344@s.whatsapp.net|('work', 'here')|1
46708275344@s.whatsapp.net|('...', 'I')|2
46708275344@s.whatsapp.net|('I', 'am')|4
46708275344@s.whatsapp.net|('am', 'hilarious')|1
46708275344@s.whatsapp.net|('hilarious', ',')|1
46708275344@s.whatsapp.net|(',', 'thank')|1
46708275344@s.whatsapp.net|('thank', 'you')|1
46708275344@s.whatsapp.net|('you', 'for')|1
46708275344@s.whatsapp.net|('for', 'finally')|1
46708275344@s.whatsapp.net|('finally', 'recognising')|1
46708275344@s.whatsapp.net|('recognising', 'my')|1
46708275344@s.whatsapp.net|('my', 'comic')|1
46708275344@s.whatsapp.net|('comic', 'genius')|1
46708275344@s.whatsapp.net|('genius', ',')|1
46708275344@s.whatsapp.net|(',', 'alongside')|1
46708275344@s.whatsapp.net|('alongside', 'my')|1
46708275344@s.whatsapp.net|('my', 'criminal')|1
46708275344@s.whatsapp.net|('criminal', 'mastermind')|1
46708275344@s.whatsapp.net|('mastermind', 'skills')|1
46708275344@s.whatsapp.net|('skills', '😉')|1
46708275344@s.whatsapp.net|('😉', 'Let')|1
46708275344@s.whatsapp.net|("'s", 'just')|1
46708275344@s.whatsapp.net|('just', 'say')|1
46708275344@s.whatsapp.net|('say', 'that')|1
46708275344@s.whatsapp.net|('last', 'night')|1
46708275344@s.whatsapp.net|('night', 'out')|1
46708275344@s.whatsapp.net|('out', 'score')|1
46708275344@s.whatsapp.net|('score', 'was')|1
46708275344@s.whatsapp.net|('was', 'quantity')|1
46708275344@s.whatsapp.net|('quantity', 'over')|1
46708275344@s.whatsapp.net|('over', 'quality')|1
46708275344@s.whatsapp.net|('quality', '....')|1
46708275344@s.whatsapp.net|('....', 'nan')|3
46708275344@s.whatsapp.net|('nan', 'Know')|1
46708275344@s.whatsapp.net|('Know', 'anyone')|1
46708275344@s.whatsapp.net|('anyone', 'who')|1
46708275344@s.whatsapp.net|('who', 'wants')|1
46708275344@s.whatsapp.net|('wants', 'to')|1
46708275344@s.whatsapp.net|('to', 'shift')|2
46708275344@s.whatsapp.net|('shift', 'a')|1
46708275344@s.whatsapp.net|('a', 'bucket')|1
46708275344@s.whatsapp.net|('bucket', 'of')|1
46708275344@s.whatsapp.net|('of', 'jewels')|1
46708275344@s.whatsapp.net|('jewels', '?')|1
46708275344@s.whatsapp.net|('?', '?')|14
46708275344@s.whatsapp.net|('?', 'I')|2
46708275344@s.whatsapp.net|('I', 'know')|2
46708275344@s.whatsapp.net|('know', 'h1ow')|1
46708275344@s.whatsapp.net|('h1ow', 'he')|1
46708275344@s.whatsapp.net|('he', 'feels')|1
46708275344@s.whatsapp.net|('feels', '...')|1
46708275344@s.whatsapp.net|('nan', 'This')|5
46708275344@s.whatsapp.net|('place', 'was')|1
46708275344@s.whatsapp.net|('was', 'very')|1
46708275344@s.whatsapp.net|('very', 'isolated')|1
46708275344@s.whatsapp.net|('isolated', 'I')|1
46708275344@s.whatsapp.net|('give', 'you')|1
46708275344@s.whatsapp.net|('you', '20k')|1
46708275344@s.whatsapp.net|('20k', 'Twilight')|1
46708275344@s.whatsapp.net|('Twilight', 'This')|1
46708275344@s.whatsapp.net|('This', 'feels')|1
46708275344@s.whatsapp.net|('feels', 'like')|1
46708275344@s.whatsapp.net|('a', 'trap')|1
46708275344@s.whatsapp.net|('trap', '?')|1
46708275344@s.whatsapp.net|('?', 'You')|2
46708275344@s.whatsapp.net|('You', 'guys')|1
46708275344@s.whatsapp.net|('guys', 'hungry')|1
46708275344@s.whatsapp.net|('hungry', '?')|1
46708275344@s.whatsapp.net|('?', 'R')|1
46708275344@s.whatsapp.net|('R', 'u')|1
46708275344@s.whatsapp.net|('u', 'a')|1
46708275344@s.whatsapp.net|('a', 'big')|2
46708275344@s.whatsapp.net|('big', 'Prince')|1
46708275344@s.whatsapp.net|('Prince', 'fan')|1
46708275344@s.whatsapp.net|('fan', 'or')|1
46708275344@s.whatsapp.net|('or', 'just')|1
46708275344@s.whatsapp.net|('just', 'an')|1
46708275344@s.whatsapp.net|('an', 'artist')|1
46708275344@s.whatsapp.net|('artist', 'formerly')|1
46708275344@s.whatsapp.net|('formerly', 'known')|1
46708275344@s.whatsapp.net|('known', 'as')|1
46708275344@s.whatsapp.net|('as', 'a')|1
46708275344@s.whatsapp.net|('a', 'fan')|1
46708275344@s.whatsapp.net|('fan', '?')|1
46708275344@s.whatsapp.net|('We', 'had')|1
46708275344@s.whatsapp.net|('had', 'a')|1
46708275344@s.whatsapp.net|('a', 'good')|3
46708275344@s.whatsapp.net|('good', 'week')|1
46708275344@s.whatsapp.net|('week', 'team')|1
46708275344@s.whatsapp.net|('team', '🙌')|1
46708275344@s.whatsapp.net|('🙌', 'nan')|1
46708275344@s.whatsapp.net|('nan', 'Now')|1
46708275344@s.whatsapp.net|('Now', 'we')|1
46708275344@s.whatsapp.net|('we', 'need')|1
46708275344@s.whatsapp.net|('shift', 'this')|1
46708275344@s.whatsapp.net|('this', 'lot')|1
46708275344@s.whatsapp.net|('lot', 'through')|1
46708275344@s.whatsapp.net|('through', 'the')|1
46708275344@s.whatsapp.net|('the', 'cafe')|1
46708275344@s.whatsapp.net|('cafe', '...')|1
46708275344@s.whatsapp.net|('...', '👌OK')|1
46708275344@s.whatsapp.net|('👌OK', 'my')|1
46708275344@s.whatsapp.net|('my', 'friend')|1
46708275344@s.whatsapp.net|('friend', '.')|1
46708275344@s.whatsapp.net|('We', 'visit')|1
46708275344@s.whatsapp.net|('visit', 'tomorrow')|1
46708275344@s.whatsapp.net|('tomorrow', 'Yes')|1
46708275344@s.whatsapp.net|('Yes', 'great')|1
46708275344@s.whatsapp.net|('great', 'idea')|1
46708275344@s.whatsapp.net|('idea', 'Goose')|1
46708275344@s.whatsapp.net|('Goose', '.')|2
46708275344@s.whatsapp.net|('We', 'worked')|1
46708275344@s.whatsapp.net|('worked', 'hard')|1
46708275344@s.whatsapp.net|('hard', ',')|1
46708275344@s.whatsapp.net|(',', 'made')|1
46708275344@s.whatsapp.net|('made', 'a')|1
46708275344@s.whatsapp.net|('big', 'score')|1
46708275344@s.whatsapp.net|('score', 'with')|1
46708275344@s.whatsapp.net|('with', 'the')|3
46708275344@s.whatsapp.net|('the', 'diamonds')|1
46708275344@s.whatsapp.net|('diamonds', 'and')|1
46708275344@s.whatsapp.net|('and', 'we')|1
46708275344@s.whatsapp.net|('we', 'deserve')|1
46708275344@s.whatsapp.net|('deserve', 'a')|1
46708275344@s.whatsapp.net|('a', 'night')|1
46708275344@s.whatsapp.net|('night', 'off')|1
46708275344@s.whatsapp.net|('off', 'for')|1
46708275344@s.whatsapp.net|('for', 'once')|1
46708275344@s.whatsapp.net|('once', '.')|1
46708275344@s.whatsapp.net|("'s", 'all')|1
46708275344@s.whatsapp.net|('all', 'enjoy')|1
46708275344@s.whatsapp.net|('enjoy', 'the')|1
46708275344@s.whatsapp.net|('the', 'silly')|1
46708275344@s.whatsapp.net|('silly', 'cult')|1
46708275344@s.whatsapp.net|('cult', 'Swedish')|1
46708275344@s.whatsapp.net|('Swedish', 'music')|1
46708275344@s.whatsapp.net|('music', 'show')|1
46708275344@s.whatsapp.net|('show', '!')|1
46708275344@s.whatsapp.net|('!', 'nan')|3
46708275344@s.whatsapp.net|('nan', 'Scored')|1
46708275344@s.whatsapp.net|('Scored', '!')|1
46708275344@s.whatsapp.net|('nan', 'Another')|1
46708275344@s.whatsapp.net|('Another', 'jackpot')|1
46708275344@s.whatsapp.net|('jackpot', 'house')|1
46708275344@s.whatsapp.net|('house', 'today')|1
46708275344@s.whatsapp.net|('today', '.')|2
46708275344@s.whatsapp.net|('.', 'It')|2
46708275344@s.whatsapp.net|('It', "'s")|3
46708275344@s.whatsapp.net|("'s", 'too')|1
46708275344@s.whatsapp.net|('too', 'easy')|1
46708275344@s.whatsapp.net|('easy', '....')|1
46708275344@s.whatsapp.net|('....', 'Damn')|1
46708275344@s.whatsapp.net|('Damn', 'that')|1
46708275344@s.whatsapp.net|('that', 'place')|1
46708275344@s.whatsapp.net|('place', 'is')|3
46708275344@s.whatsapp.net|('is', 'super')|1
46708275344@s.whatsapp.net|('super', 'secure')|1
46708275344@s.whatsapp.net|('secure', '.')|1
46708275344@s.whatsapp.net|('.', 'How')|1
46708275344@s.whatsapp.net|('How', 'did')|1
46708275344@s.whatsapp.net|('did', 'you')|1
46708275344@s.whatsapp.net|('you', 'get')|1
46708275344@s.whatsapp.net|('get', 'in')|1
46708275344@s.whatsapp.net|('in', '?')|1
46708275344@s.whatsapp.net|('nan', 'Get')|1
46708275344@s.whatsapp.net|('Get', 'anything')|1
46708275344@s.whatsapp.net|('anything', 'this')|1
46708275344@s.whatsapp.net|('this', 'good')|1
46708275344@s.whatsapp.net|('good', '?')|1
46708275344@s.whatsapp.net|('?', '😅')|1
46708275344@s.whatsapp.net|('😅', 'Binary')|1
46708275344@s.whatsapp.net|('Binary', 'license')|1
46708275344@s.whatsapp.net|('license', 'plate')|1
46708275344@s.whatsapp.net|('plate', '?')|1
46708275344@s.whatsapp.net|('nan', '😅')|1
46708275344@s.whatsapp.net|('😅', 'nan')|1
46708275344@s.whatsapp.net|('This', 'is')|3
46708275344@s.whatsapp.net|('is', 'how')|1
46708275344@s.whatsapp.net|('how', 'we')|1
46708275344@s.whatsapp.net|('we', 'roll')|1
46708275344@s.whatsapp.net|('roll', 'baby')|1
46708275344@s.whatsapp.net|('baby', '😎')|1
46708275344@s.whatsapp.net|('😎', 'nan')|1
46708275344@s.whatsapp.net|('nan', 'Hey')|2
46708275344@s.whatsapp.net|('Hey', 'dudes')|1
46708275344@s.whatsapp.net|('dudes', '.')|1
46708275344@s.whatsapp.net|('.', 'This')|2
46708275344@s.whatsapp.net|('This', 'sucks')|1
46708275344@s.whatsapp.net|('sucks', '.')|1
46708275344@s.whatsapp.net|('.', 'Big')|1
46708275344@s.whatsapp.net|('Big', 'boss')|1
46708275344@s.whatsapp.net|('boss', 'is')|1
46708275344@s.whatsapp.net|('is', 'giving')|1
46708275344@s.whatsapp.net|('giving', 'us')|1
46708275344@s.whatsapp.net|('us', 'less')|1
46708275344@s.whatsapp.net|('less', 'and')|1
46708275344@s.whatsapp.net|('and', 'less')|1
46708275344@s.whatsapp.net|('less', 'for')|1
46708275344@s.whatsapp.net|('for', 'each')|1
46708275344@s.whatsapp.net|('each', 'score')|1
46708275344@s.whatsapp.net|('score', '.')|1
46708275344@s.whatsapp.net|('.', 'Told')|1
46708275344@s.whatsapp.net|('Told', 'me')|1
46708275344@s.whatsapp.net|('me', 'price')|1
46708275344@s.whatsapp.net|('price', 'of')|2
46708275344@s.whatsapp.net|('of', 'gold')|2
46708275344@s.whatsapp.net|('gold', 'is')|1
46708275344@s.whatsapp.net|('is', 'going')|1
46708275344@s.whatsapp.net|('going', 'down')|1
46708275344@s.whatsapp.net|('down', '....')|1
46708275344@s.whatsapp.net|('nan', 'Seriously')|1
46708275344@s.whatsapp.net|('Seriously', 'what')|1
46708275344@s.whatsapp.net|('what', 'the')|1
46708275344@s.whatsapp.net|('the', 'f')|1
46708275344@s.whatsapp.net|('f', '....')|1
46708275344@s.whatsapp.net|('....', 'They')|1
46708275344@s.whatsapp.net|('They', 'print')|1
46708275344@s.whatsapp.net|('print', '$')|1
46708275344@s.whatsapp.net|('$', '1.9Trillion')|1
46708275344@s.whatsapp.net|('1.9Trillion', 'US')|1
46708275344@s.whatsapp.net|('US', 'Dollars')|1
46708275344@s.whatsapp.net|('Dollars', 'and')|1
46708275344@s.whatsapp.net|('and', 'the')|2
46708275344@s.whatsapp.net|('the', 'price')|1
46708275344@s.whatsapp.net|('gold', 'goes')|1
46708275344@s.whatsapp.net|('goes', 'down')|1
46708275344@s.whatsapp.net|('down', '?')|1
46708275344@s.whatsapp.net|('?', 'We')|1
46708275344@s.whatsapp.net|('We', 'may')|2
46708275344@s.whatsapp.net|('may', 'have')|2
46708275344@s.whatsapp.net|('have', 'to')|1
46708275344@s.whatsapp.net|('to', 'switch')|1
46708275344@s.whatsapp.net|('switch', 'jobs')|1
46708275344@s.whatsapp.net|('jobs', '...')|1
46708275344@s.whatsapp.net|('...', 'We')|1
46708275344@s.whatsapp.net|('We', 'steal')|1
46708275344@s.whatsapp.net|('steal', 'more')|1
46708275344@s.whatsapp.net|('more', 'of')|1
46708275344@s.whatsapp.net|('of', 'course')|1
46708275344@s.whatsapp.net|('course', '!')|1
46708275344@s.whatsapp.net|('!', 'Have')|1
46708275344@s.whatsapp.net|('Have', 'to')|1
46708275344@s.whatsapp.net|('to', 'keep')|1
46708275344@s.whatsapp.net|('keep', 'up')|1
46708275344@s.whatsapp.net|('up', 'with')|1
46708275344@s.whatsapp.net|('with', 'inflation')|1
46708275344@s.whatsapp.net|('inflation', 'by')|1
46708275344@s.whatsapp.net|('by', 'working')|1
46708275344@s.whatsapp.net|('working', 'ever')|1
46708275344@s.whatsapp.net|('ever', 'harder')|1
46708275344@s.whatsapp.net|('harder', '...')|1
46708275344@s.whatsapp.net|('nan', 'Mooo')|1
46708275344@s.whatsapp.net|('Mooo', 'nan')|1
46708275344@s.whatsapp.net|('is', 'a')|1
46708275344@s.whatsapp.net|('a', 'nice')|2
46708275344@s.whatsapp.net|('nice', 'piece')|1
46708275344@s.whatsapp.net|('piece', 'I')|1
46708275344@s.whatsapp.net|('I', 'got')|1
46708275344@s.whatsapp.net|('got', '.')|1
46708275344@s.whatsapp.net|('.', 'What')|2
46708275344@s.whatsapp.net|('guys', 'think')|1
46708275344@s.whatsapp.net|('?', 'Nice')|1
46708275344@s.whatsapp.net|('Nice', ',')|1
46708275344@s.whatsapp.net|(',', 'we')|1
46708275344@s.whatsapp.net|('we', 'can')|3
46708275344@s.whatsapp.net|('can', 'sell')|1
46708275344@s.whatsapp.net|('sell', 'that')|1
46708275344@s.whatsapp.net|('that', '.')|1
46708275344@s.whatsapp.net|('.', 'Good')|3
46708275344@s.whatsapp.net|('Good', '💪')|1
46708275344@s.whatsapp.net|('💪', 'nan')|2
46708275344@s.whatsapp.net|('We', 'did')|1
46708275344@s.whatsapp.net|('did', 'well')|1
46708275344@s.whatsapp.net|('well', 'today')|1
46708275344@s.whatsapp.net|('today', 'between')|1
46708275344@s.whatsapp.net|('between', 'Goose')|1
46708275344@s.whatsapp.net|('Goose', '&')|1
46708275344@s.whatsapp.net|('&', 'Me')|1
46708275344@s.whatsapp.net|('Me', '👍')|1
46708275344@s.whatsapp.net|('👍', 'nan')|1
46708275344@s.whatsapp.net|('nan', 'Ok')|1
46708275344@s.whatsapp.net|('Ok', 'you')|1
46708275344@s.whatsapp.net|('you', 'lot')|1
46708275344@s.whatsapp.net|('lot', '.')|1
46708275344@s.whatsapp.net|('I', "'m")|2
46708275344@s.whatsapp.net|("'m", 'heading')|1
46708275344@s.whatsapp.net|('heading', 'into')|1
46708275344@s.whatsapp.net|('into', 'the')|1
46708275344@s.whatsapp.net|('the', 'city')|1
46708275344@s.whatsapp.net|('city', 'on')|1
46708275344@s.whatsapp.net|('on', 'business')|1
46708275344@s.whatsapp.net|('business', '.')|1
46708275344@s.whatsapp.net|('.', 'Whose')|1
46708275344@s.whatsapp.net|('Whose', 'coming')|1
46708275344@s.whatsapp.net|('coming', '?')|1
46708275344@s.whatsapp.net|('nan', 'Muppet')|1
46708275344@s.whatsapp.net|('Muppet', 'Need')|1
46708275344@s.whatsapp.net|('Need', 'protection')|1
46708275344@s.whatsapp.net|('protection', 'We')|1
46708275344@s.whatsapp.net|('We', 'all')|1
46708275344@s.whatsapp.net|('all', 'need')|1
46708275344@s.whatsapp.net|('need', 'protection')|1
46708275344@s.whatsapp.net|('protection', '🙏')|1
46708275344@s.whatsapp.net|('🙏', 'In')|1
46708275344@s.whatsapp.net|('In', 'this')|1
46708275344@s.whatsapp.net|('this', 'line')|1
46708275344@s.whatsapp.net|('line', 'of')|1
46708275344@s.whatsapp.net|('of', 'work')|1
46708275344@s.whatsapp.net|('work', ',')|1
46708275344@s.whatsapp.net|(',', 'it')|1
46708275344@s.whatsapp.net|('it', 'gets')|2
46708275344@s.whatsapp.net|('gets', 'dangerous')|1
46708275344@s.whatsapp.net|('dangerous', 'if')|1
46708275344@s.whatsapp.net|('if', 'you')|1
46708275344@s.whatsapp.net|('you', 'upset')|1
46708275344@s.whatsapp.net|('upset', 'the')|1
46708275344@s.whatsapp.net|('the', 'wrong')|1
46708275344@s.whatsapp.net|('wrong', 'people')|1
46708275344@s.whatsapp.net|('people', '...')|1
46708275344@s.whatsapp.net|('...', 'Today')|1
46708275344@s.whatsapp.net|('Today', 'we')|1
46708275344@s.whatsapp.net|('can', 'try')|1
46708275344@s.whatsapp.net|('try', 'to')|1
46708275344@s.whatsapp.net|('sell', 'these')|1
46708275344@s.whatsapp.net|('these', '...')|1
46708275344@s.whatsapp.net|('nan', 'See')|1
46708275344@s.whatsapp.net|('See', 'you')|1
46708275344@s.whatsapp.net|('you', 'soon')|1
46708275344@s.whatsapp.net|('soon', '😊')|1
46708275344@s.whatsapp.net|('😊', 'It')|1
46708275344@s.whatsapp.net|("'s", 'pay')|1
46708275344@s.whatsapp.net|('pay', 'day')|1
46708275344@s.whatsapp.net|('day', 'team')|1
46708275344@s.whatsapp.net|('team', '$')|1
46708275344@s.whatsapp.net|('$', '$')|4
46708275344@s.whatsapp.net|('$', 'This')|1
46708275344@s.whatsapp.net|('This', 'little')|1
46708275344@s.whatsapp.net|('little', 'bag')|1
46708275344@s.whatsapp.net|('bag', 'of')|1
46708275344@s.whatsapp.net|('of', 'white')|1
46708275344@s.whatsapp.net|('white', 'powder')|1
46708275344@s.whatsapp.net|('powder', 'could')|1
46708275344@s.whatsapp.net|('could', 'be')|1
46708275344@s.whatsapp.net|('be', 'worth')|1
46708275344@s.whatsapp.net|('worth', '100,000kr')|1
46708275344@s.whatsapp.net|('100,000kr', 'if')|1
46708275344@s.whatsapp.net|('we', 'deal')|1
46708275344@s.whatsapp.net|('deal', 'with')|1
46708275344@s.whatsapp.net|('with', 'it')|1
46708275344@s.whatsapp.net|('it', 'correctly')|1
46708275344@s.whatsapp.net|('correctly', '🤔')|1
46708275344@s.whatsapp.net|('🤔', 'Brought')|1
46708275344@s.whatsapp.net|('Brought', 'it')|1
46708275344@s.whatsapp.net|('it', 'from')|1
46708275344@s.whatsapp.net|('from', 'a')|1
46708275344@s.whatsapp.net|('a', 'man')|3
46708275344@s.whatsapp.net|('man', 'at')|1
46708275344@s.whatsapp.net|('at', 'the')|1
46708275344@s.whatsapp.net|('the', 'local')|1
46708275344@s.whatsapp.net|('local', 'shops')|1
46708275344@s.whatsapp.net|('shops', '...')|1
46708275344@s.whatsapp.net|('...', 'he')|1
46708275344@s.whatsapp.net|('he', "'s")|1
46708275344@s.whatsapp.net|("'s", 'a')|2
46708275344@s.whatsapp.net|('a', 'bad')|2
46708275344@s.whatsapp.net|('bad', 'boy')|1
46708275344@s.whatsapp.net|('boy', 'Me')|1
46708275344@s.whatsapp.net|('Me', 'running')|1
46708275344@s.whatsapp.net|('running', 'away')|1
46708275344@s.whatsapp.net|('away', 'or')|1
46708275344@s.whatsapp.net|('or', 'a')|1
46708275344@s.whatsapp.net|('a', 'black')|1
46708275344@s.whatsapp.net|('black', 'dog')|1
46708275344@s.whatsapp.net|('dog', 'running')|1
46708275344@s.whatsapp.net|('running', 'towards')|1
46708275344@s.whatsapp.net|('towards', 'you')|1
46708275344@s.whatsapp.net|('you', '?')|1
46708275344@s.whatsapp.net|('I', 'hate')|1
46708275344@s.whatsapp.net|('hate', 'this')|1
46708275344@s.whatsapp.net|('this', 'kid')|1
46708275344@s.whatsapp.net|('kid', '...')|1
46708275344@s.whatsapp.net|('...', '🤣')|1
46708275344@s.whatsapp.net|('🤣', 'nan')|3
46708275344@s.whatsapp.net|('nan', 'Zoom')|1
46708275344@s.whatsapp.net|('Zoom', 'zoom')|1
46708275344@s.whatsapp.net|('zoom', 'zooom')|1
46708275344@s.whatsapp.net|('zooom', 'nan')|1
46708275344@s.whatsapp.net|('nan', 'Yes')|1
46708275344@s.whatsapp.net|('Yes', 'let')|1
46708275344@s.whatsapp.net|("'s", 'give')|1
46708275344@s.whatsapp.net|('give', 'it')|1
46708275344@s.whatsapp.net|('it', 'a')|1
46708275344@s.whatsapp.net|('a', 'once')|1
46708275344@s.whatsapp.net|('once', 'over')|1
46708275344@s.whatsapp.net|('over', 'tonight')|1
46708275344@s.whatsapp.net|('tonight', 'when')|1
46708275344@s.whatsapp.net|('when', 'it')|1
46708275344@s.whatsapp.net|('gets', 'dark')|1
46708275344@s.whatsapp.net|('dark', '.')|1
46708275344@s.whatsapp.net|('.', 'nan')|3
46708275344@s.whatsapp.net|('one', 'looks')|1
46708275344@s.whatsapp.net|('looks', 'like')|1
46708275344@s.whatsapp.net|('a', 'great')|1
46708275344@s.whatsapp.net|('great', 'target')|1
46708275344@s.whatsapp.net|('.', 'Close')|1
46708275344@s.whatsapp.net|('Close', 'to')|1
46708275344@s.whatsapp.net|('to', 'the')|1
46708275344@s.whatsapp.net|('the', 'woods')|2
46708275344@s.whatsapp.net|('woods', 'for')|2
46708275344@s.whatsapp.net|('for', 'an')|2
46708275344@s.whatsapp.net|('an', 'easy')|3
46708275344@s.whatsapp.net|('easy', 'getaway')|1
46708275344@s.whatsapp.net|('getaway', 'in')|1
46708275344@s.whatsapp.net|('in', 'multiple')|1
46708275344@s.whatsapp.net|('multiple', 'directions')|1
46708275344@s.whatsapp.net|('directions', '😌👌')|1
46708275344@s.whatsapp.net|('😌👌', 'OK')|1
46708275344@s.whatsapp.net|('OK', 'we')|1
46708275344@s.whatsapp.net|('we', 'will')|1
46708275344@s.whatsapp.net|('will', 'hit')|1
46708275344@s.whatsapp.net|('hit', 'this')|1
46708275344@s.whatsapp.net|('one', 'again')|1
46708275344@s.whatsapp.net|('again', 'tonight')|1
46708275344@s.whatsapp.net|('tonight', '.')|2
46708275344@s.whatsapp.net|('It', 'was')|1
46708275344@s.whatsapp.net|('was', 'an')|1
46708275344@s.whatsapp.net|('easy', 'target')|1
46708275344@s.whatsapp.net|('target', 'last')|1
46708275344@s.whatsapp.net|('last', 'time')|1
46708275344@s.whatsapp.net|('time', 'and')|1
46708275344@s.whatsapp.net|('the', 'gap')|1
46708275344@s.whatsapp.net|('gap', 'is')|1
46708275344@s.whatsapp.net|('is', 'large')|1
46708275344@s.whatsapp.net|('large', 'enough')|1
46708275344@s.whatsapp.net|('enough', 'for')|1
46708275344@s.whatsapp.net|('for', 'the')|2
46708275344@s.whatsapp.net|('the', 'insurance')|1
46708275344@s.whatsapp.net|('insurance', 'payout')|1
46708275344@s.whatsapp.net|('payout', 'to')|1
46708275344@s.whatsapp.net|('to', 'replace')|1
46708275344@s.whatsapp.net|('replace', 'the')|1
46708275344@s.whatsapp.net|('the', 'stuff')|1
46708275344@s.whatsapp.net|('stuff', 'we')|1
46708275344@s.whatsapp.net|('we', 'stole')|1
46708275344@s.whatsapp.net|('stole', 'first')|1
46708275344@s.whatsapp.net|('first', 'time')|1
46708275344@s.whatsapp.net|('time', 'around')|1
46708275344@s.whatsapp.net|('around', '....')|1
46708275344@s.whatsapp.net|('....', 'Hurry')|1
46708275344@s.whatsapp.net|('Hurry', 'up')|1
46708275344@s.whatsapp.net|('up', 'slow')|1
46708275344@s.whatsapp.net|('slow', 'coach')|1
46708275344@s.whatsapp.net|('coach', '...')|1
46708275344@s.whatsapp.net|('...', 'It')|1
46708275344@s.whatsapp.net|('a', 'win')|1
46708275344@s.whatsapp.net|('win', 'tonight')|1
46708275344@s.whatsapp.net|('tonight', '🙌')|1
46708275344@s.whatsapp.net|('🙌', 'Last')|1
46708275344@s.whatsapp.net|('night', 'was')|1
46708275344@s.whatsapp.net|('was', 'a')|1
46708275344@s.whatsapp.net|('good', 'hit')|1
46708275344@s.whatsapp.net|('hit', 'nan')|1
46708275344@s.whatsapp.net|('nan', 'I')|1
46708275344@s.whatsapp.net|('I', 'would')|1
46708275344@s.whatsapp.net|('would', 'say')|1
46708275344@s.whatsapp.net|('say', 'about')|1
46708275344@s.whatsapp.net|('about', '4000kr')|1
46708275344@s.whatsapp.net|('4000kr', 'each')|1
46708275344@s.whatsapp.net|('each', '.')|1
46708275344@s.whatsapp.net|('Good', 'split')|1
46708275344@s.whatsapp.net|('split', '.')|1
46708275344@s.whatsapp.net|('.', 'Do')|3
46708275344@s.whatsapp.net|('Do', 'the')|1
46708275344@s.whatsapp.net|('the', 'exchange')|1
46708275344@s.whatsapp.net|('exchange', 'tonight')|1
46708275344@s.whatsapp.net|('tonight', '🤔')|1
46708275344@s.whatsapp.net|('🤔', '😁🤪😛')|1
46708275344@s.whatsapp.net|('😁🤪😛', 'I')|1
46708275344@s.whatsapp.net|('am', 'off')|1
46708275344@s.whatsapp.net|('off', 'out')|1
46708275344@s.whatsapp.net|('out', 'to')|1
46708275344@s.whatsapp.net|('to', 'see')|1
46708275344@s.whatsapp.net|('see', 'a')|1
46708275344@s.whatsapp.net|('man', 'about')|1
46708275344@s.whatsapp.net|('about', 'a')|1
46708275344@s.whatsapp.net|('a', 'dog')|1
46708275344@s.whatsapp.net|('dog', '....')|1
46708275344@s.whatsapp.net|('....', 'Which')|1
46708275344@s.whatsapp.net|('Which', 'is')|1
46708275344@s.whatsapp.net|('is', 'code')|1
46708275344@s.whatsapp.net|('code', 'for')|1
46708275344@s.whatsapp.net|('for', 'sell')|1
46708275344@s.whatsapp.net|('sell', 'some')|1
46708275344@s.whatsapp.net|('some', 'drugs')|1
46708275344@s.whatsapp.net|('drugs', '🤔')|1
46708275344@s.whatsapp.net|('🤔', 'Goose')|1
46708275344@s.whatsapp.net|('Goose', 'hard')|1
46708275344@s.whatsapp.net|('hard', 'at')|1
46708275344@s.whatsapp.net|('at', 'work')|1
46708275344@s.whatsapp.net|('work', 'tonight')|1
46708275344@s.whatsapp.net|('.', 'Anyone')|1
46708275344@s.whatsapp.net|('Anyone', 'seen')|1
46708275344@s.whatsapp.net|('seen', 'him')|1
46708275344@s.whatsapp.net|('him', '?')|1
46708275344@s.whatsapp.net|('?', 'Damn')|1
46708275344@s.whatsapp.net|('Damn', '!')|1
46708275344@s.whatsapp.net|('!', 'I')|1
46708275344@s.whatsapp.net|('I', 'need')|1
46708275344@s.whatsapp.net|('need', 'a')|1
46708275344@s.whatsapp.net|('a', 'truck')|1
46708275344@s.whatsapp.net|('truck', 'this')|1
46708275344@s.whatsapp.net|('this', 'bag')|1
46708275344@s.whatsapp.net|('bag', 'to')|1
46708275344@s.whatsapp.net|('to', 'carry')|1
46708275344@s.whatsapp.net|('carry', 'all')|1
46708275344@s.whatsapp.net|('all', 'the')|1
46708275344@s.whatsapp.net|('money', 'we')|2
46708275344@s.whatsapp.net|('we', 'just')|1
46708275344@s.whatsapp.net|('just', 'made')|1
46708275344@s.whatsapp.net|('made', '!')|1
46708275344@s.whatsapp.net|('nan', 'You')|1
46708275344@s.whatsapp.net|('You', 'do')|1
46708275344@s.whatsapp.net|('get', 'an')|1
46708275344@s.whatsapp.net|('an', 'equal')|1
46708275344@s.whatsapp.net|('equal', 'split')|1
46708275344@s.whatsapp.net|('split', 'Goose')|1
46708275344@s.whatsapp.net|('Goose', '!')|1
46708275344@s.whatsapp.net|('!', 'Nope')|1
46708275344@s.whatsapp.net|('Nope', '.')|1
46708275344@s.whatsapp.net|('.', 'U')|1
46708275344@s.whatsapp.net|('U', 'were')|1
46708275344@s.whatsapp.net|('were', 'not')|1
46708275344@s.whatsapp.net|('not', 'there')|1
46708275344@s.whatsapp.net|('there', 'for')|1
46708275344@s.whatsapp.net|('for', 'me')|2
46708275344@s.whatsapp.net|('me', 'when')|1
46708275344@s.whatsapp.net|('when', 'the')|1
46708275344@s.whatsapp.net|('the', 'deal')|1
46708275344@s.whatsapp.net|('deal', 'went')|1
46708275344@s.whatsapp.net|('went', 'down')|1
46708275344@s.whatsapp.net|('down', '.')|1
46708275344@s.whatsapp.net|('I', 'had')|1
46708275344@s.whatsapp.net|('had', 'to')|1
46708275344@s.whatsapp.net|('to', 'ask')|1
46708275344@s.whatsapp.net|('ask', 'Gold')|1
46708275344@s.whatsapp.net|('Gold', 'Finger')|1
46708275344@s.whatsapp.net|('Finger', 'to')|1
46708275344@s.whatsapp.net|('to', 'cover')|1
46708275344@s.whatsapp.net|('cover', 'for')|1
46708275344@s.whatsapp.net|('me', 'Time')|1
46708275344@s.whatsapp.net|('Time', 'to')|2
46708275344@s.whatsapp.net|('to', 'celebrate')|2
46708275344@s.whatsapp.net|('celebrate', 'gang')|1
46708275344@s.whatsapp.net|('gang', ',')|1
46708275344@s.whatsapp.net|(',', '.')|1
46708275344@s.whatsapp.net|('.', 'MR')|1
46708275344@s.whatsapp.net|('MR', 'BIG')|1
46708275344@s.whatsapp.net|('BIG', 'is')|1
46708275344@s.whatsapp.net|('is', 'paid')|1
46708275344@s.whatsapp.net|('paid', 'off')|1
46708275344@s.whatsapp.net|('off', 'finally')|1
46708275344@s.whatsapp.net|('finally', '🙌')|1
46708275344@s.whatsapp.net|('🙌', 'Hey')|1
46708275344@s.whatsapp.net|('Hey', 'everyone')|1
46708275344@s.whatsapp.net|('everyone', 'it')|1
46708275344@s.whatsapp.net|('it', "'s")|1
46708275344@s.whatsapp.net|("'s", 'party')|1
46708275344@s.whatsapp.net|('party', 'time')|1
46708275344@s.whatsapp.net|('time', 'tonight')|1
46708275344@s.whatsapp.net|('tonight', 'to')|1
46708275344@s.whatsapp.net|('celebrate', '🍾')|1
46708275344@s.whatsapp.net|('🍾', 'our')|1
46708275344@s.whatsapp.net|('our', 'new')|1
46708275344@s.whatsapp.net|('new', 'freedom')|1
46708275344@s.whatsapp.net|('freedom', '.')|1
46708275344@s.whatsapp.net|("'s", 'get')|1
46708275344@s.whatsapp.net|('get', 'wrecked')|1
46708275344@s.whatsapp.net|('wrecked', '🙂')|1
46708275344@s.whatsapp.net|('nan', '🤣')|2
46708275344@s.whatsapp.net|('🤣', 'This')|1
46708275344@s.whatsapp.net|('is', 'always')|1
46708275344@s.whatsapp.net|('always', 'empty')|1
46708275344@s.whatsapp.net|('empty', 'Cool')|1
46708275344@s.whatsapp.net|('Cool', 'Might')|1
46708275344@s.whatsapp.net|('Might', 'be')|1
46708275344@s.whatsapp.net|('be', 'being')|1
46708275344@s.whatsapp.net|('being', 'followed')|1
46708275344@s.whatsapp.net|('followed', '?')|1
46708275344@s.whatsapp.net|('?', 'Loving')|1
46708275344@s.whatsapp.net|('Loving', '❤')|1
46708275344@s.whatsapp.net|('❤', 'the')|1
46708275344@s.whatsapp.net|('big', 'red')|1
46708275344@s.whatsapp.net|('red', 'engine')|1
46708275344@s.whatsapp.net|('engine', 'nan')|1
46708275344@s.whatsapp.net|('nan', 'Good')|1
46708275344@s.whatsapp.net|('Good', 'work')|1
46708275344@s.whatsapp.net|('work', 'Goldy')|1
46708275344@s.whatsapp.net|('Goldy', 'Damn')|1
46708275344@s.whatsapp.net|('Damn', '.')|1
46708275344@s.whatsapp.net|('.', 'You')|1
46708275344@s.whatsapp.net|('are', 'on')|1
46708275344@s.whatsapp.net|('on', 'form')|1
46708275344@s.whatsapp.net|('form', 'today')|1
46708275344@s.whatsapp.net|('today', 'girlfriend')|1
46708275344@s.whatsapp.net|('girlfriend', 'Oh')|1
46708275344@s.whatsapp.net|('Oh', 'yes')|1
46708275344@s.whatsapp.net|('yes', '....')|1
46708275344@s.whatsapp.net|('....', 'we')|1
46708275344@s.whatsapp.net|('we', 'hit')|1
46708275344@s.whatsapp.net|('hit', 'the')|1
46708275344@s.whatsapp.net|('the', 'jackpot')|1
46708275344@s.whatsapp.net|('jackpot', 'tonight')|1
46708275344@s.whatsapp.net|('team', '🤪')|1
46708275344@s.whatsapp.net|('🤪', 'nan')|1
46708275344@s.whatsapp.net|('nan', 'They')|1
46708275344@s.whatsapp.net|('They', 'had')|1
46708275344@s.whatsapp.net|('had', 'gold')|1
46708275344@s.whatsapp.net|('gold', 'blocks')|1
46708275344@s.whatsapp.net|('blocks', 'in')|1
46708275344@s.whatsapp.net|('the', 'house')|1
46708275344@s.whatsapp.net|('house', '!')|1
46708275344@s.whatsapp.net|('!', 'Unreal')|1
46708275344@s.whatsapp.net|('Unreal', '....')|1
46708275344@s.whatsapp.net|('....', 'Time')|1
46708275344@s.whatsapp.net|('to', 'party')|1
46708275344@s.whatsapp.net|('party', '...')|1
46708275344@s.whatsapp.net|('nan', 'Who')|1
46708275344@s.whatsapp.net|('Who', 'wants')|1
46708275344@s.whatsapp.net|('wants', 'some')|1
46708275344@s.whatsapp.net|('some', 'chocolate')|1
46708275344@s.whatsapp.net|('chocolate', '🍫')|1
46708275344@s.whatsapp.net|('🍫', '?')|1
46708275344@s.whatsapp.net|('nan', 'When')|1
46708275344@s.whatsapp.net|('When', 'to')|1
46708275344@s.whatsapp.net|('to', 'tell')|1
46708275344@s.whatsapp.net|('tell', 'that')|1
46708275344@s.whatsapp.net|('that', 'you')|1
46708275344@s.whatsapp.net|('you', 'might')|1
46708275344@s.whatsapp.net|('might', 'have')|1
46708275344@s.whatsapp.net|('have', 'overdone')|1
46708275344@s.whatsapp.net|('overdone', 'the')|1
46708275344@s.whatsapp.net|('the', 'thieving')|1
46708275344@s.whatsapp.net|('thieving', '...')|1
46708275344@s.whatsapp.net|('...', 'Weather')|1
46708275344@s.whatsapp.net|('Weather', 'is')|1
46708275344@s.whatsapp.net|('is', 'shitty')|1
46708275344@s.whatsapp.net|('shitty', 'today')|1
46708275344@s.whatsapp.net|('.', 'Staying')|1
46708275344@s.whatsapp.net|('Staying', 'in')|1
46708275344@s.whatsapp.net|('in', 'and')|1
46708275344@s.whatsapp.net|('and', 'watching')|1
46708275344@s.whatsapp.net|('watching', 'a')|1
46708275344@s.whatsapp.net|('a', 'movie')|1
46708275344@s.whatsapp.net|('movie', 'instead')|1
46708275344@s.whatsapp.net|('instead', 'fir')|1
46708275344@s.whatsapp.net|('fir', 'a')|1
46708275344@s.whatsapp.net|('a', 'change')|1
46708275344@s.whatsapp.net|('change', '...')|1
46708275344@s.whatsapp.net|('...', 'Awesome')|2
46708275344@s.whatsapp.net|('Awesome', 'work')|2
46708275344@s.whatsapp.net|('work', 'thanks')|1
46708275344@s.whatsapp.net|('thanks', 'Twilight')|1
46708275344@s.whatsapp.net|('Twilight', '.')|1
46708275344@s.whatsapp.net|('.', 'Tell')|1
46708275344@s.whatsapp.net|('Tell', 'them')|1
46708275344@s.whatsapp.net|('them', 'we')|1
46708275344@s.whatsapp.net|('can', 'steal')|1
46708275344@s.whatsapp.net|('steal', 'to')|1
46708275344@s.whatsapp.net|('to', 'order')|1
46708275344@s.whatsapp.net|('order', 'if')|1
46708275344@s.whatsapp.net|('they', 'need')|1
46708275344@s.whatsapp.net|('need', 'anything')|1
46708275344@s.whatsapp.net|('anything', 'special')|1
46708275344@s.whatsapp.net|('special', '....')|1
46708275344@s.whatsapp.net|('....', '?')|1
46708275344@s.whatsapp.net|('?', 'Decided')|1
46708275344@s.whatsapp.net|('Decided', 'to')|1
46708275344@s.whatsapp.net|('to', 'buy')|1
46708275344@s.whatsapp.net|('buy', 'myself')|1
46708275344@s.whatsapp.net|('myself', 'a')|1
46708275344@s.whatsapp.net|('a', 'new')|2
46708275344@s.whatsapp.net|('new', 'car')|2
46708275344@s.whatsapp.net|('car', 'with')|1
46708275344@s.whatsapp.net|('with', 'all')|1
46708275344@s.whatsapp.net|('all', 'my')|1
46708275344@s.whatsapp.net|('my', 'evil')|1
46708275344@s.whatsapp.net|('evil', 'gains')|1
46708275344@s.whatsapp.net|('gains', '💪')|1
46708275344@s.whatsapp.net|('💪', 'This')|1
46708275344@s.whatsapp.net|('This', 'whole')|1
46708275344@s.whatsapp.net|('whole', 'place')|1
46708275344@s.whatsapp.net|('is', 'upmarket')|1
46708275344@s.whatsapp.net|('upmarket', '.')|1
46708275344@s.whatsapp.net|('.', 'So')|1
46708275344@s.whatsapp.net|('So', 'dear')|1
46708275344@s.whatsapp.net|('dear', '...')|1
46708275344@s.whatsapp.net|('work', 'Twilight')|1
46708275344@s.whatsapp.net|('Twilight', '💪')|1
46708275344@s.whatsapp.net|('is', 'perfect')|1
46708275344@s.whatsapp.net|('perfect', '.')|1
46708275344@s.whatsapp.net|('.', 'Backs.onto')|1
46708275344@s.whatsapp.net|('Backs.onto', 'the')|1
46708275344@s.whatsapp.net|('easy', 'escape')|1
46708275344@s.whatsapp.net|('escape', '..')|1
46708275344@s.whatsapp.net|('..', 'nothing')|1
46708275344@s.whatsapp.net|('nothing', 'overlooked')|1
46708275344@s.whatsapp.net|('overlooked', 'I')|1
46708275344@s.whatsapp.net|("'m", 'the')|1
46708275344@s.whatsapp.net|('the', 'daddy')|1
46708275344@s.whatsapp.net|('daddy', 'OK')|1
46708275344@s.whatsapp.net|('OK', 'gang')|1
46708275344@s.whatsapp.net|('gang', '.')|1
46708275344@s.whatsapp.net|('.', 'Going')|1
46708275344@s.whatsapp.net|('Going', 'to')|1
46708275344@s.whatsapp.net|('make', 'second')|1
46708275344@s.whatsapp.net|('second', 'drop')|1
46708275344@s.whatsapp.net|('drop', 'with')|1
46708275344@s.whatsapp.net|('with', 'Bad')|1
46708275344@s.whatsapp.net|('Bad', 'Boy')|1
46708275344@s.whatsapp.net|('Boy', 'for')|1
46708275344@s.whatsapp.net|('the', 'coke')|1
46708275344@s.whatsapp.net|('coke', '.')|1
46708275344@s.whatsapp.net|('.', 'Have')|1
46708275344@s.whatsapp.net|('Have', 'my')|1
46708275344@s.whatsapp.net|('my', 'back')|2
46708275344@s.whatsapp.net|('back', 'I')|1
46708275344@s.whatsapp.net|('I', 'will')|1
46708275344@s.whatsapp.net|('will', 'go')|1
46708275344@s.whatsapp.net|('go', 'there')|1
46708275344@s.whatsapp.net|('there', 'with')|1
46708275344@s.whatsapp.net|('the', 'package')|1
46708275344@s.whatsapp.net|('package', '.')|1
46708275344@s.whatsapp.net|('.', 'Goose')|2
46708275344@s.whatsapp.net|('Goose', 'cover')|1
46708275344@s.whatsapp.net|('cover', 'my')|1
46708275344@s.whatsapp.net|('back', 'dude')|1
46708275344@s.whatsapp.net|('dude', '...')|1
46708275344@s.whatsapp.net|('...', 'A')|1
46708275344@s.whatsapp.net|('A', 'little')|1
46708275344@s.whatsapp.net|('little', '.')|1
46708275344@s.whatsapp.net|('Good', 'to')|1
46708275344@s.whatsapp.net|('to', 'check')|1
46708275344@s.whatsapp.net|('check', 'the')|1
46708275344@s.whatsapp.net|('the', 'area')|2
46708275344@s.whatsapp.net|('area', 'beforehand')|1
46708275344@s.whatsapp.net|('beforehand', '.')|1
46708275344@s.whatsapp.net|('.', 'Come')|1
46708275344@s.whatsapp.net|('Come', 'when')|1
46708275344@s.whatsapp.net|('when', 'u')|1
46708275344@s.whatsapp.net|('u', 'can')|1
46708275344@s.whatsapp.net|('can', '.')|1
46708275344@s.whatsapp.net|('.', 'Track')|1
46708275344@s.whatsapp.net|('Track', 'me')|1
46708275344@s.whatsapp.net|('me', 'for')|1
46708275344@s.whatsapp.net|('for', 'safety')|1
46708275344@s.whatsapp.net|('safety', '...')|1
46708275344@s.whatsapp.net|('am', 'carrying')|1
46708275344@s.whatsapp.net|('carrying', 'the')|1
46708275344@s.whatsapp.net|('the', 'merchandise')|1
46708275344@s.whatsapp.net|('merchandise', '.')|1
46708275344@s.whatsapp.net|('nan', 'That')|1
46708275344@s.whatsapp.net|('That', 'kid')|1
46708275344@s.whatsapp.net|('kid', 'tags')|1
46708275344@s.whatsapp.net|('tags', 'everything')|1
46708275344@s.whatsapp.net|('everything', 'in')|1
46708275344@s.whatsapp.net|('area', ',')|1
46708275344@s.whatsapp.net|(',', 'yet')|1
46708275344@s.whatsapp.net|('yet', 'we')|1
46708275344@s.whatsapp.net|('we', 'never')|1
46708275344@s.whatsapp.net|('never', 'see')|1
46708275344@s.whatsapp.net|('see', 'him')|1
46708275344@s.whatsapp.net|('him', 'and')|1
46708275344@s.whatsapp.net|('and', 'nobody')|1
46708275344@s.whatsapp.net|('nobody', 'knows')|1
46708275344@s.whatsapp.net|('knows', 'who')|1
46708275344@s.whatsapp.net|('who', 'he')|1
46708275344@s.whatsapp.net|('he', 'is')|2
46708275344@s.whatsapp.net|('is', '.')|1
46708275344@s.whatsapp.net|('.', 'Very')|1
46708275344@s.whatsapp.net|('Very', 'suspicious')|1
46708275344@s.whatsapp.net|('suspicious', '...')|1
46708275344@s.whatsapp.net|('Hey', 'all')|2
46708275344@s.whatsapp.net|('all', 'we')|1
46708275344@s.whatsapp.net|('we', 'good')|1
46708275344@s.whatsapp.net|('good', '....')|1
46708275344@s.whatsapp.net|('....', 'Deal')|1
46708275344@s.whatsapp.net|('Deal', 'done')|1
46708275344@s.whatsapp.net|('done', '.')|2
46708275344@s.whatsapp.net|('.', 'No')|1
46708275344@s.whatsapp.net|('No', 'issues')|1
46708275344@s.whatsapp.net|('issues', 'Got')|1
46708275344@s.whatsapp.net|('Got', 'the')|1
46708275344@s.whatsapp.net|('the', 'cash')|1
46708275344@s.whatsapp.net|('cash', '💸🤪')|1
46708275344@s.whatsapp.net|('💸🤪', 'nan')|1
46708275344@s.whatsapp.net|('nan', 'Leaving')|1
46708275344@s.whatsapp.net|('Leaving', 'station')|1
46708275344@s.whatsapp.net|('station', 'now')|1
46708275344@s.whatsapp.net|('now', '.')|1
46708275344@s.whatsapp.net|('.', 'OMG')|1
46708275344@s.whatsapp.net|('OMG', 'We')|1
46708275344@s.whatsapp.net|('We', 'are')|1
46708275344@s.whatsapp.net|('are', 'in')|1
46708275344@s.whatsapp.net|('money', 'baby')|1
46708275344@s.whatsapp.net|('baby', '👶')|1
46708275344@s.whatsapp.net|('👶', 'We')|1
46708275344@s.whatsapp.net|('We', 'can')|1
46708275344@s.whatsapp.net|('can', 'all')|1
46708275344@s.whatsapp.net|('all', 'have')|1
46708275344@s.whatsapp.net|('have', 'a')|3
46708275344@s.whatsapp.net|('car', 'soon')|1
46708275344@s.whatsapp.net|('soon', 'with')|1
46708275344@s.whatsapp.net|('the', 'amount')|1
46708275344@s.whatsapp.net|('amount', 'of')|1
46708275344@s.whatsapp.net|('of', 'money')|1
46708275344@s.whatsapp.net|('we', 'are')|1
46708275344@s.whatsapp.net|('are', 'bringing')|1
46708275344@s.whatsapp.net|('bringing', 'in')|1
46708275344@s.whatsapp.net|('in', 'these')|1
46708275344@s.whatsapp.net|('these', 'days')|1
46708275344@s.whatsapp.net|('days', '....')|1
46708275344@s.whatsapp.net|('nan', 'Fuck')|1
46708275344@s.whatsapp.net|('Fuck', 'you')|1
46708275344@s.whatsapp.net|('you', 'Goose')|1
46708275344@s.whatsapp.net|('is', 'between')|1
46708275344@s.whatsapp.net|('between', 'me')|1
46708275344@s.whatsapp.net|('me', 'and')|1
46708275344@s.whatsapp.net|('and', 'you')|1
46708275344@s.whatsapp.net|('you', '.')|3
46708275344@s.whatsapp.net|('Do', "n't")|2
46708275344@s.whatsapp.net|("n't", 'bring')|1
46708275344@s.whatsapp.net|('bring', 'the')|1
46708275344@s.whatsapp.net|('the', 'others')|1
46708275344@s.whatsapp.net|('others', 'into')|1
46708275344@s.whatsapp.net|('into', 'it')|1
46708275344@s.whatsapp.net|('.', 'Go')|1
46708275344@s.whatsapp.net|('Go', 'home')|1
46708275344@s.whatsapp.net|('home', 'have')|1
46708275344@s.whatsapp.net|('good', 'long')|1
46708275344@s.whatsapp.net|('long', 'think')|1
46708275344@s.whatsapp.net|('think', 'about')|1
46708275344@s.whatsapp.net|('about', 'your')|1
46708275344@s.whatsapp.net|('your', 'future')|1
46708275344@s.whatsapp.net|('future', '.')|1
46708275344@s.whatsapp.net|("n't", 'make')|1
46708275344@s.whatsapp.net|('make', 'a')|1
46708275344@s.whatsapp.net|('bad', 'call')|1
46708275344@s.whatsapp.net|('call', 'and')|1
46708275344@s.whatsapp.net|('and', 'remember')|1
46708275344@s.whatsapp.net|('remember', 'who')|1
46708275344@s.whatsapp.net|('who', 'helped')|1
46708275344@s.whatsapp.net|('helped', 'you')|1
46708275344@s.whatsapp.net|('What', 'is')|1
46708275344@s.whatsapp.net|('is', 'this')|1
46708275344@s.whatsapp.net|('this', 'shit')|1
46708275344@s.whatsapp.net|('shit', '?')|1
46708275344@s.whatsapp.net|('nan', 'Some')|1
46708275344@s.whatsapp.net|('Some', 'old')|1
46708275344@s.whatsapp.net|('old', 'fashioned')|1
46708275344@s.whatsapp.net|('fashioned', 'tape')|1
46708275344@s.whatsapp.net|('tape', 'playing')|1
46708275344@s.whatsapp.net|('playing', 'thing')|1
46708275344@s.whatsapp.net|('thing', '?')|1
46708275344@s.whatsapp.net|('?', 'Hey')|1
46708275344@s.whatsapp.net|('all', '.')|1
46708275344@s.whatsapp.net|('Goose', 'is')|2
46708275344@s.whatsapp.net|('is', "n't")|1
46708275344@s.whatsapp.net|("n't", 'talking')|1
46708275344@s.whatsapp.net|('talking', 'to')|1
46708275344@s.whatsapp.net|('to', 'me')|1
46708275344@s.whatsapp.net|('me', ',')|1
46708275344@s.whatsapp.net|(',', 'but')|1
46708275344@s.whatsapp.net|('but', 'there')|1
46708275344@s.whatsapp.net|('there', "'s")|1
46708275344@s.whatsapp.net|("'s", 'still')|1
46708275344@s.whatsapp.net|('still', 'work')|1
46708275344@s.whatsapp.net|('work', 'to')|1
46708275344@s.whatsapp.net|('be', 'done')|1
46708275344@s.whatsapp.net|('am', 'going')|1
46708275344@s.whatsapp.net|('going', 'out')|1
46708275344@s.whatsapp.net|('out', 'for')|1
46708275344@s.whatsapp.net|('for', 'a')|1
46708275344@s.whatsapp.net|('a', 'recon')|1
46708275344@s.whatsapp.net|('recon', '.')|1
46708275344@s.whatsapp.net|('.', 'Looking')|1
46708275344@s.whatsapp.net|('Looking', 'for')|1
46708275344@s.whatsapp.net|('for', 'business')|1
46708275344@s.whatsapp.net|('business', 'as')|1
46708275344@s.whatsapp.net|('as', 'usual')|1
46708275344@s.whatsapp.net|('usual', '...')|1
46708275344@s.whatsapp.net|('nan', 'Must')|1
46708275344@s.whatsapp.net|('Must', 'think')|1
46708275344@s.whatsapp.net|('think', 'he')|1
46708275344@s.whatsapp.net|('is', 'rock')|1
46708275344@s.whatsapp.net|('rock', 'hard')|1
46708275344@s.whatsapp.net|('hard', '...')|1
46708275344@s.whatsapp.net|('...', 'Jets')|1
46708275344@s.whatsapp.net|('Jets', 'won')|1
46708275344@s.whatsapp.net|('won', '...')|1
46708275344@s.whatsapp.net|('...', 'Looks')|1
46708275344@s.whatsapp.net|('nice', 'Easter')|1
46708275344@s.whatsapp.net|('Easter', 'meal')|1
46708275344@s.whatsapp.net|('meal', '.')|1
46708275344@s.whatsapp.net|('.', 'Glad')|1
46708275344@s.whatsapp.net|('Glad', 'you')|1
46708275344@s.whatsapp.net|('you', 'can')|1
46708275344@s.whatsapp.net|('can', 'relax')|1
46708275344@s.whatsapp.net|('relax', '.')|1
46708275344@s.whatsapp.net|('Just', 'looked')|1
46708275344@s.whatsapp.net|('looked', 'outside')|1
46708275344@s.whatsapp.net|('outside', '.')|1
46708275344@s.whatsapp.net|('a', 'problem')|1
46708275344@s.whatsapp.net|('problem', '....')|1
46708275344@s.whatsapp.net|('....', 'Did')|1
46708275344@s.whatsapp.net|('Did', 'I')|1
46708275344@s.whatsapp.net|('I', 'slip')|1
46708275344@s.whatsapp.net|('slip', 'up')|1
46708275344@s.whatsapp.net|('up', '?')|1
46708275344@s.whatsapp.net|('You', "'re")|1
46708275344@s.whatsapp.net|("'re", 'bananas')|1
46708275344@s.whatsapp.net|('bananas', '🍌')|1
46708275344@s.whatsapp.net|('🍌', 'nan')|1
46708275344@s.whatsapp.net|('What', "'s")|1
46708275344@s.whatsapp.net|("'s", 'pink')|1
46708275344@s.whatsapp.net|('pink', 'and')|1
46708275344@s.whatsapp.net|('and', 'wrinkly')|1
46708275344@s.whatsapp.net|('wrinkly', 'and')|1
46708275344@s.whatsapp.net|('and', 'hangs')|1
46708275344@s.whatsapp.net|('hangs', 'out')|1
46708275344@s.whatsapp.net|('out', 'your')|1
46708275344@s.whatsapp.net|('your', 'trousers')|1
46708275344@s.whatsapp.net|('trousers', '?')|1
46708275344@s.whatsapp.net|('?', '👖')|1
46708275344@s.whatsapp.net|('👖', 'Your')|1
46708275344@s.whatsapp.net|('Your', 'mum')|1
46708275344@s.whatsapp.net|('mum', '🤣')|1
46708275344@s.whatsapp.net|('nan', 'Nice')|1
46708275344@s.whatsapp.net|('Nice', 'how')|1
46708275344@s.whatsapp.net|('how', 'much')|1
46708275344@s.whatsapp.net|('much', '?')|1
46708275344@s.whatsapp.net|('?', 'Oh')|2
46708275344@s.whatsapp.net|('Oh', 'OK')|1
46708275344@s.whatsapp.net|('OK', 'I')|1
46708275344@s.whatsapp.net|('know', 'a')|1
46708275344@s.whatsapp.net|('man', '...')|1
46708275344@s.whatsapp.net|('nan', '🙂')|1
46708275344@s.whatsapp.net|('nan', 'Google')|1
46708275344@s.whatsapp.net|('Google', 'translate')|1
46708275344@s.whatsapp.net|('translate', 'is')|1
46708275344@s.whatsapp.net|('is', 'cool')|1
46708275344@s.whatsapp.net|('nan', 'Yep')|1
46708275344@s.whatsapp.net|('Yep', 'I')|1
46708275344@s.whatsapp.net|('like', 'the')|1
46708275344@s.whatsapp.net|('the', 'look')|1
46708275344@s.whatsapp.net|('look', 'of')|1
46708275344@s.whatsapp.net|('of', 'this')|1
46708275344@s.whatsapp.net|('one', '?')|1
46708275344@s.whatsapp.net|('Oh', 'god')|1
46708275344@s.whatsapp.net|('god', 'Goldy')|1
46708275344@s.whatsapp.net|('Goldy', '.')|1
46708275344@s.whatsapp.net|('.', 'Please')|1
46708275344@s.whatsapp.net|('Please', 'stop')|1
46708275344@s.whatsapp.net|('stop', 'using')|1
46708275344@s.whatsapp.net|('using', 'the')|1
46708275344@s.whatsapp.net|('the', 'product')|1
46708275344@s.whatsapp.net|('product', '.')|1
46708275344@s.whatsapp.net|('We', 'ca')|1
46708275344@s.whatsapp.net|('ca', "n't")|1
46708275344@s.whatsapp.net|("n't", 'afford')|1
46708275344@s.whatsapp.net|('afford', 'it')|1
46708275344@s.whatsapp.net|('it', 'and')|1
46708275344@s.whatsapp.net|('and', 'I')|1
46708275344@s.whatsapp.net|('I', 'do')|1
46708275344@s.whatsapp.net|("n't", 'know')|1
46708275344@s.whatsapp.net|('know', 'if')|1
46708275344@s.whatsapp.net|('if', 'I')|1
46708275344@s.whatsapp.net|('I', 'can')|1
46708275344@s.whatsapp.net|('can', 'rely')|1
46708275344@s.whatsapp.net|('rely', 'on')|1
46708275344@s.whatsapp.net|('on', 'you')|1
46708275344@s.whatsapp.net|('.', 'Need')|1
46708275344@s.whatsapp.net|('Need', 'your')|1
46708275344@s.whatsapp.net|('your', 'head')|1
46708275344@s.whatsapp.net|('head', 'straight')|1
46708275344@s.whatsapp.net|('straight', 'while')|1
46708275344@s.whatsapp.net|('while', 'Goose')|1
46708275344@s.whatsapp.net|('is', 'wobbling')|1
46708275344@s.whatsapp.net|('wobbling', '....')|1
Bad Boy|('👍', 'alright')|2
Bad Boy|('alright', 'geezer')|2
Bad Boy|('geezer', '?')|2
Bad Boy|('?', 'I')|8
Bad Boy|('I', 'want')|2
Bad Boy|('want', 'to')|2
Bad Boy|('to', 'trade')|2
Bad Boy|('trade', '.')|2
Bad Boy|('.', 'The')|4
Bad Boy|('The', 'boys')|2
Bad Boy|('boys', 'let')|2
Bad Boy|('let', 'me')|2
Bad Boy|('me', 'know')|2
Bad Boy|('know', 'you')|4
Bad Boy|('you', 'deal')|2
Bad Boy|('deal', 'in')|2
Bad Boy|('in', 'cheap')|2
Bad Boy|('cheap', 'gear')|2
Bad Boy|('gear', 'and')|4
Bad Boy|('and', 'occasionally')|2
Bad Boy|('occasionally', 'I')|2
Bad Boy|('I', 'get')|4
Bad Boy|('get', 'some')|2
Bad Boy|('some', 'to')|2
Bad Boy|('to', 'sell')|2
Bad Boy|('sell', 'and')|2
Bad Boy|('and', 'every')|2
Bad Boy|('every', 'now')|2
Bad Boy|('now', 'and')|2
Bad Boy|('and', 'then')|2
Bad Boy|('then', 'I')|2
Bad Boy|('I', 'need')|8
Bad Boy|('need', 'to')|4
Bad Boy|('to', 'buy')|4
Bad Boy|('buy', '...')|2
Bad Boy|('...', 'Yer')|2
Bad Boy|('Yer', 'I')|2
Bad Boy|('I', 'know')|4
Bad Boy|('know', ',')|2
Bad Boy|(',', 'listen')|2
Bad Boy|('listen', 'I')|2
Bad Boy|('I', "'m")|4
Bad Boy|("'m", 'sorry')|2
Bad Boy|('sorry', 'man')|2
Bad Boy|('man', 'but')|2
Bad Boy|('but', 'learnt')|2
Bad Boy|('learnt', 'my')|2
Bad Boy|('my', 'lesson')|2
Bad Boy|('lesson', '.')|2
Bad Boy|('.', 'It')|2
Bad Boy|('It', 'wo')|2
Bad Boy|('wo', "n't")|6
Bad Boy|("n't", 'happen')|2
Bad Boy|('happen', 'again')|2
Bad Boy|('again', 'I')|2
Bad Boy|('I', 'promise')|2
Bad Boy|('promise', '.')|2
Bad Boy|('.', 'This')|4
Bad Boy|('This', 'time')|2
Bad Boy|('time', 'it')|2
Bad Boy|('it', 'will')|2
Bad Boy|('will', 'be')|4
Bad Boy|('be', 'different')|2
Bad Boy|('different', '..')|2
Bad Boy|('..', 'Seriously')|2
Bad Boy|('Seriously', 'you')|2
Bad Boy|('you', 'can')|2
Bad Boy|('can', 'trust')|2
Bad Boy|('trust', 'me')|2
Bad Boy|('me', '.')|4
Bad Boy|('.', 'I')|20
Bad Boy|('I', 'wo')|2
Bad Boy|("n't", 'make')|2
Bad Boy|('make', 'the')|2
Bad Boy|('the', 'same')|2
Bad Boy|('same', 'mistake')|2
Bad Boy|('mistake', 'twice')|2
Bad Boy|('twice', '.')|2
Bad Boy|('I', 'will')|4
Bad Boy|('will', 'pay')|2
Bad Boy|('pay', 'on')|2
Bad Boy|('on', 'time')|2
Bad Boy|('time', 'and')|2
Bad Boy|('and', 'keep')|2
Bad Boy|('keep', 'your')|2
Bad Boy|('your', 'secrets')|2
Bad Boy|('secrets', '.')|2
Bad Boy|('.', 'In')|2
Bad Boy|('In', 'my')|2
Bad Boy|('my', 'honor')|2
Bad Boy|('honor', 'Ok')|2
Bad Boy|('Ok', 'I')|6
Bad Boy|('I', 'understand')|2
Bad Boy|('understand', ',')|2
Bad Boy|(',', 'thanks')|2
Bad Boy|('thanks', '.')|2
Bad Boy|('.', 'Did')|4
Bad Boy|('Did', 'he')|2
Bad Boy|('he', 'say')|2
Bad Boy|('say', 'yes')|2
Bad Boy|('yes', '?')|2
Bad Boy|('?', 'nan')|7
Bad Boy|('nan', 'Yes')|3
Bad Boy|('Yes', 'ok')|6
Bad Boy|('ok', 'thanks')|2
Bad Boy|('thanks', 'man')|2
Bad Boy|('man', '.')|8
Bad Boy|('.', 'You')|2
Bad Boy|('You', 'wo')|2
Bad Boy|("n't", 'regret')|2
Bad Boy|('regret', 'it')|2
Bad Boy|('it', '..')|2
Bad Boy|('..', 'Ok')|2
Bad Boy|('Ok', 'boss')|2
Bad Boy|('boss', 'will')|2
Bad Boy|('will', 'do')|2
Bad Boy|('do', '...')|2
Bad Boy|('...', 'I')|2
Bad Boy|('I', 'heard')|2
Bad Boy|('heard', 'these')|2
Bad Boy|('these', 'apartments')|2
Bad Boy|('apartments', 'are')|2
Bad Boy|('are', 'super')|2
Bad Boy|('super', 'expensive')|2
Bad Boy|('expensive', '?')|2
Bad Boy|('?', 'https')|2
Bad Boy|('https', ':')|4
Bad Boy|(':', '//images.app.goo.gl/W8yKUaPs697HTjms6')|2
Bad Boy|('//images.app.goo.gl/W8yKUaPs697HTjms6', 'nan')|2
Bad Boy|('nan', 'How')|4
Bad Boy|('How', 'about')|2
Bad Boy|('about', 'this')|2
Bad Boy|('this', '?')|2
Bad Boy|('?', '9000kr')|2
Bad Boy|('9000kr', 'should')|2
Bad Boy|('should', 'be')|2
Bad Boy|('be', 'enough')|2
Bad Boy|('enough', 'to')|2
Bad Boy|('to', 'let')|2
Bad Boy|('let', 'this')|2
Bad Boy|('this', 'little')|2
Bad Boy|('little', 'lot')|2
Bad Boy|('lot', 'go')|2
Bad Boy|('go', 'to')|2
Bad Boy|('to', 'you')|4
Bad Boy|('you', 'my')|4
Bad Boy|('my', 'friend')|4
Bad Boy|('friend', 'Ok')|2
Bad Boy|('Ok', 'let')|2
Bad Boy|('let', "'s")|6
Bad Boy|("'s", 'meet')|2
Bad Boy|('meet', 'up')|2
Bad Boy|('up', 'today')|2
Bad Boy|('today', 'for')|2
Bad Boy|('for', 'the')|2
Bad Boy|('the', 'exchange')|2
Bad Boy|('exchange', '.')|2
Bad Boy|('I', 'bring')|2
Bad Boy|('bring', 'the')|6
Bad Boy|('the', 'gear')|6
Bad Boy|('and', 'you')|4
Bad Boy|('you', 'bring')|4
Bad Boy|('the', 'cash')|6
Bad Boy|('cash', '.')|4
Bad Boy|('.', 'Next')|2
Bad Boy|('Next', '30')|2
Bad Boy|('30', 'mins')|4
Bad Boy|('mins', '?')|2
Bad Boy|('?', '?')|26
Bad Boy|('?', 'Ok')|8
Bad Boy|('Ok', 'and')|2
Bad Boy|('the', 'money')|2
Bad Boy|('money', '.')|2
Bad Boy|('.', 'By')|2
Bad Boy|('By', 'the')|2
Bad Boy|('the', 'way')|2
Bad Boy|('way', 'stop')|2
Bad Boy|('stop', 'calling')|2
Bad Boy|('calling', 'me')|2
Bad Boy|('me', "'shortly")|2
Bad Boy|("'shortly", "'")|2
Bad Boy|("'", 'Pleasure')|2
Bad Boy|('Pleasure', 'doing')|4
Bad Boy|('doing', 'business')|4
Bad Boy|('business', 'with')|4
Bad Boy|('with', 'you')|4
Bad Boy|('you', '...')|2
Bad Boy|('...', 'One')|2
Bad Boy|('One', 'good')|2
Bad Boy|('good', 'deal')|2
Bad Boy|('deal', ',')|2
Bad Boy|(',', 'deserves')|2
Bad Boy|('deserves', 'another')|2
Bad Boy|('another', '..')|2
Bad Boy|('..', 'So')|2
Bad Boy|('So', 'how')|2
Bad Boy|('how', 'about')|2
Bad Boy|('about', 'a')|2
Bad Boy|('a', 'drugs')|2
Bad Boy|('drugs', 'trade')|2
Bad Boy|('trade', '?')|4
Bad Boy|('?', 'Well')|2
Bad Boy|('Well', 'how')|2
Bad Boy|('how', 'convenient')|2
Bad Boy|('convenient', '?')|2
Bad Boy|('?', 'So')|2
Bad Boy|('So', 'what')|4
Bad Boy|('what', "'s")|4
Bad Boy|("'s", 'the')|4
Bad Boy|('the', 'price')|2
Bad Boy|('price', 'of')|2
Bad Boy|('of', 'that')|4
Bad Boy|('that', 'then')|2
Bad Boy|('then', '?')|2
Bad Boy|('?', '🤬')|2
Bad Boy|('🤬', 'fuck')|2
Bad Boy|('fuck', 'that')|2
Bad Boy|('that', "'s")|4
Bad Boy|("'s", 'expensive')|2
Bad Boy|('expensive', 'Ok')|2
Bad Boy|('need', 'time')|2
Bad Boy|('time', 'to')|2
Bad Boy|('to', 'find')|2
Bad Boy|('find', 'the')|2
Bad Boy|('cash', 'Ok')|2
Bad Boy|('I', 'can')|12
Bad Boy|('can', 'get')|2
Bad Boy|('get', 'the')|2
Bad Boy|('.', 'Just')|4
Bad Boy|('Just', 'need')|2
Bad Boy|('need', '48hrs')|2
Bad Boy|('48hrs', '.')|2
Bad Boy|('.', 'When')|2
Bad Boy|('When', 'can')|2
Bad Boy|('can', 'we')|2
Bad Boy|('we', 'trade')|2
Bad Boy|('?', 'You')|6
Bad Boy|('You', 'ready')|2
Bad Boy|('ready', 'for')|2
Bad Boy|('for', 'an')|4
Bad Boy|('an', 'exchange')|4
Bad Boy|('exchange', '?')|2
Bad Boy|('?', 'Yes')|4
Bad Boy|('Yes', 'let')|2
Bad Boy|("'s", 'do')|2
Bad Boy|('do', 'this')|2
Bad Boy|('this', '.')|2
Bad Boy|('.', 'nan')|6
Bad Boy|('nan', 'Meet')|2
Bad Boy|('Meet', 'me')|2
Bad Boy|('me', 'here')|2
Bad Boy|('here', 'in')|2
Bad Boy|('in', '30')|2
Bad Boy|('mins', 'You')|2
Bad Boy|('You', 'there')|2
Bad Boy|('there', 'yet')|2
Bad Boy|('yet', '.')|2
Bad Boy|('.', 'Getting')|2
Bad Boy|('Getting', 'nervous')|4
Bad Boy|('nervous', 'carrying')|2
Bad Boy|('carrying', 'this')|2
Bad Boy|('this', 'much')|2
Bad Boy|('much', 'cash')|2
Bad Boy|('cash', '..')|2
Bad Boy|('..', 'Yes')|2
Bad Boy|('ok', 'I')|4
Bad Boy|('I', 'around')|2
Bad Boy|('around', 'the')|2
Bad Boy|('the', 'back')|2
Bad Boy|('back', 'of')|2
Bad Boy|('of', 'the')|4
Bad Boy|('the', 'shop')|2
Bad Boy|('shop', '...')|2
Bad Boy|('...', 'Black')|2
Bad Boy|('Black', 'BMW')|2
Bad Boy|('BMW', 'nan')|2
Bad Boy|('nan', 'Here')|2
Bad Boy|('Here', 'Glad')|2
Bad Boy|('Glad', 'we')|2
Bad Boy|('we', 'can')|2
Bad Boy|('can', 'work')|2
Bad Boy|('work', 'together')|2
Bad Boy|('together', 'again')|2
Bad Boy|('again', '.')|2
Bad Boy|('I', "'ll")|2
Bad Boy|("'ll", 'be')|2
Bad Boy|('be', 'back')|2
Bad Boy|('back', 'for')|2
Bad Boy|('for', 'more')|2
Bad Boy|('more', 'in')|2
Bad Boy|('in', 'due')|2
Bad Boy|('due', 'coursem')|2
Bad Boy|('coursem', 'Business')|2
Bad Boy|('Business', 'is')|2
Bad Boy|('is', 'booming')|2
Bad Boy|('booming', '.')|2
Bad Boy|('.', 'Going')|2
Bad Boy|('Going', 'to')|2
Bad Boy|('to', 'need')|2
Bad Boy|('need', 'another')|2
Bad Boy|('another', 'delivery')|2
Bad Boy|('delivery', 'in')|2
Bad Boy|('in', '2')|2
Bad Boy|('2', 'weeks')|2
Bad Boy|('weeks', '.')|2
Bad Boy|('.', 'Can')|4
Bad Boy|('Can', 'you')|2
Bad Boy|('you', 'deliver')|2
Bad Boy|('deliver', '?')|2
Bad Boy|('?', 'Make')|2
Bad Boy|('Make', 'it')|2
Bad Boy|('it', 'a')|2
Bad Boy|('a', 'week')|2
Bad Boy|('week', '.')|2
Bad Boy|('This', 'stuff')|2
Bad Boy|('stuff', 'is')|2
Bad Boy|('is', 'selling')|2
Bad Boy|('selling', 'so')|2
Bad Boy|('so', 'fast')|2
Bad Boy|('fast', 'I')|2
Bad Boy|('I', 'ca')|2
Bad Boy|('ca', "n't")|2
Bad Boy|("n't", 'keep')|2
Bad Boy|('keep', 'up')|2
Bad Boy|('up', '.')|2
Bad Boy|('.', 'Need')|2
Bad Boy|('Need', 'new')|2
Bad Boy|('new', 'packages')|2
Bad Boy|('packages', 'asap')|2
Bad Boy|('asap', 'No')|2
Bad Boy|('No', 'man')|2
Bad Boy|('man', '..')|2
Bad Boy|('..', 'stop')|2
Bad Boy|('stop', 'being')|2
Bad Boy|('being', 'so')|2
Bad Boy|('so', 'paranoid')|2
Bad Boy|('paranoid', 'Yer')|2
Bad Boy|('Yer', 'man')|2
Bad Boy|('.', 'Which')|2
Bad Boy|('Which', 'bit')|2
Bad Boy|('bit', 'of')|2
Bad Boy|('that', 'last')|2
Bad Boy|('last', 'message')|2
Bad Boy|('message', 'did')|2
Bad Boy|('did', "n't")|2
Bad Boy|("n't", 'you')|2
Bad Boy|('you', 'understand')|2
Bad Boy|('understand', '?')|2
Bad Boy|('can', 'sell')|2
Bad Boy|('sell', 'this')|2
Bad Boy|('this', 'shit')|4
Bad Boy|('shit', 'all')|2
Bad Boy|('all', 'day')|2
Bad Boy|('day', 'long')|2
Bad Boy|('long', '.')|2
Bad Boy|('I', 'am')|2
Bad Boy|('am', 'raking')|2
Bad Boy|('raking', 'in')|2
Bad Boy|('in', 'cash')|2
Bad Boy|('cash', '...')|2
Bad Boy|('...', 'Give')|2
Bad Boy|('Give', 'me')|2
Bad Boy|('me', 'a')|4
Bad Boy|('a', 'delivery')|2
Bad Boy|('delivery', 'date')|2
Bad Boy|('date', 'please')|2
Bad Boy|('please', '!')|2
Bad Boy|('!', 'nan')|3
Bad Boy|('nan', 'I')|4
Bad Boy|('need', 'more')|2
Bad Boy|('more', 'white')|2
Bad Boy|('white', 'lines')|2
Bad Boy|('lines', ',')|2
Bad Boy|(',', 'this')|2
Bad Boy|('this', 'big')|2
Bad Boy|('big', '!')|2
Bad Boy|('!', 'Yes')|3
Bad Boy|('Yes', 'yes')|2
Bad Boy|('yes', 'yes')|2
Bad Boy|('yes', 'How')|2
Bad Boy|('How', 'much')|6
Bad Boy|('much', 'Yes')|2
Bad Boy|('Yes', 'deal')|2
Bad Boy|('deal', '.')|4
Bad Boy|('get', 'cash')|2
Bad Boy|('cash', 'in')|2
Bad Boy|('in', '24hrs')|2
Bad Boy|('24hrs', '.')|2
Bad Boy|('Can', 'we')|2
Bad Boy|('we', 'meet')|2
Bad Boy|('meet', 'tomorrow')|2
Bad Boy|('tomorrow', 'at')|2
Bad Boy|('at', 'location')|2
Bad Boy|('location', 'you')|2
Bad Boy|('you', 'choose')|2
Bad Boy|('choose', '?')|2
Bad Boy|('Ok', '1830hrs')|2
Bad Boy|('1830hrs', 'ish')|2
Bad Boy|('ish', '@')|2
Bad Boy|('@', 'Barkaby')|2
Bad Boy|('Barkaby', 'Coop')|2
Bad Boy|('Coop', 'tomorrow')|2
Bad Boy|('tomorrow', 'night')|2
Bad Boy|('night', '.')|2
Bad Boy|('The', 'one')|2
Bad Boy|('one', 'by')|2
Bad Boy|('by', 'the')|2
Bad Boy|('the', 'train')|2
Bad Boy|('train', 'station')|2
Bad Boy|('station', '.')|2
Bad Boy|('.', 'Is')|2
Bad Boy|('Is', 'that')|2
Bad Boy|('that', 'the')|2
Bad Boy|('the', 'one')|2
Bad Boy|('one', 'at')|2
Bad Boy|('at', 'Jaktplan')|2
Bad Boy|('Jaktplan', '1')|2
Bad Boy|('1', '?')|2
Bad Boy|('Ok', 'are')|2
Bad Boy|('are', 'we')|2
Bad Boy|('we', 'still')|2
Bad Boy|('still', 'up')|2
Bad Boy|('up', 'for')|2
Bad Boy|('exchange', 'this')|2
Bad Boy|('this', 'evening')|2
Bad Boy|('evening', '?')|2
Bad Boy|('Yes', 'obviously')|2
Bad Boy|('obviously', '.')|2
Bad Boy|('.', '15,000kr')|2
Bad Boy|('15,000kr', 'is')|2
Bad Boy|('is', 'the')|2
Bad Boy|('the', 'deal')|2
Bad Boy|('be', 'there')|2
Bad Boy|('there', '.')|2
Bad Boy|('nan', 'Ok')|2
Bad Boy|('Ok', '....')|2
Bad Boy|('....', 'get')|2
Bad Boy|('get', 'there')|2
Bad Boy|('there', 'when')|2
Bad Boy|('when', 'I')|2
Bad Boy|('can', '.')|2
Bad Boy|('I', 'come')|2
Bad Boy|('come', 'alone')|2
Bad Boy|('alone', 'by')|2
Bad Boy|('by', 'train')|2
Bad Boy|('train', '..')|2
Bad Boy|('..', 'Be')|2
Bad Boy|('Be', 'there')|2
Bad Boy|('there', 'soon')|2
Bad Boy|('soon', 'man')|2
Bad Boy|('.', 'U')|2
Bad Boy|('U', 'got')|2
Bad Boy|('got', 'the')|2
Bad Boy|('gear', '?')|4
Bad Boy|('?', 'Yep')|2
Bad Boy|('Yep', 'coming')|2
Bad Boy|('coming', 'now')|2
Bad Boy|('now', '...')|2
Bad Boy|('...', 'Pleasure')|2
Bad Boy|('you', 'again')|2
Bad Boy|('again', '...')|2
Bad Boy|('...', 'Is')|2
Bad Boy|('Is', 'this')|2
Bad Boy|('this', 'some')|2
Bad Boy|('some', 'sort')|2
Bad Boy|('sort', 'of')|2
Bad Boy|('of', 'sick')|2
Bad Boy|('sick', 'April')|2
Bad Boy|('April', 'Fools')|2
Bad Boy|('Fools', 'joke')|2
Bad Boy|('joke', '?')|2
Bad Boy|('?', 'Really')|2
Bad Boy|('Really', 'ok')|2
Bad Boy|('ok', '?')|2
Bad Boy|('You', 'have')|2
Bad Boy|('have', 'my')|2
Bad Boy|('my', 'word')|2
Bad Boy|('word', '.')|2
Bad Boy|('Just', 'make')|2
Bad Boy|('make', 'sure')|2
Bad Boy|('sure', 'the')|2
Bad Boy|('gear', 'keeps')|2
Bad Boy|('keeps', 'flowing')|2
Bad Boy|('flowing', 'yer')|2
Bad Boy|('yer', '?')|2
Bad Boy|('?', 'Alright')|2
Bad Boy|('Alright', 'man')|2
Bad Boy|('.', 'Whatever')|2
Bad Boy|('Whatever', 'you')|2
Bad Boy|('you', 'say')|2
Bad Boy|('say', 'boss')|2
Bad Boy|('boss', '....')|2
Bad Boy|('....', 'nan')|5
Bad Boy|('nan', 'Just')|2
Bad Boy|('Just', 'promise')|2
Bad Boy|('promise', 'me')|2
Bad Boy|('me', 'I')|2
Bad Boy|('can', 'stay')|2
Bad Boy|('stay', 'in')|2
Bad Boy|('in', 'business')|2
Bad Boy|('business', '....')|2
Bad Boy|('....', 'https')|2
Bad Boy|(':', '//images.app.goo.gl/ykj9WorVVQbVh3kd7')|2
Bad Boy|('//images.app.goo.gl/ykj9WorVVQbVh3kd7', 'Getting')|2
Bad Boy|('nervous', '.')|2
Bad Boy|('.', 'Am')|2
Bad Boy|('Am', 'I')|2
Bad Boy|('I', 'overthinking')|2
Bad Boy|('overthinking', 'things')|2
Bad Boy|('things', '...')|2
Bad Boy|('...', '?')|2
Bad Boy|('nan', 'So')|2
Bad Boy|('the', 'plan')|2
Bad Boy|('plan', '?')|2
Bad Boy|('You', 'buy')|2
Bad Boy|('buy', 'or')|2
Bad Boy|('or', 'sell')|2
Bad Boy|('sell', '?')|2
Bad Boy|('can', 'buy')|2
Bad Boy|('buy', 'that')|2
Bad Boy|('that', '.')|2
Bad Boy|('.', 'Looks')|2
Bad Boy|('Looks', 'good')|2
Bad Boy|('good', '.')|2
Bad Boy|('.', '1000kr')|2
Bad Boy|('1000kr', 'to')|2
Bad Boy|('my', 'good')|2
Bad Boy|('good', 'man')|2
Bad Boy|('man', '...')|2
Bad Boy|('...', 'nan')|2
Bad Boy|('I', 'got')|2
Bad Boy|('got', 'a')|2
Bad Boy|('a', 'few')|2
Bad Boy|('few', 'things')|2
Bad Boy|('things', 'to')|2
Bad Boy|('buy', 'and')|2
Bad Boy|('and', 'sell')|2
Bad Boy|('sell', '.')|2
Bad Boy|('can', 'fence')|2
Bad Boy|('fence', 'some')|2
Bad Boy|('some', 'of')|2
Bad Boy|('of', 'your')|2
Bad Boy|('your', 'gear')|2
Bad Boy|('gear', 'if')|2
Bad Boy|('if', 'you')|2
Bad Boy|('you', 'like')|2
Bad Boy|('like', '?')|2
Bad Boy|('?', 'What')|3
Bad Boy|('What', 'u')|2
Bad Boy|('u', 'got')|2
Bad Boy|('got', 'dude')|2
Bad Boy|('dude', '....')|2
Bad Boy|('....', 'Christ')|2
Bad Boy|('Christ', 'almighty')|4
Bad Boy|('almighty', '.')|2
Bad Boy|('Did', 'you')|2
Bad Boy|('you', 'rob')|2
Bad Boy|('rob', 'a')|2
Bad Boy|('a', 'bank')|2
Bad Boy|('bank', '?')|2
Bad Boy|('to', 'see')|2
Bad Boy|('see', 'this')|2
Bad Boy|('this', 'stuff')|2
Bad Boy|('stuff', 'in')|2
Bad Boy|('in', 'person')|2
Bad Boy|('person', 'and')|2
Bad Boy|('and', 'check')|2
Bad Boy|('check', 'the')|2
Bad Boy|('the', 'quality')|2
Bad Boy|('quality', 'of')|2
Bad Boy|('the', 'merchandise')|2
Bad Boy|('merchandise', '.')|2
Bad Boy|('.', 'For')|2
Bad Boy|('For', 'all')|2
Bad Boy|('all', 'I')|2
Bad Boy|('you', 'just')|2
Bad Boy|('just', 'downloaded')|2
Bad Boy|('downloaded', 'this')|2
Bad Boy|('shit', 'off')|2
Bad Boy|('off', 'the')|2
Bad Boy|('the', 'internet')|2
Bad Boy|('internet', '.')|2
Bad Boy|('.', 'Not')|2
Bad Boy|('Not', 'that')|2
Bad Boy|('that', 'I')|2
Bad Boy|('I', 'do')|4
Bad Boy|('do', "n't")|4
Bad Boy|("n't", 'trust')|2
Bad Boy|('trust', 'you')|2
Bad Boy|('you', 'but')|2
Bad Boy|('but', 'I')|2
Bad Boy|("n't", '....')|2
Bad Boy|('nan', 'Send')|2
Bad Boy|('Send', 'me')|2
Bad Boy|('a', 'sample')|2
Bad Boy|('sample', 'tonight')|2
Bad Boy|('tonight', 'Dude')|2
Bad Boy|('Dude', 'stop')|2
Bad Boy|('stop', 'sending')|2
Bad Boy|('sending', 'me')|2
Bad Boy|('me', 'useless')|2
Bad Boy|('useless', 'shit')|2
Bad Boy|('shit', 'and')|2
Bad Boy|('and', 'let')|2
Bad Boy|("'s", 'get')|2
Bad Boy|('get', 'down')|2
Bad Boy|('down', 'to')|2
Bad Boy|('to', 'business')|2
Bad Boy|('business', '...')|2
Bad Boy|('...', 'You')|2
Bad Boy|('You', 'pay')|2
Bad Boy|('pay', 'a')|2
Bad Boy|('a', 'lot')|2
Bad Boy|('lot', 'my')|2
Bad Boy|('friend', '....')|2
Bad Boy|('....', 'Nice')|1
Bad Boy|('Nice', '.')|2
Bad Boy|('.', 'Dollar')|2
Bad Boy|('Dollar', 'seems')|2
Bad Boy|('seems', 'pretty')|2
Bad Boy|('pretty', 'worthless')|2
Bad Boy|('worthless', 'right')|2
Bad Boy|('right', 'now')|2
Bad Boy|('now', ',')|2
Bad Boy|(',', 'so')|2
Bad Boy|('so', 'happy')|2
Bad Boy|('happy', 'the')|2
Bad Boy|('the', 'cat')|2
Bad Boy|('cat', 'liked')|2
Bad Boy|('liked', 'it')|2
Bad Boy|('it', '.')|2
Bad Boy|('much', '?')|4
Bad Boy|('nan', 'Really')|2
Bad Boy|('Really', '?')|2
Bad Boy|('?', 'Do')|2
Bad Boy|('Do', "n't")|2
Bad Boy|("n't", 'bother')|2
Bad Boy|('bother', 'then')|2
Bad Boy|('then', '....')|2
Bad Boy|('....', 'Tick')|2
Bad Boy|('Tick', 'Tock')|2
Bad Boy|('Tock', 'nan')|2
Bad Boy|('nan', 'Well')|2
Bad Boy|('Well', 'you')|2
Bad Boy|('you', 'know')|2
Bad Boy|('know', 'me')|2
Bad Boy|('I', 'like')|2
Bad Boy|('like', 'some')|2
Bad Boy|('some', 'trouble')|2
Bad Boy|('trouble', 'because')|2
Bad Boy|('because', 'I')|2
Bad Boy|("'m", 'a')|2
Bad Boy|('a', 'bad')|2
Bad Boy|('bad', 'boy')|2
Bad Boy|('boy', '!')|2
Bad Boy|('!', '!')|6
Bad Boy|('I', 'give')|2
Bad Boy|('give', 'you')|2
Bad Boy|('you', '1000kr')|2
Bad Boy|('1000kr', 'tomorrow')|2
Bad Boy|('tomorrow', 'I')|2
Bad Boy|('I', 'guess')|2
Bad Boy|('guess', 'I')|2
Bad Boy|('I', 'should')|2
Bad Boy|('should', "n't")|2
Bad Boy|("n't", 'ask')|2
Bad Boy|('ask', 'where')|2
Bad Boy|('where', 'they')|2
Bad Boy|('they', 'came')|2
Bad Boy|('came', 'from')|2
Bad Boy|('from', '?')|2
Bad Boy|('What', "'s")|2
Bad Boy|("'s", 'up')|2
Bad Boy|('up', '?')|2
Bad Boy|('?', 'Got')|2
Bad Boy|('Got', 'any')|2
Bad Boy|('any', 'gear')|2
Bad Boy|('?', 'Gold')|2
Bad Boy|('Gold', 'stuff')|2
Bad Boy|('stuff', '?')|2
Bad Boy|('?', 'Yerrrrr')|2
Bad Boy|('Yerrrrr', 'How')|2
Bad Boy|('?', 'Christ')|2
Bad Boy|('almighty', 'that')|2
Bad Boy|("'s", 'steep')|2
Bad Boy|('steep', '.')|2
Bad Boy|('.', '7500kr')|2
Bad Boy|('7500kr', 'best')|2
Bad Boy|('best', 'offer4')|2
Bad Boy|('offer4', 'Hey')|2
Bad Boy|('Hey', 'you')|2
Bad Boy|('you', 'looking')|2
Bad Boy|('looking', 'for')|2
Bad Boy|('for', 'a')|2
Bad Boy|('a', 'safe')|2
Bad Boy|('safe', 'cracker')|2
Bad Boy|('cracker', '?')|2
Bad Boy|('Ok', 'deal')|2
Bad Boy|('deal', 'nan')|1
Bad Boy|('nan', 'nan')|8
Bad Boy|('nan', '👍')|1
Bad Boy|('nan', 'Nice')|1
Bad Boy|('nan', 'What')|1
Big Boss|('nan', 'Eating')|1
Big Boss|('Eating', 'dinner')|1
Big Boss|('dinner', '...')|1
Big Boss|('...', 'Yes')|1
Big Boss|('Yes', 'dude')|1
Big Boss|('dude', '.')|1
Big Boss|('.', 'Let')|1
Big Boss|('Let', 'us')|1
Big Boss|('us', 'know')|1
Big Boss|('know', 'how')|1
Big Boss|('how', 'you')|1
Big Boss|('you', 'get')|3
Big Boss|('get', 'on')|1
Big Boss|('on', 'exploring')|1
Big Boss|('exploring', 'the')|1
Big Boss|('the', 'area')|1
Big Boss|('area', ',')|1
Big Boss|(',', '?')|1
Big Boss|('?', 'Need')|1
Big Boss|('Need', 'good')|1
Big Boss|('good', 'quality')|1
Big Boss|('quality', 'bling')|1
Big Boss|('bling', '...')|1
Big Boss|('...', 'Alright')|1
Big Boss|('Alright', 'let')|1
Big Boss|('let', 'me')|1
Big Boss|('me', 'know')|1
Big Boss|('know', 'what')|1
Big Boss|('what', "'s")|1
Big Boss|("'s", 'happening')|2
Big Boss|('happening', '.')|1
Big Boss|('.', 'Keep')|1
Big Boss|('Keep', 'your')|1
Big Boss|('your', 'eyes')|1
Big Boss|('eyes', 'open')|1
Big Boss|('open', '👀')|1
Big Boss|('👀', 'nan')|1
Big Boss|('nan', 'nan')|3
Big Boss|('nan', 'Lol')|1
Big Boss|('Lol', 'that')|1
Big Boss|('that', "'s")|1
Big Boss|("'s", 'hideous')|1
Big Boss|('hideous', 'and')|1
Big Boss|('and', 'hilarious')|1
Big Boss|('hilarious', '🤣')|1
Big Boss|('🤣', 'Did')|1
Big Boss|('Did', 'you')|1
Big Boss|('get', 'some')|1
Big Boss|('some', 'bling')|1
Big Boss|('bling', 'dude')|1
Big Boss|('dude', '?')|1
Big Boss|('?', 'Show')|2
Big Boss|('Show', 'me')|2
Big Boss|('me', 'the')|2
Big Boss|('the', 'money')|2
Big Boss|('money', '💰🤑🤪')|1
Big Boss|('💰🤑🤪', 'Silver')|1
Big Boss|('Silver', '?')|1
Big Boss|('?', 'No')|1
Big Boss|('No', 'more')|1
Big Boss|('more', 'than')|1
Big Boss|('than', '$')|1
Big Boss|('$', '10')|1
Big Boss|('10', 'White')|1
Big Boss|('White', 'Gold')|1
Big Boss|('Gold', 'maybe')|1
Big Boss|('maybe', '$')|1
Big Boss|('$', '50')|1
Big Boss|('50', 'Hard')|1
Big Boss|('Hard', 'bargain')|1
Big Boss|('bargain', 'merchant')|1
Big Boss|('merchant', 'I')|1
Big Boss|('I', 'see')|1
Big Boss|('see', '.')|1
Big Boss|('.', 'What')|3
Big Boss|('What', "'s")|2
Big Boss|("'s", 'to')|1
Big Boss|('to', 'stop')|1
Big Boss|('stop', 'me')|1
Big Boss|('me', 'calling')|1
Big Boss|('calling', 'the')|1
Big Boss|('the', 'cops')|1
Big Boss|('cops', '?')|1
Big Boss|('?', 'nan')|3
Big Boss|('nan', '$')|1
Big Boss|('$', '75')|1
Big Boss|('75', 'best')|1
Big Boss|('best', 'offer')|1
Big Boss|('offer', '.')|1
Big Boss|('.', 'Take')|1
Big Boss|('Take', 'it')|1
Big Boss|('it', 'or')|1
Big Boss|('or', 'leave')|1
Big Boss|('leave', 'it')|1
Big Boss|('it', '.')|2
Big Boss|('.', '👌')|1
Big Boss|('👌', 'Alright')|1
Big Boss|('Alright', 'might')|1
Big Boss|('might', 'be')|1
Big Boss|('be', 'good')|1
Big Boss|('good', '.')|2
Big Boss|('.', 'Leave')|1
Big Boss|('Leave', 'you')|1
Big Boss|('you', 'to')|1
Big Boss|('to', 'it')|1
Big Boss|('.', 'Stay')|1
Big Boss|('Stay', 'safe')|1
Big Boss|('safe', '.')|1
Big Boss|('.', 'Ok')|1
Big Boss|('Ok', 'keep')|1
Big Boss|('keep', 'looking')|1
Big Boss|('looking', '👌')|1
Big Boss|('👌', 'we')|1
Big Boss|('we', 'need')|1
Big Boss|('need', 'some')|1
Big Boss|('some', 'product')|1
Big Boss|('product', 'to')|1
Big Boss|('to', 'shift')|1
Big Boss|('shift', 'soon')|1
Big Boss|('soon', 'Any')|1
Big Boss|('Any', 'good')|1
Big Boss|('good', 'opportunities')|1
Big Boss|('opportunities', 'turned')|1
Big Boss|('turned', 'up')|1
Big Boss|('up', 'today')|1
Big Boss|('today', '🤔')|1
Big Boss|('🤔', 'Alright')|1
Big Boss|('Alright', '🏴\u200d☠')|1
Big Boss|('🏴\u200d☠', 'What')|1
Big Boss|('happening', 'today')|1
Big Boss|('today', '?')|2
Big Boss|('?', 'Good')|2
Big Boss|('Good', 'plan')|1
Big Boss|('plan', '.')|1
Big Boss|('.', 'Make')|2
Big Boss|('Make', 'it')|2
Big Boss|('it', 'happen')|3
Big Boss|('happen', 'Ok')|1
Big Boss|('Ok', 'good')|1
Big Boss|('good', 'spot')|1
Big Boss|('spot', '.')|1
Big Boss|('What', 'you')|1
Big Boss|('get', '.')|1
Big Boss|('.', 'Looking')|1
Big Boss|('Looking', 'for')|1
Big Boss|('for', 'gold')|1
Big Boss|('gold', '?')|1
Big Boss|('?', 'Get')|1
Big Boss|('Get', 'me')|1
Big Boss|('me', 'something')|1
Big Boss|('something', 'good')|1
Big Boss|('good', 'this')|1
Big Boss|('this', 'time')|1
Big Boss|('time', '.')|1
Big Boss|('.', 'That')|2
Big Boss|('That', 'last')|1
Big Boss|('last', 'stuff')|1
Big Boss|('stuff', 'turned')|1
Big Boss|('turned', 'out')|1
Big Boss|('out', 'to')|2
Big Boss|('to', 'be')|1
Big Boss|('be', 'fake')|1
Big Boss|('fake', 'shit')|1
Big Boss|('shit', '....')|1
Big Boss|('....', 'Good')|1
Big Boss|('Good', '👍')|1
Big Boss|('👍', 'Stop')|1
Big Boss|('Stop', 'bitching')|1
Big Boss|('bitching', 'and')|1
Big Boss|('and', 'pay')|1
Big Boss|('pay', 'back')|1
Big Boss|('back', 'what')|1
Big Boss|('what', 'u')|1
Big Boss|('u', 'owe')|1
Big Boss|('owe', 'MF')|1
Big Boss|('MF', '!')|1
Big Boss|('!', 'You')|1
Big Boss|('You', 'got')|1
Big Boss|('got', 'anything')|1
Big Boss|('anything', 'new')|1
Big Boss|('new', 'for')|1
Big Boss|('for', 'me')|1
Big Boss|('me', 'today')|1
Big Boss|('?', '1000')|1
Big Boss|('1000', 'króna')|1
Big Boss|('króna', '.')|1
Big Boss|('.', 'Best')|1
Big Boss|('Best', 'I')|1
Big Boss|('I', 'can')|1
Big Boss|('can', 'do')|1
Big Boss|('do', 'Ok')|1
Big Boss|('Ok', 'get')|1
Big Boss|('get', 'me')|1
Big Boss|('me', 'some')|1
Big Boss|('some', 'good')|1
Big Boss|('.', 'Watches')|1
Big Boss|('Watches', 'work')|1
Big Boss|('work', 'well')|1
Big Boss|('well', 'right')|1
Big Boss|('right', 'now')|1
Big Boss|('now', '..')|1
Big Boss|('..', '10,000kr')|1
Big Boss|('10,000kr', 'for')|1
Big Boss|('for', 'the')|1
Big Boss|('the', 'whole')|1
Big Boss|('whole', 'lot')|1
Big Boss|('lot', '.')|2
Big Boss|('.', 'You')|4
Big Boss|('You', 'were')|1
Big Boss|('were', 'late')|1
Big Boss|('late', 'as')|1
Big Boss|('as', 'usual')|1
Big Boss|('usual', '...')|1
Big Boss|('...', 'Oh')|1
Big Boss|('Oh', 'man')|1
Big Boss|('man', '.')|1
Big Boss|('.', 'How')|1
Big Boss|('How', 'am')|1
Big Boss|('am', 'I')|1
Big Boss|('I', 'supposed')|1
Big Boss|('supposed', 'to')|1
Big Boss|('to', 'value')|1
Big Boss|('value', 'that')|1
Big Boss|('that', 'lot')|1
Big Boss|('.', 'I')|4
Big Boss|('I', 'bet')|1
Big Boss|('bet', 'most')|1
Big Boss|('most', 'of')|1
Big Boss|('of', 'it')|1
Big Boss|('it', 'is')|1
Big Boss|('is', 'useless')|1
Big Boss|('useless', 'crap')|1
Big Boss|('crap', '.')|1
Big Boss|('You', 'will')|1
Big Boss|('will', 'need')|1
Big Boss|('need', 'to')|1
Big Boss|('to', 'do')|1
Big Boss|('do', 'some')|1
Big Boss|('some', 'sorting')|1
Big Boss|('sorting', 'first')|1
Big Boss|('first', 'before')|1
Big Boss|('before', 'you')|1
Big Boss|('you', 'bring')|1
Big Boss|('bring', 'it')|1
Big Boss|('it', 'to')|1
Big Boss|('to', 'me')|1
Big Boss|('me', 'if')|1
Big Boss|('if', 'you')|2
Big Boss|('you', 'want')|1
Big Boss|('want', 'to')|1
Big Boss|('to', 'get')|1
Big Boss|('get', 'paid')|2
Big Boss|('paid', '...')|1
Big Boss|('...', 'Nice')|1
Big Boss|('Nice', '.')|1
Big Boss|('.', 'Now')|1
Big Boss|('Now', 'where')|1
Big Boss|('where', 'are')|1
Big Boss|('are', 'the')|1
Big Boss|('the', 'efforts')|1
Big Boss|('efforts', 'of')|1
Big Boss|('of', 'your')|1
Big Boss|('your', 'Labour')|1
Big Boss|('Labour', '?')|1
Big Boss|('money', '💰')|1
Big Boss|('💰', 'nan')|2
Big Boss|('nan', 'Meet')|5
Big Boss|('Meet', 'me')|4
Big Boss|('me', 'at')|1
Big Boss|('at', 'the')|1
Big Boss|('the', 'rocket')|1
Big Boss|('rocket', 'ship')|1
Big Boss|('ship', 'tonight')|1
Big Boss|('tonight', '...')|1
Big Boss|('...', 'Ok')|2
Big Boss|('Ok', 'looks')|1
Big Boss|('looks', 'good')|1
Big Boss|('good', 'for')|1
Big Boss|('for', '$')|1
Big Boss|('$', '2k')|1
Big Boss|('2k', 'Hide')|1
Big Boss|('Hide', 'the')|1
Big Boss|('the', 'gear')|1
Big Boss|('gear', 'in')|1
Big Boss|('in', 'the')|2
Big Boss|('the', 'agreed')|1
Big Boss|('agreed', 'location')|1
Big Boss|('location', 'nan')|1
Big Boss|('nan', 'What')|1
Big Boss|('What', 'the')|1
Big Boss|('the', 'hell')|1
Big Boss|('hell', 'are')|1
Big Boss|('are', 'they')|1
Big Boss|('they', 'singing')|1
Big Boss|('singing', 'in')|1
Big Boss|('the', 'chorus')|1
Big Boss|('chorus', '?')|1
Big Boss|('me', 'here')|3
Big Boss|('here', 'soon')|1
Big Boss|('soon', 'Yes')|1
Big Boss|('Yes', "F'ing")|1
Big Boss|("F'ing", 'useless')|1
Big Boss|('useless', '.')|1
Big Boss|('That', "'s")|1
Big Boss|("'s", 'what')|1
Big Boss|('what', 'you')|1
Big Boss|('you', 'are')|1
Big Boss|('are', 'Maverick')|1
Big Boss|('Maverick', '.')|1
Big Boss|('.', 'A')|1
Big Boss|('A', 'complete')|1
Big Boss|('complete', 'waste')|1
Big Boss|('waste', 'of')|1
Big Boss|('of', 'space')|1
Big Boss|('space', '.')|1
Big Boss|('.', 'Do')|2
Big Boss|('Do', 'your')|1
Big Boss|('your', 'job')|1
Big Boss|('job', 'and')|1
Big Boss|('and', 'get')|1
Big Boss|('get', 'the')|1
Big Boss|('the', '💰')|1
Big Boss|('here', 'in')|1
Big Boss|('in', '30')|1
Big Boss|('30', 'mins')|1
Big Boss|('mins', 'Behind')|1
Big Boss|('Behind', 'gym')|1
Big Boss|('gym', 'Pics')|1
Big Boss|('Pics', 'or')|1
Big Boss|('or', 'it')|1
Big Boss|('it', 'did')|1
Big Boss|('did', "n't")|1
Big Boss|("n't", 'happen')|1
Big Boss|('happen', '...')|1
Big Boss|('...', '50')|1
Big Boss|('50', '%')|1
Big Boss|('%', 'Still')|1
Big Boss|('Still', 'owed')|1
Big Boss|('owed', '.')|1
Big Boss|('You', 'forget')|1
Big Boss|('forget', 'about')|1
Big Boss|('about', 'the')|1
Big Boss|('the', 'interest')|1
Big Boss|('interest', 'outstanding')|1
Big Boss|('outstanding', '...')|1
Big Boss|('...', '100,000kr')|1
Big Boss|('100,000kr', 'to')|1
Big Boss|('to', 'clear')|1
Big Boss|('clear', 'everything')|1
Big Boss|('everything', 'That')|1
Big Boss|('That', 'sounds')|1
Big Boss|('sounds', 'positive')|1
Big Boss|('positive', '.')|1
Big Boss|('.', 'Your')|2
Big Boss|('Your', 'next')|1
Big Boss|('next', 'payment')|1
Big Boss|('payment', 'is')|1
Big Boss|('is', 'due')|1
Big Boss|('due', 'soon')|1
Big Boss|('soon', '.....')|1
Big Boss|('.....', 'You')|1
Big Boss|('You', 'do')|1
Big Boss|('do', "n't")|2
Big Boss|("n't", 'want')|1
Big Boss|('want', 'me')|1
Big Boss|('me', 'to')|1
Big Boss|('to', 'have')|1
Big Boss|('have', 'to')|1
Big Boss|('to', 'send')|1
Big Boss|('send', 'the')|1
Big Boss|('the', 'big')|1
Big Boss|('big', 'boys')|1
Big Boss|('boys', 'around')|1
Big Boss|('around', 'again')|1
Big Boss|('again', 'to')|1
Big Boss|('to', 'your')|1
Big Boss|('your', 'place')|1
Big Boss|('place', ',')|1
Big Boss|(',', 'do')|1
Big Boss|('do', 'you')|2
Big Boss|('you', '?')|1
Big Boss|('nan', 'This')|1
Big Boss|('This', 'could')|1
Big Boss|('could', 'be')|1
Big Boss|('be', 'you')|1
Big Boss|('you', '...')|1
Big Boss|('Ok', '👌')|1
Big Boss|('👌', 'make')|1
Big Boss|('make', 'it')|1
Big Boss|('happen', 'Call')|1
Big Boss|('Call', 'me')|1
Big Boss|('me', 'soon')|1
Big Boss|('soon', '....')|1
Big Boss|('....', 'So')|1
Big Boss|('So', 'is')|1
Big Boss|('is', 'the')|1
Big Boss|('the', 'deal')|1
Big Boss|('deal', 'going')|1
Big Boss|('going', 'down')|1
Big Boss|('down', 'tonight')|1
Big Boss|('tonight', '?')|1
Big Boss|('Good', '.')|1
Big Boss|('happen', 'and')|1
Big Boss|('and', 'nothing')|1
Big Boss|('nothing', 'had')|1
Big Boss|('had', 'better')|1
Big Boss|('better', 'go')|1
Big Boss|('go', 'wrong')|1
Big Boss|('wrong', 'due')|1
Big Boss|('due', 'I')|1
Big Boss|('I', 'know')|1
Big Boss|('know', 'where')|1
Big Boss|('where', 'you')|1
Big Boss|('you', 'live')|1
Big Boss|('live', '!')|1
Big Boss|('!', '!')|2
Big Boss|('!', 'Glad')|1
Big Boss|('Glad', 'to')|1
Big Boss|('to', 'hear')|1
Big Boss|('hear', 'that')|1
Big Boss|('that', '.')|1
Big Boss|('.', 'About')|2
Big Boss|('About', 'time')|1
Big Boss|('time', 'too')|1
Big Boss|('too', 'When')|1
Big Boss|('When', 'do')|1
Big Boss|('you', 'deliver')|1
Big Boss|('deliver', '?')|1
Big Boss|('?', '?')|6
Big Boss|('?', 'Yes')|1
Big Boss|('Yes', '.')|1
Big Boss|('.', 'Elevator')|1
Big Boss|('Elevator', 'exchange')|1
Big Boss|('exchange', 'outside')|1
Big Boss|('outside', 'station')|1
Big Boss|('station', '.')|1
Big Boss|('About', '1830hrs')|1
Big Boss|('1830hrs', 'Are')|1
Big Boss|('Are', 'you')|1
Big Boss|('you', 'nearly')|1
Big Boss|('nearly', 'there')|1
Big Boss|('there', 'yet')|1
Big Boss|('yet', '?')|1
Big Boss|('?', 'Do')|1
Big Boss|('Do', "n't")|2
Big Boss|("n't", 'make')|2
Big Boss|('make', 'me')|2
Big Boss|('me', 'waste')|1
Big Boss|('waste', 'my')|1
Big Boss|('my', 'train')|1
Big Boss|('train', 'fare')|1
Big Boss|('fare', 'coming')|1
Big Boss|('coming', 'out')|1
Big Boss|('to', 'the')|1
Big Boss|('the', 'sticks')|1
Big Boss|('sticks', 'to')|1
Big Boss|('to', 'meet')|1
Big Boss|('meet', 'you')|1
Big Boss|('you', 'Mav')|1
Big Boss|('Mav', '.')|1
Big Boss|('.', 'Be')|1
Big Boss|('Be', 'there')|2
Big Boss|('there', 'by')|1
Big Boss|('by', '7pm')|1
Big Boss|('7pm', 'or')|1
Big Boss|('or', 'there')|1
Big Boss|('there', 'will')|1
Big Boss|('will', 'be')|1
Big Boss|('be', 'violence')|1
Big Boss|('violence', '...')|1
Big Boss|('...', 'Be')|1
Big Boss|('there', 'and')|1
Big Boss|('and', 'fast')|1
Big Boss|('fast', '.')|1
Big Boss|('I', 'wo')|1
Big Boss|('wo', "n't")|1
Big Boss|("n't", 'wait')|1
Big Boss|('wait', 'any')|1
Big Boss|('any', 'longer')|1
Big Boss|('longer', 'for')|1
Big Boss|('for', 'my')|1
Big Boss|('my', 'money')|1
Big Boss|('money', '.')|1
Big Boss|('me', 'come')|1
Big Boss|('come', 'and')|1
Big Boss|('and', 'take')|1
Big Boss|('take', 'it')|1
Big Boss|('it', 'by')|1
Big Boss|('by', 'force')|1
Big Boss|('force', '...')|1
Big Boss|('...', 'nan')|2
Big Boss|('Meet', 'here')|1
Big Boss|('here', 'now')|1
Big Boss|('now', 'Get')|1
Big Boss|('Get', 'in')|1
Big Boss|('in', 'drop')|1
Big Boss|('drop', 'off')|1
Big Boss|('off', 'money')|1
Big Boss|('money', 'bag')|1
Big Boss|('bag', '.')|2
Big Boss|('.', 'nan')|1
Big Boss|('nan', 'Step')|1
Big Boss|('Step', 'out')|1
Big Boss|('out', 'and')|1
Big Boss|('and', 'leave')|1
Big Boss|('leave', 'bag')|1
Big Boss|('bag', 'in')|1
Big Boss|('in', 'elevator')|1
Big Boss|('elevator', 'at')|1
Big Boss|('at', 'bottom')|1
Big Boss|('bottom', '.')|1
Big Boss|('I', 'am')|1
Big Boss|('am', 'down')|1
Big Boss|('down', 'here')|1
Big Boss|('here', '.')|2
Big Boss|('I', 'will.pass')|1
Big Boss|('will.pass', 'you')|1
Big Boss|('you', 'on')|1
Big Boss|('on', 'way')|1
Big Boss|('way', 'in')|1
Big Boss|('in', 'to')|1
Big Boss|('to', 'pick')|1
Big Boss|('pick', 'up')|1
Big Boss|('up', 'bag')|1
Big Boss|('Your', 'debt')|1
Big Boss|('debt', 'is')|1
Big Boss|('is', 'paid')|1
Big Boss|('paid', '.')|1
Big Boss|('.', 'Want')|1
Big Boss|('Want', 'to')|1
Big Boss|('to', 'make')|1
Big Boss|('make', 'some')|1
Big Boss|('some', 'more')|1
Big Boss|('more', 'money')|1
Big Boss|('money', '?')|1
Big Boss|('?', 'I')|1
Big Boss|('I', 'have')|1
Big Boss|('have', 'a')|1
Big Boss|('a', 'job')|1
Big Boss|('job', 'for')|1
Big Boss|('for', 'you')|1
Big Boss|('you', ',')|1
Big Boss|(',', 'if')|1
Big Boss|('you', "'re")|1
Big Boss|("'re", 'interested')|1
Big Boss|('interested', '...')|1
Big Boss|('.', '20')|1
Big Boss|('20', 'mins')|1
Big Boss|('mins', 'Where')|1
Big Boss|('Where', 'you')|1
Big Boss|('you', 'at')|1
Big Boss|('at', '?')|1
Big Boss|('?', 'You')|1
Big Boss|('You', 'are')|1
Big Boss|('are', 'late')|1
Big Boss|('late', '.')|1
Big Boss|('.', 'And')|1
Big Boss|('And', 'remember')|1
Big Boss|('remember', ',')|1
Big Boss|(',', 'you')|2
Big Boss|('you', 'do')|2
Big Boss|("n't", 'get')|1
Big Boss|('paid', 'until')|1
Big Boss|('until', 'the')|1
Big Boss|('the', 'hit')|1
Big Boss|('hit', 'is')|1
Big Boss|('is', 'done')|1
Big Boss|('done', '...')|1
Big Boss|('...', '48hrs')|1
Big Boss|('48hrs', '.')|1
Big Boss|('.', 'Then')|1
Big Boss|('Then', 'the')|1
Big Boss|('the', 'contract')|1
Big Boss|('contract', 'goes')|1
Big Boss|('goes', 'elsewhere')|1
Big Boss|('elsewhere', '.')|1
Big Boss|('You', 'snooze')|1
Big Boss|('snooze', ',')|1
Big Boss|('you', 'loose')|1
Big Boss|('loose', '.')|1
Big Boss|('What', '?')|1
Big Boss|('?', 'Ensure')|1
Big Boss|('Ensure', 'you')|1
Big Boss|('do', 'this')|1
Big Boss|('this', 'weekend')|1
Big Boss|('weekend', '.')|1
Big Boss|('.', 'Or')|1
Big Boss|('Or', 'I')|1
Big Boss|('I', 'will')|1
Big Boss|('will', 'take')|1
Big Boss|('take', 'care')|1
Big Boss|('care', 'of')|1
Big Boss|('of', 'you')|1
Big Boss|('you', 'all')|1
Big Boss|('all', '....')|1
Dadusko|('Cau', 'ako')|1
Dadusko|('ako', 'To')|1
Dadusko|('To', 'si')|1
Dadusko|('si', 'ti')|1
Dadusko|('ti', 'Amalia')|1
Dadusko|('Amalia', 'Tu')|1
Dadusko|('Tu', 'Maja')|1
Dadusko|('Maja', 'Sticker')|1
Dadusko|('Sticker', ':')|1
Dadusko|(':', '90600')|1
Goldfinger|('Let', '’')|2
Goldfinger|('’', 's')|16
Goldfinger|('s', 'go')|2
Goldfinger|('go', 'go')|4
Goldfinger|('go', 'Are')|2
Goldfinger|('Are', 'u')|2
Goldfinger|('u', 'drunk😂')|2
Goldfinger|('drunk😂', 'nan')|2
Goldfinger|('nan', 'Correction')|2
Goldfinger|('Correction', '...')|2
Goldfinger|('...', 'everything')|2
Goldfinger|('everything', 'I')|2
Goldfinger|('I', 'want')|4
Goldfinger|('want', '😎😂')|2
Goldfinger|('😎😂', 'I')|2
Goldfinger|('I', '’')|26
Goldfinger|('’', 'm')|14
Goldfinger|('m', 'just')|2
Goldfinger|('just', 'who')|2
Goldfinger|('who', 'I')|2
Goldfinger|('I', 'am')|2
Goldfinger|('am', '...')|2
Goldfinger|('...', 'take')|2
Goldfinger|('take', 'it')|2
Goldfinger|('it', 'or')|4
Goldfinger|('or', 'leave')|4
Goldfinger|('leave', 'it')|4
Goldfinger|('it', 'Ha')|2
Goldfinger|('Ha', 'ha')|5
Goldfinger|('ha', 'Should')|2
Goldfinger|('Should', 'I')|2
Goldfinger|('I', 'go')|4
Goldfinger|('go', 'in')|2
Goldfinger|('in', '?')|2
Goldfinger|('?', 'Might')|2
Goldfinger|('Might', 'be')|2
Goldfinger|('be', 'something')|2
Goldfinger|('something', 'for')|2
Goldfinger|('for', 'us')|2
Goldfinger|('us', 'It')|2
Goldfinger|('It', '’')|3
Goldfinger|('s', 'an')|2
Goldfinger|('an', 'old')|2
Goldfinger|('old', 'Volvo')|2
Goldfinger|('Volvo', '...')|2
Goldfinger|('...', 'could')|2
Goldfinger|('could', 'be')|2
Goldfinger|('be', 'good')|2
Goldfinger|('good', 'That')|2
Goldfinger|('That', '’')|4
Goldfinger|('s', 'good')|4
Goldfinger|('good', 'though')|2
Goldfinger|('though', 'Shit')|2
Goldfinger|('Shit', '...')|2
Goldfinger|('...', 'so')|2
Goldfinger|('so', 'good')|2
Goldfinger|('good', 'nan')|2
Goldfinger|('nan', 'Stooooooop')|2
Goldfinger|('Stooooooop', 'nan')|2
Goldfinger|('nan', 'Donald')|2
Goldfinger|('Donald', 'D')|2
Goldfinger|('D', 'is')|2
Goldfinger|('is', 'the')|2
Goldfinger|('the', 'shit')|2
Goldfinger|('shit', 'Yes')|2
Goldfinger|('Yes', 'we')|2
Goldfinger|('we', '’')|2
Goldfinger|('’', 'll')|11
Goldfinger|('ll', 'be')|6
Goldfinger|('be', 'careful')|2
Goldfinger|('careful', 'Wonderful')|2
Goldfinger|('Wonderful', 'Yes')|2
Goldfinger|('Yes', 'mucho')|2
Goldfinger|('mucho', 'blingo')|2
Goldfinger|('blingo', 'fasto')|2
Goldfinger|('fasto', 'nowo')|2
Goldfinger|('nowo', 'nan')|2
Goldfinger|('nan', 'nan')|9
Goldfinger|('nan', 'Happy')|2
Goldfinger|('Happy', 'I')|2
Goldfinger|('I', 'haven')|2
Goldfinger|('haven', '’')|2
Goldfinger|('’', 't')|10
Goldfinger|('t', 'had')|2
Goldfinger|('had', 'any')|2
Goldfinger|('any', 'f-ing')|2
Goldfinger|('f-ing', 'luck')|2
Goldfinger|('luck', 'today')|2
Goldfinger|('today', '........')|2
Goldfinger|('........', 'nan')|2
Goldfinger|('nan', 'Sent')|2
Goldfinger|('Sent', 'on')|2
Goldfinger|('on', 'diff')|2
Goldfinger|('diff', 'app')|2
Goldfinger|('app', 'I')|2
Goldfinger|('be', 'there')|4
Goldfinger|('there', 'shortly')|2
Goldfinger|('shortly', 'https')|2
Goldfinger|('https', ':')|6
Goldfinger|(':', '//www.guldbrev.se/salja-guld/salja-guldsmycken/')|2
Goldfinger|('//www.guldbrev.se/salja-guld/salja-guldsmycken/', '?')|2
Goldfinger|('?', 'dv_adwords_campaign=9736389597')|2
Goldfinger|('dv_adwords_campaign=9736389597', '&')|2
Goldfinger|('&', 'dv_adwords_network=g')|2
Goldfinger|('dv_adwords_network=g', '&')|2
Goldfinger|('&', 'dv_adwords_target=kwd-355739533321')|2
Goldfinger|('dv_adwords_target=kwd-355739533321', '&')|2
Goldfinger|('&', 'gclid=EAIaIQobChMI9fKCq-KM7wIV2UiRBR0ajwgSEAAYASABEgIYJfD_BwE')|2
Goldfinger|('gclid=EAIaIQobChMI9fKCq-KM7wIV2UiRBR0ajwgSEAAYASABEgIYJfD_BwE', '&')|2
Goldfinger|('&', 'gclsrc=aw.ds')|2
Goldfinger|('gclsrc=aw.ds', 'Swedish')|2
Goldfinger|('Swedish', 'place')|2
Goldfinger|('place', 'to')|2
Goldfinger|('to', 'sell')|2
Goldfinger|('sell', '...')|2
Goldfinger|('...', 'but')|2
Goldfinger|('but', 'they')|2
Goldfinger|('they', 'need')|2
Goldfinger|('need', 'a')|2
Goldfinger|('a', 'registered')|2
Goldfinger|('registered', 'address')|2
Goldfinger|('address', '😒')|2
Goldfinger|('😒', 'Looks')|2
Goldfinger|('Looks', 'so')|2
Goldfinger|('so', 'yummy')|2
Goldfinger|('yummy', 'Are')|2
Goldfinger|('Are', 'you')|4
Goldfinger|('you', 'here')|2
Goldfinger|('here', 'too')|2
Goldfinger|('too', '?')|4
Goldfinger|('?', 'Oh')|2
Goldfinger|('Oh', 'nooo')|2
Goldfinger|('nooo', 'Asking')|2
Goldfinger|('Asking', 'me')|2
Goldfinger|('me', '?')|2
Goldfinger|('?', 'I')|2
Goldfinger|('ll', 'check')|2
Goldfinger|('check', 'with')|2
Goldfinger|('with', 'Bob')|2
Goldfinger|('Bob', 'Feels')|2
Goldfinger|('Feels', 'a')|2
Goldfinger|('a', 'bit')|2
Goldfinger|('bit', 'much')|2
Goldfinger|('much', 'he')|2
Goldfinger|('he', 'says')|2
Goldfinger|('says', '500')|2
Goldfinger|('500', ':')|2
Goldfinger|(':', '-')|2
Goldfinger|('-', 'SEK')|2
Goldfinger|('SEK', 'Take')|2
Goldfinger|('Take', 'it')|2
Goldfinger|('it', '?')|2
Goldfinger|('?', 'Now')|2
Goldfinger|('Now', 'this')|2
Goldfinger|('this', 'one')|3
Goldfinger|('one', 'I')|2
Goldfinger|('want', 'guys')|2
Goldfinger|('guys', 'https')|2
Goldfinger|(':', '//images.app.goo.gl/DAeMMFRGrKbpk96L8')|2
Goldfinger|('//images.app.goo.gl/DAeMMFRGrKbpk96L8', 'https')|2
Goldfinger|(':', '//www.svtstatic.se/image/large/650/26327810/1586248536')|2
Goldfinger|('//www.svtstatic.se/image/large/650/26327810/1586248536', '?')|2
Goldfinger|('?', 'format=auto')|2
Goldfinger|('format=auto', '&')|2
Goldfinger|('&', 'chromaSubSampling=false')|2
Goldfinger|('chromaSubSampling=false', 'Done')|2
Goldfinger|('Done', 'I')|2
Goldfinger|('I', 'think')|5
Goldfinger|('think', 'the')|2
Goldfinger|('the', 'cops')|4
Goldfinger|('cops', 'are')|2
Goldfinger|('are', 'on')|2
Goldfinger|('on', 'to')|2
Goldfinger|('to', 'me')|2
Goldfinger|('me', 'Go')|2
Goldfinger|('Go', 'shadow')|2
Goldfinger|('shadow', 'Hunter')|2
Goldfinger|('Hunter', 'go')|2
Goldfinger|('go', '😎')|2
Goldfinger|('😎', 'Check')|2
Goldfinger|('Check', 'this')|2
Goldfinger|('this', 'slim')|2
Goldfinger|('slim', 'guy')|2
Goldfinger|('guy', 'out')|2
Goldfinger|('out', 'Perfect')|2
Goldfinger|('Perfect', '👌')|2
Goldfinger|('👌', 'System')|2
Goldfinger|('System', 'player')|2
Goldfinger|('player', '😂')|2
Goldfinger|('😂', 'Systembolaget')|2
Goldfinger|('Systembolaget', '(')|2
Goldfinger|('(', 'was')|2
Goldfinger|('was', 'what')|2
Goldfinger|('what', 'I')|2
Goldfinger|('I', 'wanted')|2
Goldfinger|('wanted', 'Counting')|2
Goldfinger|('Counting', 'billions')|2
Goldfinger|('billions', 'as')|2
Goldfinger|('as', 'we')|2
Goldfinger|('we', 'speak')|2
Goldfinger|('speak', 'Sweet')|2
Goldfinger|('Sweet', 'Can')|2
Goldfinger|('Can', 'hear')|2
Goldfinger|('hear', 'you')|2
Goldfinger|('you', 'load')|2
Goldfinger|('load', 'and')|2
Goldfinger|('and', 'clear')|2
Goldfinger|('clear', '-')|2
Goldfinger|('-', 'over')|2
Goldfinger|('over', 'Neiiiiiigh')|2
Goldfinger|('Neiiiiiigh', 'I')|2
Goldfinger|('think', 'this')|2
Goldfinger|('this', 'might')|2
Goldfinger|('might', 'have')|2
Goldfinger|('have', 'potential')|2
Goldfinger|('potential', '😎💰👍')|2
Goldfinger|('😎💰👍', 'Good')|2
Goldfinger|('Good', 'I')|2
Goldfinger|('m', 'with')|2
Goldfinger|('with', 'my')|2
Goldfinger|('my', 'mate')|2
Goldfinger|('mate', 'and')|2
Goldfinger|('and', 'he')|2
Goldfinger|('he', 'is')|4
Goldfinger|('is', 'good')|3
Goldfinger|('good', 'to')|2
Goldfinger|('to', 'move')|2
Goldfinger|('move', 'the')|2
Goldfinger|('the', 'stuff')|2
Goldfinger|('stuff', 'Going')|2
Goldfinger|('Going', 'ahead')|2
Goldfinger|('ahead', 'with')|2
Goldfinger|('with', 'the')|2
Goldfinger|('the', 'deal')|2
Goldfinger|('deal', 'Mmm')|2
Goldfinger|('Mmm', 'possible')|2
Goldfinger|('possible', 'Boom')|2
Goldfinger|('Boom', '💥')|2
Goldfinger|('💥', 'No')|2
Goldfinger|('No', 'Twilight')|2
Goldfinger|('Twilight', 'I')|4
Goldfinger|('I', 'need')|4
Goldfinger|('need', 'them')|2
Goldfinger|('them', '😎')|2
Goldfinger|('😎', 'I')|2
Goldfinger|('m', 'working')|2
Goldfinger|('working', 'on')|2
Goldfinger|('on', 'it')|3
Goldfinger|('it', 'Good')|2
Goldfinger|('Good', 'thinking')|2
Goldfinger|('thinking', 'Ha')|2
Goldfinger|('ha', 'That')|2
Goldfinger|('s', 'ok.')|2
Goldfinger|('ok.', 'No')|2
Goldfinger|('No', 'worries')|2
Goldfinger|('worries', 'Glad')|2
Goldfinger|('Glad', 'you')|2
Goldfinger|('you', '’')|4
Goldfinger|('’', 're')|3
Goldfinger|('re', 'on')|2
Goldfinger|('on', 'top')|2
Goldfinger|('top', 'of')|2
Goldfinger|('of', 'things')|2
Goldfinger|('things', 'Mav')|2
Goldfinger|('Mav', 'Mr')|2
Goldfinger|('Mr', 'COVID')|2
Goldfinger|('COVID', 'Wooow')|2
Goldfinger|('Wooow', '!')|2
Goldfinger|('!', '!')|15
Goldfinger|('!', 'Doing')|2
Goldfinger|('Doing', 'good')|2
Goldfinger|('good', 'out')|2
Goldfinger|('out', 'there')|2
Goldfinger|('there', 'Feel')|2
Goldfinger|('Feel', 'like')|2
Goldfinger|('like', 'I')|2
Goldfinger|('’', 've')|5
Goldfinger|('ve', 'missed')|2
Goldfinger|('missed', 'when')|2
Goldfinger|('when', 'it')|2
Goldfinger|('it', 'all')|4
Goldfinger|('all', 'went')|2
Goldfinger|('went', 'down')|2
Goldfinger|('down', '🙈')|2
Goldfinger|('🙈', 'Wish')|2
Goldfinger|('Wish', 'me')|2
Goldfinger|('me', 'luck')|2
Goldfinger|('luck', '🍀')|2
Goldfinger|('🍀', 'Rain')|2
Goldfinger|('Rain', '...')|2
Goldfinger|('...', 'Fan')|2
Goldfinger|('Fan', 'också')|2
Goldfinger|('också', '😂')|2
Goldfinger|('😂', 'Cafe')|2
Goldfinger|('Cafe', 'is')|2
Goldfinger|('is', 'open')|2
Goldfinger|('open', 'Tomorrow')|2
Goldfinger|('Tomorrow', 'I')|2
Goldfinger|('go', 'out')|2
Goldfinger|('out', 'then')|2
Goldfinger|('then', '😎')|2
Goldfinger|('😎', '$')|2
Goldfinger|('$', 'uper')|2
Goldfinger|('uper', '🎵🔝it')|2
Goldfinger|('🎵🔝it', '’')|2
Goldfinger|('s', 'important')|2
Goldfinger|('important', 'stuff')|2
Goldfinger|('stuff', 'too')|2
Goldfinger|('too', 'This')|2
Goldfinger|('This', 'bank')|2
Goldfinger|('bank', 'door')|2
Goldfinger|('door', 'might')|2
Goldfinger|('might', 'be')|2
Goldfinger|('be', 'a')|4
Goldfinger|('a', 'problem')|2
Goldfinger|('problem', '?')|2
Goldfinger|('?', 'Solid')|1
Goldfinger|('Solid', '....')|2
Goldfinger|('....', 'Another')|1
Goldfinger|('Another', 'trap')|2
Goldfinger|('trap', 'It')|1
Goldfinger|('It', 'used')|2
Goldfinger|('used', 'to')|2
Goldfinger|('to', 'be')|4
Goldfinger|('a', 'bank')|2
Goldfinger|('bank', 'but')|2
Goldfinger|('but', 'I')|4
Goldfinger|('I', 'recon')|2
Goldfinger|('recon', 'they')|2
Goldfinger|('they', 'still')|2
Goldfinger|('still', 'hold')|2
Goldfinger|('hold', 'some')|2
Goldfinger|('some', 'really')|2
Goldfinger|('really', 'valuable')|2
Goldfinger|('valuable', 'things')|2
Goldfinger|('things', 'there')|2
Goldfinger|('there', 'I')|2
Goldfinger|('I', 'was')|2
Goldfinger|('was', 'sneaky')|2
Goldfinger|('sneaky', 'and')|2
Goldfinger|('and', 'got')|3
Goldfinger|('got', 'in')|2
Goldfinger|('in', 'pretending')|2
Goldfinger|('pretending', 'to')|2
Goldfinger|('be', 'interested')|2
Goldfinger|('interested', 'in')|2
Goldfinger|('in', 'their')|2
Goldfinger|('their', 'business')|2
Goldfinger|('business', '👩\u200d💼😎🤣')|2
Goldfinger|('👩\u200d💼😎🤣', 'I')|2
Goldfinger|('ve', 'got')|2
Goldfinger|('got', 'Tom')|2
Goldfinger|('Tom', 'But')|2
Goldfinger|('But', 'he')|2
Goldfinger|('is', 'not')|2
Goldfinger|('not', 'working')|2
Goldfinger|('working', 'right')|2
Goldfinger|('right', 'now')|2
Goldfinger|('now', 'YMCA')|2
Goldfinger|('YMCA', '?')|2
Goldfinger|('?', '?')|6
Goldfinger|('?', 'U')|3
Goldfinger|('U', 'r')|4
Goldfinger|('r', 'gay😎')|2
Goldfinger|('gay😎', 'nan')|2
Goldfinger|('nan', 'I')|5
Goldfinger|('m', 'a')|2
Goldfinger|('a', 'true')|2
Goldfinger|('true', 'Bandit')|2
Goldfinger|('Bandit', '💰🤣')|2
Goldfinger|('💰🤣', 'WTF')|2
Goldfinger|('WTF', 'noooo')|2
Goldfinger|('noooo', 'I')|2
Goldfinger|('I', 'can')|4
Goldfinger|('can', '’')|4
Goldfinger|('t', 'shift')|2
Goldfinger|('shift', 'more')|2
Goldfinger|('more', 'stuff')|2
Goldfinger|('stuff', '....')|2
Goldfinger|('....', 'tell')|2
Goldfinger|('tell', 'our')|2
Goldfinger|('our', 'Boss')|2
Goldfinger|('Boss', '🖕🏼')|2
Goldfinger|('🖕🏼', 'Top')|2
Goldfinger|('Top', 'one')|2
Goldfinger|('one', 'looks')|2
Goldfinger|('looks', 'like')|2
Goldfinger|('like', 'last')|2
Goldfinger|('last', 'weeks')|2
Goldfinger|('weeks', 'catch')|2
Goldfinger|('catch', '....')|2
Goldfinger|('....', 'we')|2
Goldfinger|('we', 'only')|2
Goldfinger|('only', 'got')|2
Goldfinger|('got', '10k')|2
Goldfinger|('10k', '....')|2
Goldfinger|('....', 'U')|2
Goldfinger|('r', 'defend')|2
Goldfinger|('defend', 'him')|2
Goldfinger|('him', 'Going')|2
Goldfinger|('Going', 'soon')|2
Goldfinger|('soon', '....')|2
Goldfinger|('....', 'hoping')|2
Goldfinger|('hoping', 'to')|2
Goldfinger|('to', 'bring')|2
Goldfinger|('bring', 'the')|2
Goldfinger|('the', 'real')|2
Goldfinger|('real', 'deal')|2
Goldfinger|('deal', 'nan')|2
Goldfinger|('nan', 'Man')|2
Goldfinger|('Man', 'that')|2
Goldfinger|('that', '’')|2
Goldfinger|('good', 'gold')|2
Goldfinger|('gold', 'for')|2
Goldfinger|('for', 'any')|2
Goldfinger|('any', 'finger')|2
Goldfinger|('finger', 'Yep')|2
Goldfinger|('Yep', 'I')|2
Goldfinger|('I', 'feel')|2
Goldfinger|('feel', 'you')|2
Goldfinger|('you', 'Good')|2
Goldfinger|('Good', 'stuff')|2
Goldfinger|('stuff', 'Do')|2
Goldfinger|('Do', 'I')|2
Goldfinger|('need', 'one')|2
Goldfinger|('one', 'too')|2
Goldfinger|('?', 'How')|2
Goldfinger|('How', 'did')|2
Goldfinger|('did', 'you')|2
Goldfinger|('you', 'get')|2
Goldfinger|('get', 'your')|2
Goldfinger|('your', 'hands')|2
Goldfinger|('hands', 'on')|2
Goldfinger|('on', 'that')|2
Goldfinger|('that', '!')|2
Goldfinger|('!', '👍💰')|2
Goldfinger|('👍💰', 'Good')|2
Goldfinger|('Good', 'job')|4
Goldfinger|('job', 'He')|2
Goldfinger|('He', 'is')|2
Goldfinger|('is', 'everywhere')|2
Goldfinger|('everywhere', 'Must')|2
Goldfinger|('Must', 'be')|2
Goldfinger|('be', 'Mr')|2
Goldfinger|('Mr', '007')|2
Goldfinger|('007', 'nan')|2
Goldfinger|('there', 'Starting')|2
Goldfinger|('Starting', 'early')|2
Goldfinger|('early', 'nan')|2
Goldfinger|('nan', 'Got')|2
Goldfinger|('Got', 'two')|2
Goldfinger|('two', 'and')|2
Goldfinger|('and', 'a')|2
Goldfinger|('a', 'gin')|2
Goldfinger|('gin', 'and')|2
Goldfinger|('and', 'tonic')|2
Goldfinger|('tonic', '.....')|2
Goldfinger|('.....', 'not')|2
Goldfinger|('not', 'Oh')|2
Goldfinger|('Oh', 'sorry')|2
Goldfinger|('sorry', 'about')|2
Goldfinger|('about', 'that')|2
Goldfinger|('that', '..')|2
Goldfinger|('..', 'Swedes')|2
Goldfinger|('Swedes', 'love')|2
Goldfinger|('love', 'clarity')|2
Goldfinger|('clarity', 'Hope')|2
Goldfinger|('Hope', 'u')|2
Goldfinger|('u', 'r')|2
Goldfinger|('r', 'safe')|2
Goldfinger|('safe', 'I')|2
Goldfinger|('m', 'in')|2
Goldfinger|('in', 'Nacka')|2
Goldfinger|('Nacka', 'again')|2
Goldfinger|('again', 'today')|2
Goldfinger|('today', 'Not')|2
Goldfinger|('Not', 'the')|2
Goldfinger|('cops', '...')|2
Goldfinger|('...', 'nan')|2
Goldfinger|('nan', 'Thanks')|3
Goldfinger|('Thanks', 'got')|2
Goldfinger|('got', 'some')|2
Goldfinger|('some', 'bling')|2
Goldfinger|('bling', 'too')|2
Goldfinger|('too', 'Bottom')|2
Goldfinger|('Bottom', 'floor')|2
Goldfinger|('floor', '..')|2
Goldfinger|('..', ',')|2
Goldfinger|(',', 'Don')|2
Goldfinger|('Don', '’')|2
Goldfinger|('t', 'think')|2
Goldfinger|('think', 'Seven')|2
Goldfinger|('Seven', 'has')|2
Goldfinger|('has', 'made')|2
Goldfinger|('made', 'it')|2
Goldfinger|('it', 'his')|2
Goldfinger|('his', 'turf')|2
Goldfinger|('turf', 'yet')|2
Goldfinger|('yet', 'Good')|2
Goldfinger|('job', 'Twilight')|2
Goldfinger|('I', 'saw')|2
Goldfinger|('saw', '“')|2
Goldfinger|('“', 'Papi')|2
Goldfinger|('Papi', '”')|2
Goldfinger|('”', 'the')|2
Goldfinger|('the', 'car')|2
Goldfinger|('car', 'just')|2
Goldfinger|('just', 'down')|2
Goldfinger|('down', 'the')|2
Goldfinger|('the', 'road')|2
Goldfinger|('road', '...')|2
Goldfinger|('...', 'it')|2
Goldfinger|('it', '’')|2
Goldfinger|('s', 'so')|2
Goldfinger|('so', 'damn')|2
Goldfinger|('damn', 'nice')|2
Goldfinger|('nice', 'And')|2
Goldfinger|('And', 'turquoise')|2
Goldfinger|('turquoise', '😂')|2
Goldfinger|('😂', 'Jamming')|2
Goldfinger|('Jamming', 'today')|2
Goldfinger|('today', '🎵')|2
Goldfinger|('🎵', 'Yummy')|2
Goldfinger|('Yummy', 'Howdy')|1
Goldfinger|('Howdy', 'Goose')|1
Goldfinger|('Goose', '✌️')|1
Goldfinger|('✌️', 'Yep')|1
Goldfinger|('Yep', 'Done')|1
Goldfinger|('Done', 'some')|1
Goldfinger|('some', 'time')|1
Goldfinger|('time', 'bit')|1
Goldfinger|('bit', 'back')|1
Goldfinger|('back', 'With')|1
Goldfinger|('With', 'a')|1
Goldfinger|('a', 'vegence')|1
Goldfinger|('vegence', '!')|1
Goldfinger|('!', 'What')|1
Goldfinger|('What', 'have')|1
Goldfinger|('have', 'you')|1
Goldfinger|('you', 'been')|1
Goldfinger|('been', 'up')|1
Goldfinger|('up', 'to')|1
Goldfinger|('to', '?')|1
Goldfinger|('?', '😎👍')|1
Goldfinger|('😎👍', 'Are')|1
Goldfinger|('you', 'skiing')|1
Goldfinger|('skiing', '?')|1
Goldfinger|('?', 'nan')|3
Goldfinger|('t', 'see')|1
Goldfinger|('see', 'you')|1
Goldfinger|('you', 'Nice')|1
Goldfinger|('Nice', 'moves')|1
Goldfinger|('moves', 'Any')|1
Goldfinger|('Any', 'good')|1
Goldfinger|('good', 'Meeting')|1
Goldfinger|('Meeting', 'place')|1
Goldfinger|('place', '?')|1
Goldfinger|('?', 'It')|1
Goldfinger|('It', 'is')|1
Goldfinger|('is', 'My')|1
Goldfinger|('My', 'mate')|1
Goldfinger|('mate', 'asked')|1
Goldfinger|('asked', 'if')|1
Goldfinger|('if', 'cryptocurrency')|1
Goldfinger|('cryptocurrency', 'is')|1
Goldfinger|('good', '?')|1
Goldfinger|('U', 'know')|1
Goldfinger|('know', '?')|1
Goldfinger|('?', 'Perfect')|1
Goldfinger|('Perfect', 'Never')|1
Goldfinger|('Never', 'seen')|1
Goldfinger|('seen', 'him')|1
Goldfinger|('him', '.')|1
Goldfinger|('.', 'nan')|1
Goldfinger|('Thanks', '😊')|1
Goldfinger|('😊', 'Do')|1
Goldfinger|('Do', 'you')|1
Goldfinger|('you', 'know')|1
Goldfinger|('know', 'how')|1
Goldfinger|('how', 'long')|1
Goldfinger|('long', 'I')|1
Goldfinger|('I', 'worked')|1
Goldfinger|('worked', 'to')|1
Goldfinger|('to', 'get')|2
Goldfinger|('get', 'that')|1
Goldfinger|('that', 'makeup')|1
Goldfinger|('makeup', 'on')|1
Goldfinger|('on', '?')|1
Goldfinger|('?', '!')|3
Goldfinger|('!', '?')|3
Goldfinger|('?', '😂')|1
Goldfinger|('😂', 'nan')|1
Goldfinger|('nan', 'It')|1
Goldfinger|('s', 'Hip')|1
Goldfinger|('Hip', ',')|1
Goldfinger|(',', 'or')|1
Goldfinger|('or', 'so')|1
Goldfinger|('so', 'I')|1
Goldfinger|('ve', 'heard')|1
Goldfinger|('heard', 'nan')|1
Goldfinger|('nan', 'You')|1
Goldfinger|('You', 'and')|1
Goldfinger|('and', 'your')|1
Goldfinger|('your', 'old')|1
Goldfinger|('old', 'crime')|1
Goldfinger|('crime', 'series')|1
Goldfinger|('series', '💕')|1
Goldfinger|('💕', 'I')|1
Goldfinger|('m', 'back')|1
Goldfinger|('back', 'to')|1
Goldfinger|('to', 'base')|1
Goldfinger|('base', 'Wtf')|1
Goldfinger|('Wtf', '?')|1
Goldfinger|('?', 'Me')|1
Goldfinger|('Me', 'here')|1
Goldfinger|('here', 'nan')|1
Goldfinger|('nan', 'Coffee')|1
Goldfinger|('Coffee', 'time')|1
Goldfinger|('time', 'nan')|1
Goldfinger|('nan', 'Cute')|1
Goldfinger|('Cute', 'nan')|1
Goldfinger|('nan', 'Liking')|1
Goldfinger|('Liking', 'this')|1
Goldfinger|('one', 'Are')|1
Goldfinger|('you', 'getting')|1
Goldfinger|('getting', 'any')|1
Goldfinger|('any', 'cash')|1
Goldfinger|('cash', '?')|1
Goldfinger|('?', 'Ok')|1
Goldfinger|('Ok', 'I')|1
Goldfinger|('m', 'on')|1
Goldfinger|('it', 'A')|1
Goldfinger|('A', 'bit')|1
Goldfinger|('bit', 'like')|1
Goldfinger|('like', 'u')|1
Goldfinger|('u', 'today')|1
Goldfinger|('today', '....')|1
Goldfinger|('....', 'Grey')|1
Goldfinger|('Grey', 'Oh')|1
Goldfinger|('Oh', 'yes')|1
Goldfinger|('yes', 'baddie')|1
Goldfinger|('baddie', 'Only')|1
Goldfinger|('Only', 'got')|2
Goldfinger|('got', 'the')|2
Goldfinger|('the', 'one')|2
Goldfinger|('one', '?')|2
Goldfinger|('nan', 'Nana')|2
Goldfinger|('Nana', '.....')|2
Goldfinger|('.....', 'I')|2
Goldfinger|('I', 'have')|2
Goldfinger|('have', 'no')|2
Goldfinger|('no', 'idea')|2
Goldfinger|('idea', '🤷\u200d♀️')|2
Goldfinger|('🤷\u200d♀️', 'but')|2
Goldfinger|('m', 'sure')|2
Goldfinger|('sure', 'you')|2
Goldfinger|('ll', 'tell')|2
Goldfinger|('tell', 'me')|2
Goldfinger|('me', 'nan')|2
Goldfinger|('nan', '3k')|2
Goldfinger|('3k', 'with')|2
Goldfinger|('with', 'necklace')|2
Goldfinger|('necklace', 'nan')|2
Goldfinger|('nan', 'Stoned')|2
Goldfinger|('Stoned', '?')|2
Goldfinger|('?', 'Yummy')|2
Goldfinger|('Yummy', 'Google')|2
Goldfinger|('Google', 'knows')|2
Goldfinger|('knows', 'it')|2
Goldfinger|('all', 'Love')|2
Goldfinger|('Love', 'this')|2
Goldfinger|('this', 'Ok')|2
Goldfinger|('Ok', '...')|2
Goldfinger|('...', 'message')|2
Goldfinger|('message', 'received')|2
Goldfinger|('received', 'Fab')|1
Goldfinger|('Fab', 'sweets')|1
Goldfinger|('sweets', 'Right')|1
Goldfinger|('Right', 'colour')|1
Goldfinger|('colour', 'too')|1
Goldfinger|('too', '😂🙈')|1
Goldfinger|('😂🙈', 'Ha')|1
Goldfinger|('ha', 'I')|1
Goldfinger|('think', 'Goose')|1
Goldfinger|('Goose', 'is')|2
Goldfinger|('is', 'trying')|1
Goldfinger|('trying', 'to')|1
Goldfinger|('to', 'screw')|1
Goldfinger|('screw', 'me')|1
Goldfinger|('me', 'over')|1
Goldfinger|('over', 'Ohh')|1
Goldfinger|('Ohh', 'nothing')|1
Goldfinger|('nothing', 'he')|1
Goldfinger|('he', '’')|1
Goldfinger|('s', 'sorted')|1
Goldfinger|('sorted', 'it')|1
Goldfinger|('it', 'out')|1
Goldfinger|('out', 'Heard')|1
Goldfinger|('Heard', 'something')|1
Goldfinger|('something', 'from')|1
Goldfinger|('from', 'Twilight')|1
Goldfinger|('Twilight', 'and')|1
Goldfinger|('got', 'nervous')|1
Goldfinger|('nervous', 'He')|1
Goldfinger|('He', 'wasn')|1
Goldfinger|('wasn', '’')|2
Goldfinger|('t', 'paying')|1
Goldfinger|('paying', 'as')|1
Goldfinger|('as', 'he')|1
Goldfinger|('he', 'promised')|1
Goldfinger|('promised', 'Not')|1
Goldfinger|('Not', 'sure')|1
Goldfinger|('sure', 'what')|1
Goldfinger|('what', 'he')|1
Goldfinger|('he', 'does')|1
Goldfinger|('does', 'Sometimes')|1
Goldfinger|('Sometimes', 'I')|1
Goldfinger|('t', 'reach')|1
Goldfinger|('reach', 'him')|1
Goldfinger|('him', '...')|1
Goldfinger|('...', 'and')|1
Goldfinger|('and', 'not')|1
Goldfinger|('not', 'sure')|1
Goldfinger|('sure', 'if')|1
Goldfinger|('if', 'I')|1
Goldfinger|('I', 'trust')|1
Goldfinger|('trust', 'him')|1
Goldfinger|('him', 'as')|1
Goldfinger|('as', 'before')|1
Goldfinger|('before', 'Twilight')|1
Goldfinger|('Twilight', 'is')|1
Goldfinger|('is', 'fine')|1
Goldfinger|('fine', '....')|1
Goldfinger|('....', 'Goose')|1
Goldfinger|('is', 'loose')|1
Goldfinger|('loose', 'So')|1
Goldfinger|('So', 'dodgy')|1
Goldfinger|('dodgy', 'Mr')|1
Goldfinger|('Mr', 'Hood')|1
Goldfinger|('Hood', 'nan')|1
Goldfinger|('nan', 'Woof')|1
Goldfinger|('Woof', 'woof')|1
Goldfinger|('woof', 'woofer')|1
Goldfinger|('woofer', 'That')|1
Goldfinger|('That', 'ring')|1
Goldfinger|('ring', 'can')|1
Goldfinger|('can', 'bring')|1
Goldfinger|('bring', 'good')|1
Goldfinger|('good', 'thing')|1
Goldfinger|('thing', '....')|1
Goldfinger|('....', 'If')|1
Goldfinger|('If', 'you')|1
Goldfinger|('you', 'have')|1
Goldfinger|('have', 'it')|1
Goldfinger|('it', '-')|1
Goldfinger|('-', 'yes')|1
Goldfinger|('yes', 'sure')|1
Goldfinger|('sure', 'Thanks')|1
Goldfinger|('Thanks', 'mate')|1
Goldfinger|('mate', 'We')|1
Goldfinger|('We', '’')|1
Goldfinger|('re', 'going')|1
Goldfinger|('going', 'global')|1
Goldfinger|('global', 'Hmmm')|1
Goldfinger|('Hmmm', ',')|1
Goldfinger|(',', 'my')|1
Goldfinger|('my', 'contact')|1
Goldfinger|('contact', 'wasn')|1
Goldfinger|('t', 'here')|1
Goldfinger|('here', 'today')|1
Goldfinger|('today', 'Might')|1
Goldfinger|('Might', 'show')|1
Goldfinger|('show', 'tomorrow')|1
Goldfinger|('tomorrow', 'I')|1
Goldfinger|('ll', 'stay')|1
Goldfinger|('stay', 'and')|1
Goldfinger|('and', 'sniff')|1
Goldfinger|('sniff', 'around')|1
Goldfinger|('around', '....')|1
Goldfinger|('....', 'might')|1
Goldfinger|('might', 'get')|1
Goldfinger|('get', 'lucky')|1
Goldfinger|('lucky', 'Need')|1
Goldfinger|('Need', 'to')|1
Goldfinger|('get', 'going')|1
Goldfinger|('going', 'now')|1
Goldfinger|('now', 'my')|1
Goldfinger|('my', 'friend')|1
Goldfinger|('friend', 'nan')|1
Goldfinger|('nan', 'Better')|1
Goldfinger|('Better', 'than')|1
Goldfinger|('than', 'Postnord')|1
Goldfinger|('Postnord', 'Let')|1
Goldfinger|('?', 'Another')|1
Goldfinger|('trap', 'Solid')|1
Goldfinger|('....', 'It')|1
Goldfinger|('Yummy', 'Only')|1
Goldfinger SOB|('Out', 'and')|1
Goldfinger SOB|('and', 'about')|1
Goldfinger SOB|('about', '?')|1
Goldy Finger|('Alright', 'geezer')|1
Goldy Finger|('geezer', '!')|1
Goldy Finger|('!', 'Chillar')|1
Goldy Finger|('Chillar', 'här😎')|1
Goldy Finger|('här😎', 'nan')|1
Goldy Finger|('nan', 'I')|1
Goldy Finger|('I', 'got')|1
Goldy Finger|('got', 'flowers')|1
Goldy Finger|('flowers', '....')|1
Goldy Finger|('....', 'did')|1
Goldy Finger|('did', 'you')|1
Goldy Finger|('you', 'send')|1
Goldy Finger|('send', 'them')|1
Goldy Finger|('them', '?')|1
Goldy Finger|('?', 'Maaan')|1
Goldy Finger|('Maaan', 'u')|1
Goldy Finger|('u', 'crazy')|1
Goldy Finger|('crazy', 'Don')|1
Goldy Finger|('Don', '’')|1
Goldy Finger|('’', 't')|5
Goldy Finger|('t', 'send')|1
Goldy Finger|('send', 'stuff')|1
Goldy Finger|('stuff', 'like')|1
Goldy Finger|('like', 'that')|1
Goldy Finger|('that', 'What')|1
Goldy Finger|('What', 'if')|1
Goldy Finger|('if', 'the')|1
Goldy Finger|('the', 'police')|1
Goldy Finger|('police', 'finds')|1
Goldy Finger|('finds', 'it')|1
Goldy Finger|('it', 'Should')|1
Goldy Finger|('Should', 'I')|1
Goldy Finger|('I', 'delete')|1
Goldy Finger|('delete', 'your')|1
Goldy Finger|('your', 'message')|1
Goldy Finger|('message', '?')|1
Goldy Finger|('?', 'Done')|1
Goldy Finger|('Done', 'that')|1
Goldy Finger|('that', 'Is')|1
Goldy Finger|('Is', 'that')|1
Goldy Finger|('that', 'what')|1
Goldy Finger|('what', 'killed')|1
Goldy Finger|('killed', 'the')|1
Goldy Finger|('the', 'Titanic')|1
Goldy Finger|('Titanic', '?')|1
Goldy Finger|('?', '!')|3
Goldy Finger|('!', '?')|1
Goldy Finger|('?', 'An')|1
Goldy Finger|('An', 'iceberg')|1
Goldy Finger|('iceberg', 'nan')|1
Goldy Finger|('nan', 'Yeah')|2
Goldy Finger|('Yeah', 'let')|1
Goldy Finger|('let', '’')|1
Goldy Finger|('’', 's')|2
Goldy Finger|('s', 'go')|1
Goldy Finger|('go', 'Right')|1
Goldy Finger|('Right', 'place')|1
Goldy Finger|('place', 'to')|2
Goldy Finger|('to', '🐝')|1
Goldy Finger|('🐝', 'nan')|1
Goldy Finger|('nan', 'Spånga')|1
Goldy Finger|('Spånga', 'Great')|1
Goldy Finger|('Great', 'places')|1
Goldy Finger|('places', 'nan')|1
Goldy Finger|('Yeah', ',')|1
Goldy Finger|(',', 'thought')|1
Goldy Finger|('thought', 'I')|1
Goldy Finger|('I', 'might')|1
Goldy Finger|('might', 'see')|1
Goldy Finger|('see', 'u')|1
Goldy Finger|('u', 'Ok')|1
Goldy Finger|('Ok', 'I')|1
Goldy Finger|('I', 'know')|3
Goldy Finger|('know', 'this')|1
Goldy Finger|('this', 'place')|1
Goldy Finger|('place', 'well')|1
Goldy Finger|('well', 'Fork')|1
Goldy Finger|('Fork', 'handles')|1
Goldy Finger|('handles', 'are')|1
Goldy Finger|('are', 'very')|1
Goldy Finger|('very', 'useful')|1
Goldy Finger|('useful', 'Give')|1
Goldy Finger|('Give', 'me')|1
Goldy Finger|('me', 'two')|1
Goldy Finger|('two', 'nan')|1
Goldy Finger|('nan', 'nan')|11
Goldy Finger|('nan', 'You')|2
Goldy Finger|('You', 'need')|2
Goldy Finger|('need', 'some')|2
Goldy Finger|('some', '?')|2
Goldy Finger|('?', 'I')|2
Goldy Finger|('know', 'a')|2
Goldy Finger|('a', 'dude')|2
Goldy Finger|('dude', 'Yep')|2
Goldy Finger|('Yep', 'I')|2
Goldy Finger|('I', 'fix')|2
Goldy Finger|('fix', 'Yes')|2
Goldy Finger|('Yes', 'where')|2
Goldy Finger|('where', 'Escape')|1
Goldy Finger|('Escape', 'routes')|2
Goldy Finger|('routes', '?')|2
Goldy Finger|('?', 'Can')|2
Goldy Finger|('Can', '’')|3
Goldy Finger|('t', 'see')|2
Goldy Finger|('see', 'the')|2
Goldy Finger|('the', 'attachment')|2
Goldy Finger|('attachment', 'Nice')|2
Goldy Finger|('Nice', 'go')|2
Goldy Finger|('go', 'grab')|2
Goldy Finger|('grab', 'Ha')|2
Goldy Finger|('Ha', 'ha')|4
Goldy Finger|('ha', 'nice')|2
Goldy Finger|('nice', 'nan')|2
Goldy Finger|('nan', 'Food')|2
Goldy Finger|('Food', 'is')|2
Goldy Finger|('is', 'on')|2
Goldy Finger|('on', 'You')|2
Goldy Finger|('You', 'wish')|2
Goldy Finger|('wish', 'No')|2
Goldy Finger|('No', 'other')|2
Goldy Finger|('other', 'things')|2
Goldy Finger|('things', 'flying')|2
Goldy Finger|('flying', 'now')|2
Goldy Finger|('now', 'nan')|2
Goldy Finger|('nan', 'Looks')|2
Goldy Finger|('Looks', 'like')|2
Goldy Finger|('like', 'gold')|2
Goldy Finger|('gold', 'to')|2
Goldy Finger|('to', 'me')|2
Goldy Finger|('me', '?')|2
Goldy Finger|('!', 'I')|2
Goldy Finger|('I', 'need')|2
Goldy Finger|('need', 'to')|3
Goldy Finger|('to', 'snatch')|2
Goldy Finger|('snatch', 'it')|2
Goldy Finger|('it', 'first')|2
Goldy Finger|('first', '...')|2
Goldy Finger|('...', 'Old')|2
Goldy Finger|('Old', 'lady')|2
Goldy Finger|('lady', 'came')|2
Goldy Finger|('came', 'back')|2
Goldy Finger|('back', 'too')|2
Goldy Finger|('too', 'fast')|2
Goldy Finger|('fast', 'Yep')|2
Goldy Finger|('Yep', 'nan')|2
Goldy Finger|('nan', 'Yes')|2
Goldy Finger|('Yes', 'yes')|2
Goldy Finger|('yes', 'yes')|2
Goldy Finger|('yes', 'nan')|2
Goldy Finger|('nan', 'No')|2
Goldy Finger|('No', 'sellable')|2
Goldy Finger|('sellable', 'though')|2
Goldy Finger|('though', 'Yeah')|2
Goldy Finger|('Yeah', 'cool')|2
Goldy Finger|('cool', 'guy')|2
Goldy Finger|('guy', '😂')|2
Goldy Finger|('😂', 'Is')|2
Goldy Finger|('Is', 'happy')|2
Goldy Finger|('happy', 'times')|2
Goldy Finger|('times', 'Yeahhhh')|2
Goldy Finger|('Yeahhhh', 'I')|2
Goldy Finger|('I', '’')|5
Goldy Finger|('’', 'm')|4
Goldy Finger|('m', 'impressed')|2
Goldy Finger|('impressed', 'Going')|1
Goldy Finger|('Going', 'back')|2
Goldy Finger|('back', 'now')|2
Goldy Finger|('now', 'Naxos')|1
Goldy Finger|('Naxos', 'is')|2
Goldy Finger|('is', '💰')|2
Goldy Finger|('💰', 'Either')|1
Goldy Finger|('Either', '😃')|2
Goldy Finger|('😃', 'Closer')|2
Goldy Finger|('Closer', 'with')|2
Goldy Finger|('with', 'Nacka')|2
Goldy Finger|('Nacka', 'You')|2
Goldy Finger|('You', '’')|2
Goldy Finger|('’', 've')|3
Goldy Finger|('ve', 'been')|2
Goldy Finger|('been', 'out')|2
Goldy Finger|('out', 'today')|2
Goldy Finger|('today', '?')|2
Goldy Finger|('?', 'Wow')|2
Goldy Finger|('Wow', 'nan')|2
Goldy Finger|('nan', 'YeAh')|2
Goldy Finger|('YeAh', 'me')|2
Goldy Finger|('me', 'too')|2
Goldy Finger|('too', '🤣')|2
Goldy Finger|('🤣', 'Ha')|2
Goldy Finger|('ha', 'nan')|2
Goldy Finger|('nan', 'Good')|2
Goldy Finger|('Good', 'getaway')|2
Goldy Finger|('getaway', 'thingy')|2
Goldy Finger|('thingy', 'in')|2
Goldy Finger|('in', 'the')|2
Goldy Finger|('the', 'city')|2
Goldy Finger|('city', 'But')|2
Goldy Finger|('But', 'they')|2
Goldy Finger|('they', 'cost')|2
Goldy Finger|('cost', '.....')|2
Goldy Finger|('.....', 'Work')|2
Goldy Finger|('Work', 'time')|2
Goldy Finger|('time', 'nan')|2
Goldy Finger|('nan', 'Yeo')|2
Goldy Finger|('Yeo', '!')|2
Goldy Finger|('!', '!')|8
Goldy Finger|('!', 'Fav')|2
Goldy Finger|('Fav', 'Oh')|2
Goldy Finger|('Oh', 'wooow')|2
Goldy Finger|('wooow', 'Perfect')|1
Goldy Finger|('Perfect', 'Wooooooow')|1
Goldy Finger|('Wooooooow', 'nan')|1
Goldy Finger|('nan', 'Can')|1
Goldy Finger|('t', 'wait')|1
Goldy Finger|('wait', '.....')|1
Goldy Finger|('.....', 'so')|1
Goldy Finger|('so', 'hungry')|1
Goldy Finger|('hungry', '....')|1
Goldy Finger|('....', 'when')|1
Goldy Finger|('when', 'u')|1
Goldy Finger|('u', 'back')|1
Goldy Finger|('back', 'nan')|1
Goldy Finger|('nan', 'Feelin')|1
Goldy Finger|('Feelin', 'sick')|1
Goldy Finger|('sick', 'today')|1
Goldy Finger|('today', 'Yeah')|1
Goldy Finger|('Yeah', 'salad')|1
Goldy Finger|('salad', 'for')|1
Goldy Finger|('for', 'me')|1
Goldy Finger|('me', 'How')|1
Goldy Finger|('How', 'long')|1
Goldy Finger|('long', 'Meet')|1
Goldy Finger|('Meet', 'for')|1
Goldy Finger|('for', 'Coffee')|1
Goldy Finger|('Coffee', 'tomorrow')|1
Goldy Finger|('tomorrow', '?')|1
Goldy Finger|('?', 'Nice')|1
Goldy Finger|('Nice', 'roll')|1
Goldy Finger|('roll', 'I')|1
Goldy Finger|('ve', 'done')|1
Goldy Finger|('done', '0')|1
Goldy Finger|('0', 'today')|1
Goldy Finger|('today', 'nan')|1
Goldy Finger|('nan', 'Right')|1
Goldy Finger|('Right', '.')|1
Goldy Finger|('.', 'Good')|1
Goldy Finger|('Good', 'man')|1
Goldy Finger|('man', '.')|1
Goldy Finger|('.', 'All')|1
Goldy Finger|('All', 'nice')|1
Goldy Finger|('nice', 'here')|1
Goldy Finger|('here', 'Great')|1
Goldy Finger|('Great', '😎')|1
Goldy Finger|('😎', 'nan')|1
Goldy Finger|('nan', 'Any')|1
Goldy Finger|('Any', 'value')|1
Goldy Finger|('value', 'in')|1
Goldy Finger|('in', 'brass')|1
Goldy Finger|('brass', 'nan')|1
Goldy Finger|('nan', 'Or')|1
Goldy Finger|('Or', 'a')|1
Goldy Finger|('a', 'place')|1
Goldy Finger|('to', 'dump')|1
Goldy Finger|('dump', 'our')|1
Goldy Finger|('our', 'stuff')|1
Goldy Finger|('stuff', 'Just')|1
Goldy Finger|('Just', 'need')|1
Goldy Finger|('to', 'check')|1
Goldy Finger|('check', 'when')|1
Goldy Finger|('when', 'they')|1
Goldy Finger|('they', 'actually')|1
Goldy Finger|('actually', 'empty')|1
Goldy Finger|('empty', 'the')|1
Goldy Finger|('the', 'dumpsters')|1
Goldy Finger|('dumpsters', 'It')|1
Goldy Finger|('It', '’')|1
Goldy Finger|('s', 'clever')|1
Goldy Finger|('clever', 'though')|1
Goldy Finger|('though', 'I')|1
Goldy Finger|('m', 'on')|1
Goldy Finger|('on', 'it')|1
Goldy Finger|('it', 'I')|1
Goldy Finger|('m', 'meeting')|1
Goldy Finger|('meeting', 'a')|1
Goldy Finger|('a', 'contact')|1
Goldy Finger|('contact', 'later')|1
Goldy Finger|('later', '...')|1
Goldy Finger|('...', 'any')|1
Goldy Finger|('any', 'bling')|1
Goldy Finger|('bling', 'to')|1
Goldy Finger|('to', 'move')|1
Goldy Finger|('move', 'Golf')|1
Goldy Finger|('Golf', 'peg')|1
Goldy Finger|('peg', '?')|1
Goldy Finger|('?', 'Bless')|1
Goldy Finger|('Bless', 'Pink')|1
Goldy Finger|('Pink', 'panther')|1
Goldy Finger|('panther', '=')|1
Goldy Finger|('=', 'sexy')|1
Goldy Finger|('sexy', 'Yeeezzzzz')|1
Goldy Finger|('Yeeezzzzz', 'Hard')|1
Goldy Finger|('Hard', 'as')|1
Goldy Finger|('as', 'stone')|1
Goldy Finger|('stone', 'nan')|1
Goldy Finger|('nan', 'Doesn')|1
Goldy Finger|('Doesn', '’')|1
Goldy Finger|('t', 'work')|1
Goldy Finger|('work', 'that')|1
Goldy Finger|('that', 'way')|1
Goldy Finger|('way', 'man')|1
Goldy Finger|('man', 'nan')|1
Goldy Finger|('where', 'Perfect')|1
Goldy Finger|('Perfect', 'Escape')|1
Goldy Finger|('impressed', 'Naxos')|1
Goldy Finger|('💰', 'Going')|1
Goldy Finger|('now', 'Either')|1
Goldy Finger|('wooow', 'Wooooooow')|1
Gooooosssse|('invite', 'Ah')|1
Gooooosssse|('Ah', 'man')|1
Gooooosssse|('man', 'feedback')|1
Gooooosssse|('feedback', 'loopp')|1
Gooooosssse|('loopp', 'How')|1
Gooooosssse|('How', 'ya')|1
Gooooosssse|('ya', 'doing')|1
Gooooosssse|('doing', 'big')|1
Gooooosssse|('big', 'boy')|1
Gooooosssse|('boy', '?')|1
Gooooosssse|('?', '?')|2
Gooooosssse|('?', 'I')|1
Gooooosssse|('I', 'like')|1
Gooooosssse|('like', 'but')|1
Gooooosssse|('but', 'you')|1
Gooooosssse|('you', 'split')|1
Gooooosssse|('split', 'sale')|1
Gooooosssse|('sale', 'with')|1
Gooooosssse|('with', 'me')|1
Gooooosssse|('me', '...')|1
Gooooosssse|('...', 'Screw')|1
Gooooosssse|('Screw', 'you')|1
Gooooosssse|('you', 'the')|1
Gooooosssse|('the', 'money')|1
Gooooosssse|('money', 'is')|1
Gooooosssse|('is', 'mine')|1
Gooooosssse|('mine', '.')|1
Gooooosssse|('.', 'You')|1
Gooooosssse|('You', 'were')|1
Gooooosssse|('were', 'asleep')|1
Gooooosssse|('asleep', 'on')|1
Gooooosssse|('on', 'the')|1
Gooooosssse|('the', 'job')|1
Gooooosssse|('job', 'again')|1
Gooooosssse|('again', '.')|1
Gooooosssse|('.', 'I')|1
Gooooosssse|('I', 'did')|2
Gooooosssse|('did', 'all')|1
Gooooosssse|('all', 'the')|1
Gooooosssse|('the', 'work')|1
Gooooosssse|('work', 'today')|1
Gooooosssse|('today', 'video')|1
Gooooosssse|('video', 'Dude')|1
Gooooosssse|('Dude', '.')|1
Gooooosssse|('.', 'Want')|2
Gooooosssse|('Want', 'to')|2
Gooooosssse|('to', 'go')|1
Gooooosssse|('go', 'shopping')|1
Gooooosssse|('shopping', '?')|1
Gooooosssse|('?', 'Thinking')|1
Gooooosssse|('Thinking', 'to')|1
Gooooosssse|('to', 'get')|1
Gooooosssse|('get', 'something')|1
Gooooosssse|('something', 'for')|1
Gooooosssse|('for', 'easter')|1
Gooooosssse|('easter', 'Chocolate')|1
Gooooosssse|('Chocolate', 'from')|1
Gooooosssse|('from', 'the')|1
Gooooosssse|('the', 'shops')|1
Gooooosssse|('shops', 'obviously')|1
Gooooosssse|('obviously', 'and')|1
Gooooosssse|('and', 'not')|1
Gooooosssse|('not', 'the')|1
Gooooosssse|('the', 'usual')|1
Gooooosssse|('usual', 'house')|1
Gooooosssse|('house', 'burglary')|1
Gooooosssse|('burglary', 'for')|1
Gooooosssse|('for', 'jewels')|1
Gooooosssse|('jewels', 'Nom')|1
Gooooosssse|('Nom', 'nom')|1
Gooooosssse|('nom', 'nom')|1
Gooooosssse|('nom', 'Well')|1
Gooooosssse|('Well', 'that')|1
Gooooosssse|('that', 'was')|1
Gooooosssse|('was', 'shit')|1
Gooooosssse|('shit', 'Total')|1
Gooooosssse|('Total', 'waste')|1
Gooooosssse|('waste', 'of')|1
Gooooosssse|('of', 'my')|1
Gooooosssse|('my', 'time')|1
Gooooosssse|('time', '.')|1
Gooooosssse|('.', 'Shelves')|1
Gooooosssse|('Shelves', 'were')|1
Gooooosssse|('were', 'empty')|1
Gooooosssse|('empty', 'and')|1
Gooooosssse|('and', 'only')|1
Gooooosssse|('only', 'crap')|1
Gooooosssse|('crap', 'left')|1
Gooooosssse|('left', '.')|1
Gooooosssse|('to', 'buy')|1
Gooooosssse|('buy', 'a')|1
Gooooosssse|('a', 'jet')|1
Gooooosssse|('jet', 'fighter')|1
Gooooosssse|('fighter', '?')|1
Gooooosssse|('?', 'photo')|1
Gooooosssse|('photo', 'Sweet')|1
Gooooosssse|('Sweet', 'Hah')|1
Gooooosssse|('Hah', 'nope')|1
Gooooosssse|('nope', 'but')|1
Gooooosssse|('but', 'glad')|1
Gooooosssse|('glad', 'I')|1
Gooooosssse|('did', 'Ace')|1
Gooooosssse|('Ace', 'of')|1
Gooooosssse|('of', 'Spades')|1
Gooooosssse|('Spades', '👹')|1
Gooooosssse|('👹', 'photo')|1
Gooooosssse|('photo', 'These')|1
Gooooosssse|('These', 'guys')|1
Gooooosssse|('guys', 'look')|1
Gooooosssse|('look', 'rich')|1
Gooooosssse|('rich', 'Stockholms')|1
Gooooosssse|('Stockholms', 'län')|1
Gooooosssse|('län', 'Banvägen')|1
Gooooosssse|('Banvägen', '48')|1
Gooooosssse|('48', 'http')|1
Gooooosssse|('http', ':')|1
Gooooosssse|(':', '//maps.google.com/maps')|1
Gooooosssse|('//maps.google.com/maps', '?')|1
Gooooosssse|('?', 'q=59.38482519541754')|1
Gooooosssse|('q=59.38482519541754', '%')|1
Gooooosssse|('%', '2C17.839319854974747')|1
Gooooosssse|('2C17.839319854974747', 'Fuck')|1
Gooooosssse|('Fuck', 'you')|1
Gooooosssse|('you', 'non')|1
Gooooosssse|('non', 'flying')|1
Gooooosssse|('flying', 'pilotless')|1
Gooooosssse|('pilotless', 'drone')|1
Gooooosssse|('drone', 'man')|1
Gooooosssse|('man', 'I')|1
Gooooosssse|('I', 'got')|1
Gooooosssse|('got', 'you')|1
Gooooosssse|('you', 'bro')|1
Gooooosssse|('bro', '.')|1
Gooooosssse|('.', 'Relax')|1
Gooooosssse|('Relax', '🙂')|1
Gooooosssse|('🙂', 'Goose')|1
Gooooosssse|('Goose', 'is')|1
Gooooosssse|('is', 'dead')|1
Gooooosssse|('dead', 'to')|1
Gooooosssse|('to', 'you')|1
Gooooosssse|('you', 'dude')|1
Gooooosssse|('dude', '.')|1
Goose|('nan', 'nan')|9
Goose|('nan', 'Oh')|1
Goose|('Oh', 'yes')|1
Goose|('yes', ',')|1
Goose|(',', 'Ok')|1
Goose|('Ok', 'will')|2
Goose|('will', 'do')|1
Goose|('do', 'boss')|1
Goose|('boss', 'nan')|1
Goose|('nan', 'Possible')|1
Goose|('Possible', '?')|1
Goose|('?', 'nan')|7
Goose|('nan', 'Nice')|3
Goose|('Nice', '...')|1
Goose|('...', 'nan')|3
Goose|('nan', 'Start')|1
Goose|('Start', 'here')|1
Goose|('here', 'maybe')|1
Goose|('maybe', ',')|1
Goose|(',', '?')|1
Goose|('nan', 'Should')|1
Goose|('Should', 'I')|1
Goose|('I', 'be')|2
Goose|('be', 'investing')|1
Goose|('investing', '?')|1
Goose|('?', 'You')|1
Goose|('You', 'lazy')|1
Goose|('lazy', 'git')|1
Goose|('git', '.')|1
Goose|('.', 'Make')|1
Goose|('Make', 'it')|1
Goose|('it', 'yourself')|1
Goose|('yourself', 'and')|1
Goose|('and', 'you')|1
Goose|('you', 'can')|1
Goose|('can', 'make')|1
Goose|('make', 'me')|1
Goose|('me', 'one')|1
Goose|('one', 'while')|1
Goose|('while', 'you')|1
Goose|('you', 'are')|1
Goose|('are', 'at')|1
Goose|('at', 'it')|1
Goose|('it', '!')|1
Goose|('!', 'nan')|2
Goose|('Nice', 'ok')|1
Goose|('ok', 'let')|1
Goose|('let', "'s")|1
Goose|("'s", 'make')|1
Goose|('make', 'the')|1
Goose|('the', 'plan')|1
Goose|('plan', '.')|1
Goose|('.', 'We')|1
Goose|('We', 'need')|1
Goose|('need', 'tools')|1
Goose|('tools', 'and')|1
Goose|('and', 'shit')|1
Goose|('shit', '...')|1
Goose|('nan', 'https')|1
Goose|('https', ':')|1
Goose|(':', '//youtu.be/-RUoEog2M1Q')|1
Goose|('//youtu.be/-RUoEog2M1Q', 'nan')|1
Goose|('nan', 'Ok')|2
Goose|('will', 'keep')|1
Goose|('keep', 'an')|1
Goose|('an', 'eye')|1
Goose|('eye', 'out')|1
Goose|('out', 'Ah')|1
Goose|('Ah', 'man')|1
Goose|('man', '.')|5
Goose|('.', 'Really')|1
Goose|('Really', '?')|1
Goose|('?', 'He')|1
Goose|('He', 'has')|1
Goose|('has', 'a')|1
Goose|('a', 'bad')|1
Goose|('bad', 'rep')|1
Goose|('rep', '.')|1
Goose|('.', 'Dropped')|1
Goose|('Dropped', 'people')|1
Goose|('people', 'right')|1
Goose|('right', 'in')|1
Goose|('in', 'it')|1
Goose|('it', 'before')|1
Goose|('before', '.')|1
Goose|('.', 'You')|1
Goose|('You', 'know')|1
Goose|('know', 'the')|1
Goose|('the', 'rumours')|1
Goose|('rumours', '...')|1
Goose|('...', 'I')|1
Goose|('I', 'dunno')|1
Goose|('dunno', 'man')|1
Goose|('.', 'Let')|2
Goose|('Let', 'me')|1
Goose|('me', 'think')|1
Goose|('think', 'about')|1
Goose|('about', 'it')|1
Goose|('it', '...')|1
Goose|('...', 'Ok')|1
Goose|('Ok', 'ok')|1
Goose|('ok', '.')|1
Goose|('.', 'Anyway')|1
Goose|('Anyway', 'we')|1
Goose|('we', 'need')|2
Goose|('need', 'to')|1
Goose|('to', 'work')|2
Goose|('work', 'now')|1
Goose|('now', '.')|2
Goose|('Let', "'s")|2
Goose|("'s", 'go')|2
Goose|('go', 'out')|2
Goose|('out', 'and')|1
Goose|('and', 'take')|1
Goose|('take', 'a')|1
Goose|('a', 'walk')|1
Goose|('walk', 'in')|1
Goose|('in', 'the')|2
Goose|('the', 'area')|1
Goose|('area', '....')|1
Goose|('....', 'If')|1
Goose|('If', 'Bad')|1
Goose|('Bad', 'Boy')|1
Goose|('Boy', 'gets')|1
Goose|('gets', 'involved')|1
Goose|('involved', 'then')|1
Goose|('then', 'we')|1
Goose|('need', 'protection')|1
Goose|('protection', '...')|1
Goose|('nan', 'I')|2
Goose|('I', "'m")|1
Goose|("'m", 'a')|1
Goose|('a', 'bit')|1
Goose|('bit', 'scout')|1
Goose|('scout', '.')|1
Goose|('.', 'Always')|1
Goose|('Always', 'prepared')|1
Goose|('prepared', '...')|1
Goose|('...', 'Fur')|1
Goose|('Fur', 'anything')|1
Goose|('anything', '!')|1
Goose|('nan', 'You')|1
Goose|('You', 'chicken')|1
Goose|('chicken', '🐔')|1
Goose|('🐔', '?')|1
Goose|('?', 'Ok')|1
Goose|('Ok', 'I')|1
Goose|('I', 'guess')|1
Goose|('guess', 'we')|1
Goose|('we', 'could')|2
Goose|('could', 'do')|1
Goose|('do', 'with')|1
Goose|('with', 'an')|1
Goose|('an', 'extra')|1
Goose|('extra', 'pair')|1
Goose|('pair', 'of')|1
Goose|('of', 'hands')|1
Goose|('hands', '.')|1
Goose|('.', 'Seeing')|1
Goose|('Seeing', 'as')|1
Goose|('as', 'we')|1
Goose|('we', 'have')|1
Goose|('have', 'to')|1
Goose|('work', 'harder')|1
Goose|('harder', 'now')|1
Goose|('now', 'gold')|1
Goose|('gold', 'price')|1
Goose|('price', 'is')|1
Goose|('is', 'dropping')|1
Goose|('dropping', 'We')|1
Goose|('We', 'are')|1
Goose|('are', 'here')|1
Goose|('here', 'then')|1
Goose|('then', '?')|1
Goose|('nan', 'Diamond')|1
Goose|('Diamond', '💍💎')|1
Goose|('💍💎', 'baby')|1
Goose|('baby', '!')|1
Goose|('!', '!')|2
Goose|('!', 'LMAO')|1
Goose|('LMAO', 'nan')|1
Goose|('I', 'need')|1
Goose|('need', 'more')|1
Goose|('more', 'direction')|1
Goose|('direction', 'in')|1
Goose|('in', 'my')|1
Goose|('my', 'life')|1
Goose|('life', '😎')|1
Goose|('😎', 'nan')|1
Goose|('nan', 'Go')|1
Goose|('Go', 'with')|1
Goose|('with', 'your')|1
Goose|('your', 'call')|1
Goose|('call', 'tonight')|1
Goose|('tonight', '.')|1
Goose|('.', 'Looks')|1
Goose|('Looks', 'best')|1
Goose|('best', 'ooh')|1
Goose|('ooh', 'you')|1
Goose|('you', 'gone')|1
Goose|('gone', 'done')|1
Goose|('done', 'it')|1
Goose|('it', 'now')|1
Goose|('now', '....')|1
Goose|('....', 'Oh')|1
Goose|('Oh', 'nice')|1
Goose|('nice', '.')|1
Goose|('.', 'Good')|1
Goose|('Good', 'spot')|1
Goose|('spot', 'Mav')|1
Goose|('Mav', 'Yes')|1
Goose|('Yes', 'boss')|1
Goose|('boss', '.')|1
Goose|('.', 'Just')|1
Goose|('Just', 'let')|1
Goose|('let', 'me')|1
Goose|('me', 'know')|1
Goose|('know', 'details')|1
Goose|('details', 'Okay')|1
Goose|('Okay', 'Roger')|1
Goose|('Roger', 'that')|1
Goose|('that', 'Yes')|1
Goose|('Yes', 'yes')|1
Goose|('yes', '.')|2
Goose|('.', 'I')|2
Goose|('be', 'there')|1
Goose|('there', 'What')|1
Goose|('What', "'s")|1
Goose|("'s", 'that')|1
Goose|('that', '?')|1
Goose|('?', 'Sorry')|1
Goose|('Sorry', 'no')|1
Goose|('no', 'understandy')|1
Goose|('understandy', 'See')|1
Goose|('See', 'you')|1
Goose|('you', 'now')|1
Goose|('.', 'content')|1
Goose|('content', ':')|4
Goose|(':', '//com.viber.voip.provider.internal_files/gif/0-01-05-b1430cfd8e64af2815debf3d3e40d7b82351d89c3ffce6900008e114a6cc5a5c')|1
Goose|('//com.viber.voip.provider.internal_files/gif/0-01-05-b1430cfd8e64af2815debf3d3e40d7b82351d89c3ffce6900008e114a6cc5a5c', '?')|1
Goose|('?', 'pg=false')|4
Goose|('pg=false', '&')|4
Goose|('&', 'th=content')|3
Goose|('th=content', '%')|3
Goose|('%', '3A')|3
Goose|('3A', '%')|3
Goose|('%', '2F')|3
Goose|('2F', '%')|3
Goose|('%', '2Fcom.viber.voip.provider.internal_files')|3
Goose|('2Fcom.viber.voip.provider.internal_files', '%')|3
Goose|('%', '2Fmessage')|3
Goose|('2Fmessage', '%')|3
Goose|('%', '2Flocal')|3
Goose|('2Flocal', '%')|3
Goose|('%', '2Fthumb')|3
Goose|('2Fthumb', '%')|3
Goose|('%', '2F0-01-05-b1430cfd8e64af2815debf3d3e40d7b82351d89c3ffce6900008e114a6cc5a5c')|1
Goose|('2F0-01-05-b1430cfd8e64af2815debf3d3e40d7b82351d89c3ffce6900008e114a6cc5a5c', '&')|1
Goose|('&', 'ep=AQAAAJnlQRN1NwBRSJ8Ok')|1
Goose|('ep=AQAAAJnlQRN1NwBRSJ8Ok', '%')|1
Goose|('%', '2BUGYhO80snNgaMg')|1
Goose|('2BUGYhO80snNgaMg', '%')|1
Goose|('%', '2BJZW0Z')|1
Goose|('2BJZW0Z', '%')|1
Goose|('%', '2BEWCNQ')|1
Goose|('2BEWCNQ', 'nan')|1
Goose|('nan', 'Maybe')|1
Goose|('Maybe', '?')|1
Goose|('?', 'content')|2
Goose|(':', '//com.viber.voip.provider.internal_files/gif/0-01-0a-f95d44d9898aaf4369a58a37654326ae1723ca1bd333466b363a093457ffd82b')|1
Goose|('//com.viber.voip.provider.internal_files/gif/0-01-0a-f95d44d9898aaf4369a58a37654326ae1723ca1bd333466b363a093457ffd82b', '?')|1
Goose|('&', 'ep=AQAAAHWRKRl')|1
Goose|('ep=AQAAAHWRKRl', '%')|1
Goose|('%', '2F10KNg5Y98VEL')|1
Goose|('2F10KNg5Y98VEL', '%')|1
Goose|('%', '2Bf1QJK3kanYY6jEy3g9')|1
Goose|('2Bf1QJK3kanYY6jEy3g9', '%')|1
Goose|('%', '2BvOfF')|1
Goose|('2BvOfF', 'nan')|1
Goose|('nan', 'Let')|1
Goose|('out', 'hunting')|1
Goose|('hunting', '😅')|1
Goose|('😅', 'Relaxing')|1
Goose|('Relaxing', '😎')|1
Goose|('😎', 'Haha')|1
Goose|('Haha', '.')|1
Goose|('.', 'Shut')|1
Goose|('Shut', 'up')|1
Goose|('up', 'and')|1
Goose|('and', 'bring')|1
Goose|('bring', 'the')|1
Goose|('the', 'bling')|1
Goose|('bling', 'u')|1
Goose|('u', 'old')|1
Goose|('old', 'lady')|1
Goose|('lady', '500')|1
Goose|('500', 'SeK')|1
Goose|('SeK', 'best')|1
Goose|('best', 'price')|1
Goose|('price', 'He')|1
Goose|('He', 'says')|1
Goose|('says', '600')|1
Goose|('600', 'final')|1
Goose|('final', 'offer')|1
Goose|('offer', 'Cash')|1
Goose|('Cash', 'tomorrow')|1
Goose|('tomorrow', '.')|1
Goose|('.', 'Today')|1
Goose|('Today', 'I')|1
Goose|('I', 'party')|1
Goose|('party', '🥳')|1
Goose|('🥳', 'nan')|1
Goose|('nan', 'Yes')|2
Goose|('Yes', 'man')|1
Goose|('.', 'Where')|1
Goose|('Where', 'the')|1
Goose|('the', 'hell')|1
Goose|('hell', 'were')|1
Goose|('were', 'you')|1
Goose|('you', '?')|1
Goose|('?', 'Messing')|1
Goose|('Messing', 'around')|1
Goose|('around', 'with')|1
Goose|('with', 'one')|1
Goose|('one', 'of')|1
Goose|('of', 'those')|1
Goose|('those', 'ladies')|1
Goose|('ladies', 'again')|1
Goose|('again', 'I')|1
Goose|('I', 'bet')|1
Goose|('bet', '?')|1
Goose|('Ok', 'Mav')|1
Goose|('Mav', '.')|1
Goose|('.', 'Sounds')|1
Goose|('Sounds', 'good')|1
Goose|('good', '.')|1
Goose|('.', 'Cool')|1
Goose|('Cool', 'scooter')|1
Goose|('scooter', 'boy')|1
Goose|('boy', 'Meeeowww')|1
Goose|('Meeeowww', 'nan')|1
Goose|('nan', 'Ah')|2
Goose|('Ah', 'nuts')|1
Goose|('nuts', '.')|1
Goose|('.', 'Sorry')|1
Goose|('Sorry', 'man')|1
Goose|('I', 'saw')|1
Goose|('saw', 'a')|1
Goose|('a', 'squirrel')|1
Goose|('squirrel', '🐿️')|1
Goose|('🐿️', 'and')|1
Goose|('and', 'got')|1
Goose|('got', 'distracted')|1
Goose|('distracted', '😣')|1
Goose|('😣', 'content')|1
Goose|(':', '//com.viber.voip.provider.internal_files/gif/0-01-05-fd57bb7a756cd4ac91f7039c0d1117bc00b2507b261fda1f73eb85ef340f068a')|1
Goose|('//com.viber.voip.provider.internal_files/gif/0-01-05-fd57bb7a756cd4ac91f7039c0d1117bc00b2507b261fda1f73eb85ef340f068a', '?')|1
Goose|('%', '2F0-01-05-fd57bb7a756cd4ac91f7039c0d1117bc00b2507b261fda1f73eb85ef340f068a')|1
Goose|('2F0-01-05-fd57bb7a756cd4ac91f7039c0d1117bc00b2507b261fda1f73eb85ef340f068a', '&')|1
Goose|('&', 'ep=AQAAANxZKYNVMkC9QjwAQYfWxWzjJ9VozQdeqI4WzRUGBrfv')|1
Goose|('ep=AQAAANxZKYNVMkC9QjwAQYfWxWzjJ9VozQdeqI4WzRUGBrfv', 'Damn')|1
Goose|('Damn', 'yes')|1
Goose|('.', 'How')|1
Goose|('How', 'did')|1
Goose|('did', 'you')|1
Goose|('you', 'know')|1
Goose|('know', '?')|1
Goose|('nan', 'It')|1
Goose|('It', "'s")|1
Goose|("'s", 'all')|1
Goose|('all', 'going')|1
Goose|('going', 'to')|1
Goose|('to', 'shit')|1
Goose|('shit', '😊')|1
Goose|('😊', 'nan')|1
Goose|('Ah', 'nice')|1
Goose|('nice', 'one')|1
Goose|('one', '☺️')|1
Goose|('☺️', 'there')|1
Goose|('there', 'I')|1
Goose|('I', 'was')|1
Goose|('was', 'thinking')|1
Goose|('thinking', 'you')|1
Goose|('you', 'were')|1
Goose|('were', 'telling')|1
Goose|('telling', 'me')|1
Goose|('me', 'I')|1
Goose|('I', 'am')|1
Goose|('am', 'a')|1
Goose|('a', 'rose')|1
Goose|('rose', '🌹')|1
Goose|('🌹', 'amongst')|1
Goose|('amongst', 'thorns')|1
Goose|('thorns', '...')|1
Goose|('...', '😂')|1
Goose|('😂', 'nan')|1
Goose|('nan', 'Damn')|1
Goose|('Damn', '7')|1
Goose|('7', 'Gez')|1
Goose|('Gez', 'that')|1
Goose|('that', 'guy')|1
Goose|('guy', 'is')|1
Goose|('is', 'a')|1
Goose|('a', 'pain')|1
Goose|('pain', 'in')|1
Goose|('the', 'ass')|1
Goose|('ass', '.')|1
Goose|('.', 'Tagging')|1
Goose|('Tagging', 'everything')|1
Goose|('everything', ',')|1
Goose|(',', 'wherever')|1
Goose|('wherever', 'we')|1
Goose|('we', 'go')|1
Goose|('go', '!')|1
Goose|('!', 'Yee')|1
Goose|('Yee', 'but')|1
Goose|('but', 'this')|1
Goose|('this', 'one')|2
Goose|('one', 'looks')|1
Goose|('looks', 'good')|1
Goose|('good', 'too')|1
Goose|('too', 'nan')|1
Goose|('nan', 'Aw')|1
Goose|('Aw', 'man')|1
Goose|('.', 'U')|1
Goose|('U', 'get')|1
Goose|('get', 'all')|1
Goose|('all', 'the')|1
Goose|('the', 'fun')|1
Goose|('fun', '.')|1
Goose|('.', 'What')|1
Goose|('What', 'did')|1
Goose|('did', 'u')|1
Goose|('u', 'get')|1
Goose|('get', '?')|1
Goose|('?', 'What')|1
Goose|('What', 'happens')|1
Goose|('happens', 'if')|1
Goose|('if', 'I')|1
Goose|('I', 'say')|1
Goose|('say', 'the')|1
Goose|('the', 'word')|1
Goose|('word', 'heroin')|1
Goose|('heroin', 'in')|1
Goose|('in', 'this')|1
Goose|('this', 'chat')|1
Goose|('chat', 'thread')|1
Goose|('thread', '🧵')|1
Goose|('🧵', '?')|1
Goose|('?', '?')|10
Goose|('?', 'Nah')|1
Goose|('Nah', 'how')|1
Goose|('how', 'about')|1
Goose|('about', 'marijuana')|1
Goose|('marijuana', 'or')|1
Goose|('or', 'cannabis')|1
Goose|('cannabis', '?')|1
Goose|('nan', 'Yep')|1
Goose|('Yep', 'that')|1
Goose|('that', 'should')|1
Goose|('should', 'do')|1
Goose|('do', 'it')|1
Goose|('it', '....')|1
Goose|('....', 'nan')|1
Goose|('Yes', 'We')|1
Goose|('We', 'can')|1
Goose|('can', 'easily')|1
Goose|('easily', 'steal')|1
Goose|('steal', 'wheels')|1
Goose|('wheels', 'from')|1
Goose|('from', 'here')|1
Goose|('here', 'nan')|1
Goose|('nan', '😂')|1
Goose|('😂', 'You')|1
Goose|('You', 'are')|1
Goose|('are', 'the')|1
Goose|('the', 'swamp')|1
Goose|('swamp', 'monster')|1
Goose|('monster', '👹')|1
Goose|('👹', 'nan')|1
Goose|('Nice', 'work')|1
Goose|('work', '.')|1
Goose|('.', 'Notice')|1
Goose|('Notice', 'you')|1
Goose|('you', 'did')|1
Goose|('did', "n't")|1
Goose|("n't", 'declare')|1
Goose|('declare', 'this')|1
Goose|('this', 'lot')|1
Goose|('lot', 'to')|1
Goose|('to', 'the')|1
Goose|('the', 'whole')|1
Goose|('whole', 'gang')|1
Goose|('gang', '?')|1
Goose|(':', '//com.viber.voip.provider.internal_files/gif/0-01-05-c9ad6953e1ec2b4b73c71a8281c428d9ac438798536f0542cdaff02d77512e51')|1
Goose|('//com.viber.voip.provider.internal_files/gif/0-01-05-c9ad6953e1ec2b4b73c71a8281c428d9ac438798536f0542cdaff02d77512e51', '?')|1
Goose|('%', '2F0-01-05-c9ad6953e1ec2b4b73c71a8281c428d9ac438798536f0542cdaff02d77512e51')|1
Goose|('2F0-01-05-c9ad6953e1ec2b4b73c71a8281c428d9ac438798536f0542cdaff02d77512e51', '&')|1
Goose|('&', 'ep=AQAAAMk1TBNmP2Ej8dc9siMewCiRZRhxwFa0dD8GEyQ4sowg')|1
Goose|('ep=AQAAAMk1TBNmP2Ej8dc9siMewCiRZRhxwFa0dD8GEyQ4sowg', '?')|1
Goose|('?', 'Oh')|1
Goose|('Oh', 'I')|1
Goose|('I', 'see')|1
Goose|('see', '.')|1
Goose|('.', 'Another')|1
Goose|('Another', 'animal')|1
Goose|('animal', 'based')|1
Goose|('based', 'pun')|1
Goose|('pun', '.')|1
Goose|('.', 'Video')|1
Goose|('Video', 'took')|1
Goose|('took', 'a')|1
Goose|('a', 'while')|1
Goose|('while', 'to')|1
Goose|('to', 'download')|1
Goose|('download', 'nan')|1
Goose|('nan', 'Nope')|1
Goose|('Nope', 'Yes')|1
Goose|('Yes', 'Little')|1
Goose|('Little', 'Boss')|1
Goose|('Boss', '😂')|1
Goose|('😂', 'Where')|1
Goose|('Where', 'we')|1
Goose|('we', 'going')|1
Goose|('going', '?')|1
Goose|('?', 'Naturally')|1
Goose|('Naturally', '🤫')|1
Goose|('🤫', 'nan')|1
Goose|('nan', 'Imagine')|1
Goose|('Imagine', 'how')|1
Goose|('how', 'fast')|1
Goose|('fast', 'we')|1
Goose|('could', 'cut')|1
Goose|('cut', 'through')|1
Goose|('through', 'traffic')|1
Goose|('traffic', 'with')|1
Goose|('with', 'this')|1
Goose|('one', 'though')|1
Goose|('though', '?')|1
Goose System|('nan', 'Pizza')|1
Goose System|('Pizza', 'is')|1
Goose System|('is', 'good')|1
Goose System|('good', '...')|1
Goose System|('...', 'nan')|5
Goose System|('nan', 'nan')|26
Goose System|('nan', 'Okey')|1
Goose System|('Okey', 'dokey')|1
Goose System|('dokey', 'Sounds')|1
Goose System|('Sounds', 'good')|1
Goose System|('good', '.')|3
Goose System|('.', 'Where')|2
Goose System|('Where', 'will')|1
Goose System|('will', 'it')|1
Goose System|('it', 'be')|1
Goose System|('be', '?')|1
Goose System|('?', 'Of')|1
Goose System|('Of', 'course')|3
Goose System|('course', 'I')|1
Goose System|('I', 'am')|10
Goose System|('am', '!')|1
Goose System|('!', 'nan')|6
Goose System|('nan', 'Going')|1
Goose System|('Going', 'out')|2
Goose System|('out', 'looking')|6
Goose System|('looking', 'for')|6
Goose System|('for', 'targets')|1
Goose System|('targets', 'nan')|1
Goose System|('nan', 'Off')|1
Goose System|('Off', 'out')|1
Goose System|('out', 'with')|3
Goose System|('with', 'Mav')|4
Goose System|('Mav', 'again')|1
Goose System|('again', 'tonight')|1
Goose System|('tonight', '.')|7
Goose System|('.', 'keep')|1
Goose System|('keep', 'the')|1
Goose System|('the', 'dinner')|1
Goose System|('dinner', 'warm')|1
Goose System|('warm', 'We')|1
Goose System|('We', 'bagged')|1
Goose System|('bagged', 'some')|1
Goose System|('some', 'bling')|1
Goose System|('bling', 'from')|1
Goose System|('from', 'the')|1
Goose System|('the', 'last')|1
Goose System|('last', 'place')|1
Goose System|('place', '....')|1
Goose System|('....', '🙂')|1
Goose System|('🙂', 'tavged')|1
Goose System|('tavged', 'nan')|1
Goose System|('nan', 'The')|3
Goose System|('The', 'road')|1
Goose System|('road', 'to')|1
Goose System|('to', 'nowhere')|1
Goose System|('nowhere', 'baby')|1
Goose System|('baby', '🥺')|1
Goose System|('🥺', 'nan')|1
Goose System|('nan', 'Cool')|1
Goose System|('Cool', '😎')|1
Goose System|('😎', 'nan')|3
Goose System|('nan', 'Heading')|3
Goose System|('Heading', 'out')|5
Goose System|('for', 'some')|3
Goose System|('some', 'goodies')|1
Goose System|('goodies', 'nan')|1
Goose System|('nan', 'Its')|1
Goose System|('Its', 'all')|1
Goose System|('all', 'a')|1
Goose System|('a', 'load')|1
Goose System|('load', 'of')|1
Goose System|('of', 'rubbish')|1
Goose System|('rubbish', 'ur')|1
Goose System|('ur', 'full')|1
Goose System|('full', 'of')|1
Goose System|('of', 'shit')|1
Goose System|('shit', 'man')|1
Goose System|('man', 'Hey')|1
Goose System|('Hey', 'good')|1
Goose System|('good', 'thinking')|1
Goose System|('thinking', '.')|1
Goose System|('.', 'Nobody')|1
Goose System|('Nobody', 'would')|1
Goose System|('would', 'look')|1
Goose System|('look', 'there')|1
Goose System|('there', 'for')|1
Goose System|('for', 'our')|1
Goose System|('our', 'stash')|1
Goose System|('stash', '....')|1
Goose System|('....', 'nan')|7
Goose System|('nan', 'Do')|1
Goose System|('Do', 'u')|1
Goose System|('u', 'have')|1
Goose System|('have', 'nice')|1
Goose System|('nice', 'bumps')|1
Goose System|('bumps', 'nan')|1
Goose System|('nan', 'This')|3
Goose System|('This', 'needs')|1
Goose System|('needs', 'to')|1
Goose System|('to', 'go')|1
Goose System|('go', 'https')|1
Goose System|('https', ':')|8
Goose System|(':', '//youtu.be/IIW9sL-Yf6Q')|1
Goose System|('//youtu.be/IIW9sL-Yf6Q', 'nan')|1
Goose System|('nan', 'That')|1
Goose System|('That', "'s")|2
Goose System|("'s", 'what')|1
Goose System|('what', 'you')|1
Goose System|('you', 'get')|1
Goose System|('get', 'for')|3
Goose System|('for', 'wearing')|1
Goose System|('wearing', 'pink')|1
Goose System|('pink', 'pants')|1
Goose System|('pants', 'nan')|1
Goose System|('nan', 'He')|2
Goose System|('He', 'even')|1
Goose System|('even', 'does')|1
Goose System|('does', 'rocks')|1
Goose System|('rocks', 'now')|1
Goose System|('now', '?')|2
Goose System|('?', 'nan')|21
Goose System|('nan', 'Daddy')|1
Goose System|('Daddy', 'Long')|1
Goose System|('Long', 'Legs')|1
Goose System|('Legs', 'nan')|1
Goose System|('nan', 'Oh')|8
Goose System|('Oh', 'wow')|5
Goose System|('wow', '.')|3
Goose System|('.', 'Dangerous')|1
Goose System|('Dangerous', 'stuff')|1
Goose System|('stuff', 'to')|1
Goose System|('to', 'mix')|1
Goose System|('mix', 'pleasure')|1
Goose System|('pleasure', 'and')|1
Goose System|('and', 'business')|1
Goose System|('business', '😎')|3
Goose System|('😎', 'Can')|1
Goose System|('Can', 'I')|3
Goose System|('I', 'get')|2
Goose System|('get', 'some')|1
Goose System|('some', 'on')|1
Goose System|('on', 'the')|1
Goose System|('the', 'side')|1
Goose System|('side', 'please')|1
Goose System|('please', '?')|1
Goose System|('?', '?')|26
Goose System|('?', 'Ok')|8
Goose System|('Ok', 'team')|2
Goose System|('team', '.')|2
Goose System|('.', 'Let')|3
Goose System|('Let', "'s")|4
Goose System|("'s", 'get')|3
Goose System|('get', 'rich')|2
Goose System|('rich', '🤑')|2
Goose System|('🤑', 'nan')|2
Goose System|('nan', 'Walking')|2
Goose System|('Walking', 'now')|2
Goose System|('now', 'nan')|3
Goose System|('nan', 'Got')|2
Goose System|('Got', 'make')|2
Goose System|('make', 'enough')|2
Goose System|('enough', 'dough')|2
Goose System|('dough', 'for')|2
Goose System|('for', 'everything')|2
Goose System|('everything', 'we')|2
Goose System|('we', 'want')|2
Goose System|('want', 'to')|2
Goose System|('to', 'buy')|3
Goose System|('buy', '🥺')|2
Goose System|('🥺', 'Yes')|2
Goose System|('Yes', 'definitely')|2
Goose System|('definitely', '.')|2
Goose System|('.', 'We')|8
Goose System|('We', 'need')|2
Goose System|('need', 'wheels')|2
Goose System|('wheels', '👍')|2
Goose System|('👍', '🤖')|2
Goose System|('🤖', '🤩')|2
Goose System|('🤩', 'Sweet')|2
Goose System|('Sweet', '🎂')|2
Goose System|('🎂', 'What')|2
Goose System|('What', "'s")|2
Goose System|("'s", 'my')|2
Goose System|('my', 'cut')|2
Goose System|('cut', 'of')|2
Goose System|('of', 'the')|2
Goose System|('the', 'profits')|2
Goose System|('profits', 'then')|2
Goose System|('then', '?')|2
Goose System|('?', 'Off')|2
Goose System|('Off', 'to')|2
Goose System|('to', 'sell')|2
Goose System|('sell', 'the')|2
Goose System|('the', 'goodies')|2
Goose System|('goodies', 'today')|2
Goose System|('today', '!')|2
Goose System|('!', 'Arrived')|2
Goose System|('Arrived', 'at')|2
Goose System|('at', 'the')|4
Goose System|('the', 'big')|2
Goose System|('big', 'house')|2
Goose System|('house', 'for')|2
Goose System|('for', 'the')|6
Goose System|('the', 'trade')|2
Goose System|('trade', '....')|2
Goose System|('....', 'I')|2
Goose System|('I', 'wonder')|2
Goose System|('wonder', 'what')|2
Goose System|('what', 'sort')|2
Goose System|('sort', 'of')|2
Goose System|('of', 'music')|2
Goose System|('music', 'he')|2
Goose System|('he', 'likes')|2
Goose System|('likes', '?')|2
Goose System|('?', '😄')|2
Goose System|('😄', 'How')|2
Goose System|('How', 'much')|2
Goose System|('much', 'we')|2
Goose System|('we', 'get')|2
Goose System|('for', 'this')|2
Goose System|('this', '.')|2
Goose System|('.', 'Need')|4
Goose System|('Need', 'a')|4
Goose System|('a', 'hand')|2
Goose System|('hand', 'lifting')|2
Goose System|('lifting', 'it')|2
Goose System|('it', 'into')|2
Goose System|('into', 'the')|2
Goose System|('the', 'van')|2
Goose System|('van', '....')|2
Goose System|('....', 'Ah')|3
Goose System|('Ah', 'nice')|2
Goose System|('nice', '.')|2
Goose System|('.', 'You')|5
Goose System|('You', 'pay')|2
Goose System|('pay', 'in')|2
Goose System|('in', 'Bitcoin')|2
Goose System|('Bitcoin', 'for')|2
Goose System|('the', '🍕')|2
Goose System|('🍕', '😎')|2
Goose System|('😎', 'Heading')|2
Goose System|('for', 'places')|2
Goose System|('places', 'with')|2
Goose System|('with', 'potential')|2
Goose System|('potential', '.')|2
Goose System|('a', 'big')|2
Goose System|('big', 'score')|2
Goose System|('score', 'tonight')|2
Goose System|('.', 'Wish')|2
Goose System|('Wish', 'me')|2
Goose System|('me', 'luck')|2
Goose System|('luck', '🤞')|2
Goose System|('🤞', 'nan')|2
Goose System|('nan', 'Not')|4
Goose System|('Not', 'sure')|2
Goose System|('sure', 'I')|2
Goose System|('I', 'can')|4
Goose System|('can', 'fit')|2
Goose System|('fit', 'through')|2
Goose System|('through', 'here')|2
Goose System|('here', '😄')|2
Goose System|('😄', 'Could')|2
Goose System|('Could', 'take')|2
Goose System|('take', 'the')|2
Goose System|('the', 'bus')|2
Goose System|('bus', '?')|2
Goose System|('This', 'place')|5
Goose System|('place', 'has')|4
Goose System|('has', 'a')|2
Goose System|('a', 'grand')|2
Goose System|('grand', 'piano')|2
Goose System|('piano', '.')|2
Goose System|('.', 'Checked')|2
Goose System|('Checked', 'it')|2
Goose System|('it', 'out')|2
Goose System|('out', 'looks')|2
Goose System|('looks', 'prime')|2
Goose System|('prime', 'for')|2
Goose System|('some', 'easy')|2
Goose System|('easy', 'money')|2
Goose System|('money', '🤖🤩😄👍')|2
Goose System|('🤖🤩😄👍', 'Shadow')|2
Goose System|('Shadow', 'Oh')|2
Goose System|('Oh', 'yee')|2
Goose System|('yee', 'super')|2
Goose System|('super', 'cool')|2
Goose System|('cool', 'dude')|2
Goose System|('dude', 'Oh')|2
Goose System|('Oh', 'yes')|3
Goose System|('yes', '.')|3
Goose System|('.', 'Those')|2
Goose System|('Those', 'are')|2
Goose System|('are', 'the')|2
Goose System|('the', 'moves')|2
Goose System|('moves', '.')|2
Goose System|('.', 'Cool')|2
Goose System|('Cool', 'good')|2
Goose System|('good', 'intel')|2
Goose System|('intel', 'thanks')|2
Goose System|('thanks', 'Tonight')|2
Goose System|('Tonight', "'s")|2
Goose System|("'s", 'getaway')|2
Goose System|('getaway', 'vehicle')|2
Goose System|('vehicle', 'bro')|2
Goose System|('bro', 'The')|2
Goose System|('The', 'package')|2
Goose System|('package', 'has')|2
Goose System|('has', 'arrived')|2
Goose System|('arrived', '.')|2
Goose System|('We', 'will')|2
Goose System|('will', 'be')|3
Goose System|('be', 'able')|3
Goose System|('able', 'to')|3
Goose System|('to', 'brush')|2
Goose System|('brush', 'off')|2
Goose System|('off', 'any')|2
Goose System|('any', 'issues')|2
Goose System|('issues', 'now')|2
Goose System|('now', 'and')|2
Goose System|('and', 'get')|2
Goose System|('get', 'a')|2
Goose System|('a', 'clean')|2
Goose System|('clean', 'getaway')|2
Goose System|('getaway', '.')|2
Goose System|('.', 'It')|5
Goose System|('It', "'s")|5
Goose System|("'s", 'all')|2
Goose System|('all', 'word')|2
Goose System|('word', 'of')|2
Goose System|('of', 'mouth')|2
Goose System|('mouth', '👄')|2
Goose System|('👄', 'and')|2
Goose System|('and', 'oral')|2
Goose System|('oral', 'b')|2
Goose System|('b', 'communication')|2
Goose System|('communication', 'Moneyyyy')|2
Goose System|('Moneyyyy', 'This')|2
Goose System|('This', 'one')|4
Goose System|('one', 'is')|4
Goose System|('is', 'all')|2
Goose System|('all', 'alone')|2
Goose System|('alone', 'in')|2
Goose System|('in', 'the')|4
Goose System|('the', 'woods')|2
Goose System|('woods', 'and')|2
Goose System|('and', 'not')|2
Goose System|('not', 'overlooked')|2
Goose System|('overlooked', '.')|2
Goose System|('.', 'Easy')|2
Goose System|('Easy', 'target')|2
Goose System|('target', '🎯')|2
Goose System|('🎯', 'Nice')|2
Goose System|('Nice', 'ok')|2
Goose System|('ok', 'let')|2
Goose System|('let', "'s")|4
Goose System|("'s", 'do')|2
Goose System|('do', 'them')|2
Goose System|('them', 'tonight')|2
Goose System|('.', 'Lots')|2
Goose System|('Lots', 'of')|2
Goose System|('of', 'rich')|2
Goose System|('rich', 'people')|2
Goose System|('people', 'in')|2
Goose System|('in', 'Spanga')|2
Goose System|('Spanga', 'nan')|2
Goose System|('nan', 'What')|2
Goose System|('What', 'do')|3
Goose System|('do', 'u')|2
Goose System|('u', 'think')|2
Goose System|('think', 'this')|2
Goose System|('this', 'one')|2
Goose System|('is', 'worth')|2
Goose System|('worth', '?')|2
Goose System|('nan', 'Great')|2
Goose System|('Great', 'exit')|2
Goose System|('exit', 'route')|2
Goose System|('route', 'here')|2
Goose System|('here', 'nan')|2
Goose System|('out', 'again')|2
Goose System|('again', 'on')|2
Goose System|('on', 'business')|2
Goose System|('Not', 'bad')|2
Goose System|('bad', 'but')|2
Goose System|('but', 'mine')|2
Goose System|('mine', 'was')|2
Goose System|('was', 'better')|2
Goose System|('better', '!')|2
Goose System|('Oh', 'bugger')|2
Goose System|('bugger', 'it')|2
Goose System|('it', "'s")|2
Goose System|("'s", 'snowing')|3
Goose System|('snowing', 'tonight')|2
Goose System|('.', 'People')|2
Goose System|('People', 'can')|2
Goose System|('can', 'see')|2
Goose System|('see', 'our')|2
Goose System|('our', 'footsteps')|2
Goose System|('footsteps', '...')|2
Goose System|('nan', 'Schools')|2
Goose System|('Schools', 'out')|2
Goose System|('out', '....')|2
Goose System|('....', 'This')|2
Goose System|('has', 'easy')|2
Goose System|('easy', 'access')|2
Goose System|('access', 'from.the')|2
Goose System|('from.the', 'woods')|2
Goose System|('woods', 'behind')|2
Goose System|('behind', 'it')|2
Goose System|('it', '.')|2
Goose System|('.', 'Should')|2
Goose System|('Should', 'be')|2
Goose System|('be', 'good')|2
Goose System|('good', 'cover')|2
Goose System|('cover', 'for')|2
Goose System|('for', 'a')|6
Goose System|('a', 'job')|2
Goose System|('job', '.')|2
Goose System|('.', 'nan')|2
Goose System|('nan', 'Roxanne')|2
Goose System|('Roxanne', '....')|2
Goose System|('nan', 'Can')|2
Goose System|('I', 'buy')|2
Goose System|('buy', 'any')|2
Goose System|('any', 'beer')|2
Goose System|('beer', 'from')|2
Goose System|('from', 'here')|2
Goose System|('here', ',')|2
Goose System|(',', 'or')|2
Goose System|('or', 'is')|2
Goose System|('is', 'it')|2
Goose System|('it', 'only')|2
Goose System|('only', 'larger')|2
Goose System|('larger', 'that')|2
Goose System|('that', 'they')|2
Goose System|('they', 'sell')|2
Goose System|('sell', '?')|2
Goose System|('The', 'weather')|2
Goose System|('weather', 'seriously')|2
Goose System|('seriously', '?')|2
Goose System|('Ok', 'this')|2
Goose System|('this', 'is')|6
Goose System|('is', 'our')|2
Goose System|('our', 'secret')|2
Goose System|('secret', 'stash')|2
Goose System|('stash', 'location')|2
Goose System|('location', '.')|2
Goose System|('We', 'hide')|2
Goose System|('hide', 'the')|2
Goose System|('the', 'loot')|2
Goose System|('loot', 'here')|2
Goose System|('here', 'in')|2
Goose System|('in', 'future')|2
Goose System|('future', 'to')|2
Goose System|('to', 'avoid')|2
Goose System|('avoid', 'the')|2
Goose System|('the', 'risk')|2
Goose System|('risk', 'of')|2
Goose System|('of', 'being')|2
Goose System|('being', 'caught')|2
Goose System|('caught', 'in')|2
Goose System|('in', 'possession')|2
Goose System|('possession', '....')|2
Goose System|('nan', 'Wow')|2
Goose System|('Wow', 'expensive')|2
Goose System|('expensive', ',')|2
Goose System|(',', 'nice')|2
Goose System|('nice', 'work')|2
Goose System|('work', 'You')|2
Goose System|('You', 'must')|2
Goose System|('must', 'be')|4
Goose System|('be', 'a')|5
Goose System|('a', 'professional')|2
Goose System|('professional', 'by')|2
Goose System|('by', 'now')|2
Goose System|('now', '....')|2
Goose System|('....', '?')|2
Goose System|('nan', 'Wonder')|2
Goose System|('Wonder', 'what')|2
Goose System|('what', "'s")|5
Goose System|("'s", 'going')|2
Goose System|('going', 'on')|2
Goose System|('on', 'in')|2
Goose System|('the', 'purple')|2
Goose System|('purple', 'room')|2
Goose System|('room', '?')|2
Goose System|('?', 'Nice')|2
Goose System|('Nice', 'work')|4
Goose System|('work', 'boss')|2
Goose System|('boss', '.')|2
Goose System|('.', 'Happy')|2
Goose System|('Happy', 'to')|2
Goose System|('to', 'help')|2
Goose System|('help', '☺️')|2
Goose System|('☺️', 'Ok')|2
Goose System|('Ok', 'so')|3
Goose System|('so', 'tonight')|2
Goose System|('tonight', 'we')|2
Goose System|('we', 'take')|2
Goose System|('take', 'time')|2
Goose System|('time', 'off')|2
Goose System|('off', 'and')|2
Goose System|('and', 'watch')|2
Goose System|('watch', 'Melody')|2
Goose System|('Melody', 'Festivals')|2
Goose System|('Festivals', '?')|2
Goose System|('nan', 'It')|2
Goose System|("'s", 'anyone')|2
Goose System|('anyone', "'s")|2
Goose System|("'s", 'guess')|2
Goose System|('guess', 'what')|2
Goose System|('what', 'number')|2
Goose System|('number', 'house')|2
Goose System|('house', 'this')|2
Goose System|('is', '?')|2
Goose System|('?', '😊')|2
Goose System|('😊', 'Oh')|2
Goose System|('It', 'looks')|2
Goose System|('looks', 'like')|2
Goose System|('like', 'a')|2
Goose System|('a', 'bank')|2
Goose System|('bank', '!')|2
Goose System|('!', 'They')|2
Goose System|('They', 'must')|2
Goose System|('must', 'have')|2
Goose System|('have', 'some')|2
Goose System|('some', 'awesome')|2
Goose System|('awesome', 'stuff')|2
Goose System|('stuff', 'in')|2
Goose System|('in', 'there')|2
Goose System|('there', 'to')|2
Goose System|('to', 'justify')|2
Goose System|('justify', 'that')|2
Goose System|('that', 'level')|2
Goose System|('level', 'of')|2
Goose System|('of', 'security')|2
Goose System|('security', '?')|2
Goose System|('?', 'Impressive')|2
Goose System|('Impressive', 'stuff')|2
Goose System|('stuff', 'Gold')|2
Goose System|('Gold', 'Finger')|3
Goose System|('Finger', '.')|3
Goose System|('.', 'So')|8
Goose System|('So', 'let')|2
Goose System|('let', 'us')|2
Goose System|('us', 'know')|2
Goose System|('know', 'when')|2
Goose System|('when', 'we')|2
Goose System|('we', 'will')|2
Goose System|('will', 'see')|4
Goose System|('see', 'the')|2
Goose System|('the', 'results')|2
Goose System|('results', '?')|2
Goose System|('?', 'But')|2
Goose System|('But', 'you')|2
Goose System|('you', 'are')|4
Goose System|('are', 'Twilight')|2
Goose System|('Twilight', 'Grey')|2
Goose System|('Grey', '.')|2
Goose System|('So', 'this')|2
Goose System|('this', 'must')|2
Goose System|('be', 'your')|2
Goose System|('your', 'perfect')|2
Goose System|('perfect', 'weather')|2
Goose System|('weather', '?')|2
Goose System|('?', 'Flushed')|2
Goose System|('Flushed', 'with')|2
Goose System|('with', 'my')|2
Goose System|('my', 'success')|2
Goose System|('success', 'as')|2
Goose System|('as', 'an')|2
Goose System|('an', 'international')|2
Goose System|('international', 'jewelry')|2
Goose System|('jewelry', 'thief')|2
Goose System|('thief', '...')|2
Goose System|('nan', '😂')|2
Goose System|('😂', 'nan')|2
Goose System|('nan', 'Shit')|2
Goose System|('Shit', 'really')|2
Goose System|('really', '?')|2
Goose System|('?', 'That')|2
Goose System|('That', 'sucks')|2
Goose System|('sucks', '.')|2
Goose System|('So', 'what')|2
Goose System|('what', 'the')|2
Goose System|('the', 'hell')|2
Goose System|('hell', 'do')|2
Goose System|('do', 'we')|2
Goose System|('we', 'do')|2
Goose System|('do', '?')|2
Goose System|('nan', 'Cost')|2
Goose System|('Cost', 'of')|2
Goose System|('of', 'movement')|2
Goose System|('movement', 'under')|2
Goose System|('under', 'the')|2
Goose System|('the', 'radar')|2
Goose System|('radar', '....')|2
Goose System|('....', 'Its')|2
Goose System|('Its', 'no')|2
Goose System|('no', 'good')|2
Goose System|('We', 'have')|2
Goose System|('have', 'to')|2
Goose System|('to', 'earn')|2
Goose System|('earn', 'more')|2
Goose System|('more', ',')|4
Goose System|(',', 'steal')|2
Goose System|('steal', 'more')|2
Goose System|(',', 'do')|3
Goose System|('do', 'more')|2
Goose System|('more', '.')|2
Goose System|('So', 'out')|2
Goose System|('out', 'to')|2
Goose System|('to', 'work')|2
Goose System|('work', 'everyone')|2
Goose System|('everyone', '😣')|2
Goose System|('😣', 'Maybe')|2
Goose System|('Maybe', '600')|2
Goose System|('600', 'Kr')|2
Goose System|('Kr', 'at')|2
Goose System|('at', 'best')|2
Goose System|('best', '?')|2
Goose System|('?', 'Some')|2
Goose System|('Some', 'days')|2
Goose System|('days', 'this')|2
Goose System|('this', 'job')|2
Goose System|('job', 'is')|2
Goose System|('is', 'rubbish')|2
Goose System|('rubbish', 'We')|2
Goose System|('We', 'did')|2
Goose System|('did', 'good')|2
Goose System|('good', 'Of')|2
Goose System|('course', '😊')|2
Goose System|('😊', 'Call')|2
Goose System|('Call', 'that')|2
Goose System|('that', 'a')|2
Goose System|('a', 'knife')|2
Goose System|('knife', '?')|2
Goose System|('?', 'This')|3
Goose System|('This', 'is')|3
Goose System|('is', 'a')|4
Goose System|('a', 'proper')|2
Goose System|('proper', 'knife')|2
Goose System|('knife', '!')|2
Goose System|('nan', 'Nice')|4
Goose System|('work', 'Mav')|2
Goose System|('Mav', '.')|3
Goose System|('.', 'What')|3
Goose System|('What', 'is')|2
Goose System|('is', 'the')|4
Goose System|('the', 'cut')|4
Goose System|('cut', '?')|2
Goose System|('nan', 'Ok')|4
Goose System|('Ok', 'me')|2
Goose System|('me', 'and')|2
Goose System|('and', 'Mav')|4
Goose System|('Mav', 'are')|4
Goose System|('are', 'off')|2
Goose System|('off', 'out')|2
Goose System|('for', 'trouble')|2
Goose System|('trouble', 'again')|2
Goose System|('again', '😎')|2
Goose System|('😎', 'That')|2
Goose System|('That', 'kid')|2
Goose System|('kid', 'is')|2
Goose System|('a', 'graffiti')|2
Goose System|('graffiti', 'menace')|2
Goose System|('menace', '😡')|2
Goose System|('😡', 'This')|2
Goose System|('one', 'always')|2
Goose System|('always', 'seems')|2
Goose System|('seems', 'to')|2
Goose System|('to', 'be')|6
Goose System|('be', 'empty')|2
Goose System|('empty', '?')|2
Goose System|('?', 'Have')|2
Goose System|('Have', 'secured')|2
Goose System|('secured', 'essential')|2
Goose System|('essential', 'supplies')|2
Goose System|('supplies', '😊')|2
Goose System|('😊', 'Give')|2
Goose System|('Give', 'me')|2
Goose System|('me', '5')|2
Goose System|('5', 'mins')|3
Goose System|('mins', 'to')|2
Goose System|('to', 'grab')|2
Goose System|('grab', 'tools')|2
Goose System|('tools', 'We')|2
Goose System|('We', 'are')|2
Goose System|('are', 'so')|2
Goose System|('so', 'damn')|2
Goose System|('damn', 'good')|2
Goose System|('good', '🥺')|2
Goose System|('🥺', 'Thanks')|2
Goose System|('Thanks', 'Sweet')|2
Goose System|('Sweet', 'and')|2
Goose System|('and', 'what')|2
Goose System|("'s", 'the')|2
Goose System|('cut', 'for')|2
Goose System|('for', 'everyone')|2
Goose System|('everyone', '?')|2
Goose System|('wow', 'awesome')|2
Goose System|('awesome', '😊😎')|2
Goose System|('😊😎', 'WTF')|2
Goose System|('WTF', '?')|2
Goose System|('?', 'It')|2
Goose System|('It', 'was')|2
Goose System|('was', 'an')|2
Goose System|('an', 'honest')|2
Goose System|('honest', 'mistake')|2
Goose System|('mistake', 'dude')|2
Goose System|('dude', '.')|3
Goose System|('.', 'Come')|2
Goose System|('Come', 'on')|2
Goose System|('on', 'we')|2
Goose System|('we', 'are')|2
Goose System|('are', 'supposed')|2
Goose System|('supposed', 'to')|2
Goose System|('a', 'team')|2
Goose System|('team', '?')|2
Goose System|('nan', 'Woohoo')|2
Goose System|('Woohoo', '🎉🙌')|2
Goose System|('🎉🙌', 'nan')|2
Goose System|('Nice', 'get')|2
Goose System|('get', 'us')|2
Goose System|('us', 'a')|2
Goose System|('a', 'pint')|2
Goose System|('pint', 'while')|2
Goose System|('while', 'you')|2
Goose System|('are', 'there')|2
Goose System|('there', '?')|2
Goose System|('Ok', 'heading')|2
Goose System|('heading', 'out')|2
Goose System|('Mav', 'on')|2
Goose System|('on', 'another')|2
Goose System|('another', 'round')|2
Goose System|('round', 'of')|2
Goose System|('of', 'robbing')|2
Goose System|('robbing', 'the')|2
Goose System|('the', 'neighborhood')|2
Goose System|('neighborhood', '😊')|2
Goose System|('😊', 'I')|2
Goose System|('am', 'really')|2
Goose System|('really', 'trying')|2
Goose System|('trying', 'to')|2
Goose System|('to', 'hinder')|2
Goose System|('hinder', 'all')|2
Goose System|('all', 'my')|2
Goose System|('my', 'farts')|2
Goose System|('farts', 'but')|2
Goose System|('but', 'these')|2
Goose System|('these', 'signs')|2
Goose System|('signs', 'are')|2
Goose System|('are', 'very')|2
Goose System|('very', 'personal')|2
Goose System|('personal', '?')|2
Goose System|('Ok', 'let')|2
Goose System|("'s", 'hit')|2
Goose System|('hit', 'at')|2
Goose System|('the', 'weekend')|2
Goose System|('weekend', 'Wooohooooo')|2
Goose System|('Wooohooooo', '🎉🙌😁')|2
Goose System|('🎉🙌😁', 'Disappointed')|2
Goose System|('Disappointed', '.')|2
Goose System|('.', 'Shelves')|2
Goose System|('Shelves', 'were')|2
Goose System|('were', 'empty')|2
Goose System|('empty', '.')|2
Goose System|('.', 'Total')|2
Goose System|('Total', 'waste')|2
Goose System|('waste', 'of')|2
Goose System|('of', 'time')|2
Goose System|('time', '.')|2
Goose System|('.', 'Sorry')|2
Goose System|('Sorry', '😄')|2
Goose System|('😄', '😄👍')|2
Goose System|('😄👍', 'Big')|2
Goose System|('Big', 'house')|2
Goose System|('house', '.')|2
Goose System|('.', 'Little')|2
Goose System|('Little', 'house')|2
Goose System|('house', '😌')|2
Goose System|('😌', 'nan')|2
Goose System|('Oh', 'my')|2
Goose System|('my', 'god')|2
Goose System|('god', '.')|2
Goose System|('.', 'Dad')|2
Goose System|('Dad', 'jokes')|2
Goose System|('jokes', 'so')|2
Goose System|('so', 'bad')|2
Goose System|('bad', '.')|3
Goose System|('.', 'Please')|2
Goose System|('Please', 'stop')|2
Goose System|('stop', '.')|2
Goose System|('.', 'I')|8
Goose System|('I', "'ve")|2
Goose System|("'ve", 'always')|2
Goose System|('always', 'liked')|2
Goose System|('liked', 'you')|3
Goose System|('you', 'Twilight')|2
Goose System|('Twilight', '.')|2
Goose System|('.', 'Heading')|2
Goose System|('Heading', 'back')|2
Goose System|('back', 'for')|2
Goose System|('for', 'my')|2
Goose System|('my', 'cash')|2
Goose System|('cash', '🙂')|2
Goose System|('🙂', 'Ok')|2
Goose System|('Ok', 'cool')|2
Goose System|('cool', '.')|3
Goose System|('.', 'Last')|2
Goose System|('Last', 'one')|2
Goose System|('one', 'for')|2
Goose System|('the', 'evening')|2
Goose System|('evening', '.')|2
Goose System|('.', 'My')|3
Goose System|('My', 'stash')|2
Goose System|('stash', 'bag')|2
Goose System|('bag', 'is')|2
Goose System|('is', 'already')|2
Goose System|('already', 'full')|2
Goose System|('full', '😌')|2
Goose System|('😌', 'Sent')|2
Goose System|('Sent', 'from')|3
Goose System|('from', 'Viber')|3
Goose System|('Viber', 'https')|3
Goose System|(':', '//www.viber.com/invite/7aa60cc90bb97bd70c51ea8920b8c3372e27a6251bccfd43deba75570636456a')|3
Goose System|('//www.viber.com/invite/7aa60cc90bb97bd70c51ea8920b8c3372e27a6251bccfd43deba75570636456a', 'Nah')|2
Goose System|('Nah', 'this')|2
Goose System|('the', 'Papi')|2
Goose System|('Papi', '😊')|2
Goose System|('😊', 'Ok')|2
Goose System|('Ok', 'I')|3
Goose System|('I', 'will')|3
Goose System|('see', 'what')|3
Goose System|('what', 'I')|4
Goose System|('can', 'do')|2
Goose System|('do', '👍')|2
Goose System|('👍', 'Aw')|2
Goose System|('Aw', 'shit')|2
Goose System|('shit', 'u')|2
Goose System|('u', 'r')|2
Goose System|('r', 'early')|2
Goose System|('early', '?')|2
Goose System|('?', 'Yes')|2
Goose System|('Yes', 'yes')|3
Goose System|('yes', 'will')|2
Goose System|('will', 'stop')|2
Goose System|('stop', 'what')|2
Goose System|('am', 'doing')|2
Goose System|('doing', 'then')|2
Goose System|('then', '!')|2
Goose System|('!', '!')|9
Goose System|('!', 'Yes')|2
Goose System|('Yes', 'boss')|2
Goose System|('boss', 'ing')|2
Goose System|('ing', 'from')|2
Goose System|('from', 'a')|2
Goose System|('a', 'safe')|2
Goose System|('safe', 'distance')|2
Goose System|('distance', 'behind')|2
Goose System|('behind', 'you')|2
Goose System|('you', 'Tracking')|2
Goose System|('Tracking', 'So')|2
Goose System|('So', 'annoyed')|2
Goose System|('annoyed', '😠')|2
Goose System|('😠', 'Yes')|2
Goose System|('Yes', 'bloody')|2
Goose System|('bloody', 'everything')|2
Goose System|('everything', 'Aaagggghhhh')|2
Goose System|('Aaagggghhhh', '😄')|2
Goose System|('😄', 'nan')|2
Goose System|('nan', 'I')|2
Goose System|('I', 'like')|2
Goose System|('like', 'the')|2
Goose System|('the', 'look')|2
Goose System|('look', 'of')|2
Goose System|('of', 'this')|2
Goose System|('this', 'Tesla')|2
Goose System|('Tesla', '.')|2
Goose System|('.', 'Would')|2
Goose System|('Would', 'be')|2
Goose System|('be', 'nice')|2
Goose System|('nice', 'to')|2
Goose System|('to', 'take')|2
Goose System|('take', 'one')|2
Goose System|('one', 'of')|2
Goose System|('of', 'these')|2
Goose System|('these', 'for')|2
Goose System|('a', 'spin')|2
Goose System|('spin', 'nan')|2
Goose System|('nan', 'Another')|2
Goose System|('Another', 'day')|2
Goose System|('day', 'another')|2
Goose System|('another', 'seven')|2
Goose System|('seven', '....')|2
Goose System|('....', 'Haha')|2
Goose System|('Haha', 'Hey')|2
Goose System|('Hey', 'guys')|2
Goose System|('guys', '.')|2
Goose System|('.', 'Not')|2
Goose System|('Not', 'happy')|2
Goose System|('happy', 'about')|2
Goose System|('about', 'tonight')|2
Goose System|('tonight', "'s")|2
Goose System|("'s", 'developments')|2
Goose System|('developments', '.')|2
Goose System|('.', 'Me')|2
Goose System|('Me', 'and')|2
Goose System|('are', 'not')|2
Goose System|('not', 'agreed')|2
Goose System|('agreed', '.')|2
Goose System|('I', 'may')|2
Goose System|('may', 'need')|2
Goose System|('need', 'to')|2
Goose System|('to', 'bug')|2
Goose System|('bug', 'out')|2
Goose System|('out', 'for')|2
Goose System|('a', 'while')|2
Goose System|('while', 'to')|2
Goose System|('to', 'get')|2
Goose System|('get', 'my')|2
Goose System|('my', 'head')|2
Goose System|('head', 'straight')|2
Goose System|('straight', '🥺')|2
Goose System|('🥺', 'Yee')|2
Goose System|('Yee', 'yee')|2
Goose System|('yee', 'whatever')|2
Goose System|('whatever', 'Hey')|1
Goose System|('Hey', 'great')|1
Goose System|('great', 'to')|1
Goose System|('to', 'hear')|1
Goose System|('hear', 'from')|1
Goose System|('from', 'you')|1
Goose System|('you', '!')|1
Goose System|('!', 'Long')|1
Goose System|('Long', 'time')|1
Goose System|('time', 'no')|1
Goose System|('no', 'see')|1
Goose System|('see', '...')|1
Goose System|('...', 'You')|1
Goose System|('You', 'been')|1
Goose System|('been', 'away')|1
Goose System|('away', '?')|1
Goose System|('?', 'Ducking')|1
Goose System|('Ducking', 'and')|1
Goose System|('and', 'diving')|1
Goose System|('diving', '.')|1
Goose System|('.', 'Dodging')|1
Goose System|('Dodging', 'and')|1
Goose System|('and', 'weaving')|1
Goose System|('weaving', '....')|1
Goose System|('yes', '😁')|1
Goose System|('😁', 'Going')|1
Goose System|('out', 'on')|1
Goose System|('on', 'plot')|1
Goose System|('plot', 'with')|1
Goose System|('Mav', 'to')|1
Goose System|('to', 'see')|1
Goose System|("'s", 'up')|1
Goose System|('up', '.')|1
Goose System|('.', 'Exciting')|1
Goose System|('Exciting', 'times')|1
Goose System|('times', 'nan')|1
Goose System|('nan', 'Perfect')|1
Goose System|('Perfect', 'A')|1
Goose System|('A', 'supermarket')|1
Goose System|('supermarket', 'called')|1
Goose System|('called', 'Willy')|1
Goose System|('Willy', "'s")|1
Goose System|("'s", '.')|1
Goose System|('.', 'Bound')|1
Goose System|('Bound', 'to')|1
Goose System|('be', 'appropriate')|1
Goose System|('appropriate', '🙂')|1
Goose System|('🙂', 'Bitcoin')|1
Goose System|('Bitcoin', 'is')|1
Goose System|('is', 'cool')|1
Goose System|('.', 'Tell')|1
Goose System|('Tell', 'him')|1
Goose System|('him', 'to')|1
Goose System|('buy', 'some')|1
Goose System|('some', '.')|1
Goose System|('.', 'Monero')|1
Goose System|('Monero', 'if')|1
Goose System|('if', 'u')|1
Goose System|('u', 'do')|1
Goose System|('do', "n't")|2
Goose System|("n't", 'want')|1
Goose System|('want', 'the')|1
Goose System|('the', 'cops')|1
Goose System|('cops', 'to')|1
Goose System|('to', 'trace')|1
Goose System|('trace', 'it')|1
Goose System|('it', '...')|1
Goose System|('...', 'Who')|1
Goose System|('Who', 'is')|1
Goose System|('is', 'Seven')|1
Goose System|('Seven', '?')|1
Goose System|('?', 'He')|1
Goose System|('He', 'is')|1
Goose System|('is', 'on')|1
Goose System|('on', 'our')|1
Goose System|('our', 'turf')|1
Goose System|('turf', 'a')|1
Goose System|('a', 'lot')|1
Goose System|('lot', '.')|1
Goose System|('.', 'Needs')|1
Goose System|('Needs', 'a')|1
Goose System|('a', 'slap')|1
Goose System|('slap', '....')|1
Goose System|('nan', 'You')|2
Goose System|('You', 'are')|1
Goose System|('are', 'slightly')|1
Goose System|('slightly', 'cute')|1
Goose System|('cute', 'nan')|1
Goose System|('You', 'do')|1
Goose System|("n't", 'look')|1
Goose System|('look', 'so')|1
Goose System|('so', 'good')|1
Goose System|('good', 'today')|1
Goose System|('today', '?')|1
Goose System|('place', 'is')|1
Goose System|('is', 'great')|1
Goose System|('great', '.')|1
Goose System|('.', 'Sri')|1
Goose System|('Sri', 'Lankan')|1
Goose System|('Lankan', 'food')|1
Goose System|('food', '.')|1
Goose System|('.', 'Sweet')|1
Goose System|('Sweet', 'Do')|1
Goose System|('Do', "n't")|2
Goose System|("n't", 'be')|1
Goose System|('a', 'square')|1
Goose System|('square', '⬜')|1
Goose System|('⬜', 'https')|1
Goose System|(':', '//www.facebook.com/gmcdrivers/videos/238803389981485/')|1
Goose System|('//www.facebook.com/gmcdrivers/videos/238803389981485/', '?')|1
Goose System|('?', 'sfnsn=mo')|1
Goose System|('sfnsn=mo', 'https')|1
Goose System|(':', '//www.urbandictionary.com/define.php')|1
Goose System|('//www.urbandictionary.com/define.php', '?')|1
Goose System|('?', 'term=Bifle')|1
Goose System|('term=Bifle', 'nan')|1
Goose System|('nan', 'To')|1
Goose System|('To', 'join')|1
Goose System|('join', 'the')|2
Goose System|('the', 'meeting')|1
Goose System|('meeting', 'on')|1
Goose System|('on', 'Google')|1
Goose System|('Google', 'Meet')|1
Goose System|('Meet', ',')|1
Goose System|(',', 'click')|1
Goose System|('click', 'this')|1
Goose System|('this', 'link')|1
Goose System|('link', ':')|1
Goose System|(':', 'https')|1
Goose System|(':', '//meet.google.com/ete-bwxi-avn')|1
Goose System|('//meet.google.com/ete-bwxi-avn', 'Or')|1
Goose System|('Or', 'open')|1
Goose System|('open', 'Meet')|1
Goose System|('Meet', 'and')|1
Goose System|('and', 'enter')|1
Goose System|('enter', 'this')|1
Goose System|('this', 'code')|1
Goose System|('code', ':')|1
Goose System|(':', 'ete-bwxi-avn')|1
Goose System|('ete-bwxi-avn', 'This')|1
Goose System|('is', 'where')|1
Goose System|('where', 'I')|1
Goose System|('am', 'right')|1
Goose System|('right', 'now')|1
Goose System|('nan', 'Sorry')|1
Goose System|('Sorry', 'Gold')|1
Goose System|('I', 'liked')|1
Goose System|('you', 'but')|1
Goose System|('but', 'I')|1
Goose System|('I', 'ca')|1
Goose System|('ca', "n't")|1
Goose System|("n't", 'do')|1
Goose System|('do', 'this')|1
Goose System|('this', 'anymore')|1
Goose System|('anymore', '.')|1
Goose System|('.', 'Take')|1
Goose System|('Take', 'care')|1
Goose System|('care', 'x')|1
Goose System|('x', 'Ok')|1
Goose System|('Ah', 'nuts')|1
Goose System|('nuts', '.')|1
Goose System|('snowing', 'again')|1
Goose System|('again', '....')|1
Goose System|('whatever', 'Oh')|1
Goose System|('Oh', 'really')|1
Goose System|('really', 'Mav')|1
Goose System|('Mav', ',')|1
Goose System|(',', 'nah')|1
Goose System|('nah', 'I')|1
Goose System|('I', 'hate')|1
Goose System|('hate', 'it')|1
Goose System|('it', 'when')|1
Goose System|('when', 'she')|1
Goose System|('she', 'does')|1
Goose System|('does', 'that')|1
Goose System|('that', '....')|1
Goose System|('....', '😄')|1
Goose System|('😄', 'Top')|1
Goose System|('Top', 'Gun')|1
Goose System|('Gun', '!')|1
Goose System|('nan', 'Hey')|1
Goose System|('Hey', 'man')|1
Goose System|('man', '.')|5
Goose System|('.', 'Just')|1
Goose System|('Just', 'made')|1
Goose System|('made', 'contact')|1
Goose System|('contact', 'with')|1
Goose System|('with', 'an')|1
Goose System|('an', 'old')|1
Goose System|('old', 'friend')|1
Goose System|('friend', 'who')|1
Goose System|('who', 'wants')|1
Goose System|('wants', 'to')|1
Goose System|('to', 'join')|1
Goose System|('the', 'crew')|1
Goose System|('crew', '.')|1
Goose System|('You', 'good')|1
Goose System|('good', 'for')|1
Goose System|('for', 'an')|1
Goose System|('an', 'intro')|1
Goose System|('intro', '?')|1
Goose System|('?', 'Name')|1
Goose System|('Name', 'is')|1
Goose System|('is', 'Goldfinger')|1
Goose System|('Goldfinger', '....')|1
Goose System|('....', 'Let')|1
Goose System|("'s", 'be')|1
Goose System|('be', 'cool')|1
Goose System|('cool', 'for')|1
Goose System|('for', 'now')|1
Goose System|('now', '.')|1
Goose System|('.', 'Damn')|1
Goose System|('Damn', 'that')|1
Goose System|('that', "'s")|1
Goose System|("'s", 'some')|1
Goose System|('some', 'serious')|1
Goose System|('serious', 'hardware')|1
Goose System|('hardware', 'dude')|1
Goose System|('Where', 'd')|1
Goose System|('d', "'")|1
Goose System|("'", 'u')|1
Goose System|('u', 'get')|1
Goose System|('get', 'dat')|1
Goose System|('dat', 'from')|1
Goose System|('from', '?')|1
Goose System|('?', 'https')|1
Goose System|(':', '//www.facebook.com/classictvmoments/videos/406900933227178/')|1
Goose System|('//www.facebook.com/classictvmoments/videos/406900933227178/', '?')|1
Goose System|('?', 'sfnsn=wa')|1
Goose System|('sfnsn=wa', 'nan')|1
Goose System|('so', 'where')|1
Goose System|('where', 'and')|1
Goose System|('and', 'when')|1
Goose System|('when', 'does')|1
Goose System|('does', 'Mr')|1
Goose System|('Mr', 'Big')|1
Goose System|('Big', 'show')|1
Goose System|('show', 'up')|1
Goose System|('up', '?')|1
Goose System|('nan', 'LMAO')|1
Goose System|('LMAO', '[')|1
Goose System|('[', ']')|11
Goose System|(']', 'Bad')|1
Goose System|('Bad', 'words')|1
Goose System|('words', 'list')|1
Goose System|('list', '[')|1
Goose System|(']', 'Bomb')|1
Goose System|('Bomb', '[')|1
Goose System|(']', 'Gun')|1
Goose System|('Gun', '[')|1
Goose System|(']', 'Drugs')|1
Goose System|('Drugs', '[')|1
Goose System|(']', 'Naked')|1
Goose System|('Naked', '[')|1
Goose System|(']', 'Sex')|1
Goose System|('Sex', '[')|1
Goose System|(']', 'Fuck')|1
Goose System|('Fuck', '[')|1
Goose System|(']', 'Shit')|1
Goose System|('Shit', '[')|1
Goose System|(']', 'Bastard')|1
Goose System|('Bastard', '[')|1
Goose System|(']', 'Cunt')|1
Goose System|('Cunt', '[')|1
Goose System|(']', 'Ah')|1
Goose System|('Ah', 'man')|1
Goose System|('man', 'so')|1
Goose System|('so', 'sorry')|1
Goose System|('sorry', '.')|1
Goose System|('.', 'Dead')|1
Goose System|('Dead', 'battery')|1
Goose System|('battery', 'on')|1
Goose System|('on', 'phone')|1
Goose System|('phone', 'but')|1
Goose System|('but', 'did')|1
Goose System|('did', "n't")|1
Goose System|("n't", 'spot')|1
Goose System|('spot', 'it')|1
Goose System|('it', 'until')|1
Goose System|('until', 'this')|1
Goose System|('this', 'morning')|1
Goose System|('morning', '.')|1
Goose System|('.', 'my')|1
Goose System|('my', 'bad')|1
Goose System|('.', 'How')|1
Goose System|('How', 'did')|1
Goose System|('did', 'it')|1
Goose System|('it', 'go')|1
Goose System|('go', '?')|1
Goose System|('?', 'Are')|1
Goose System|('Are', 'we')|1
Goose System|('we', 'rich')|1
Goose System|('rich', 'now')|1
Goose System|('?', 'No')|2
Goose System|('No', 'fucking')|1
Goose System|('fucking', 'way')|1
Goose System|('way', '!')|1
Goose System|('!', 'I')|1
Goose System|('am', 'coming')|2
Goose System|('coming', 'now')|1
Goose System|('now', 'MF')|1
Goose System|('MF', 'Right')|1
Goose System|('Right', 'so')|1
Goose System|('so', 'now')|1
Goose System|('now', 'we')|1
Goose System|('we', 'have')|1
Goose System|('have', 'this')|1
Goose System|('this', 'resolved')|1
Goose System|('resolved', '.')|1
Goose System|('get', 'on')|1
Goose System|('on', 'with')|1
Goose System|('with', 'business')|1
Goose System|('business', 'nan')|1
Goose System|('nan', 'Available')|1
Goose System|('Available', 'Ok')|1
Goose System|('Ok', 'and')|1
Goose System|('and', 'if')|1
Goose System|('if', 'I')|1
Goose System|('I', 'do')|1
Goose System|('do', ',')|1
Goose System|('do', 'I')|1
Goose System|('get', 'paid')|1
Goose System|('paid', '?')|1
Goose System|('Ok', 'ok')|1
Goose System|('ok', 'I')|1
Goose System|('coming', '5')|1
Goose System|('mins', 'away')|1
Goose System|('away', 'Yes')|1
Goose System|('yes', 'I')|1
Goose System|('am', 'watching')|2
Goose System|('watching', 'Ca')|1
Goose System|('Ca', "n't")|1
Goose System|("n't", 'see')|1
Goose System|('see', 'him')|1
Goose System|('him', '?')|1
Goose System|('He', "'s")|1
Goose System|("'s", 'watching')|1
Goose System|('watching', 'from')|1
Goose System|('from', 'bus')|1
Goose System|('bus', 'stop')|1
Goose System|('stop', 'nan')|1
Goose System|('nan', 'Meet')|1
Goose System|('Meet', 'me')|1
Goose System|('me', 'here')|1
Goose System|('here', 'soon')|1
Goose System|('soon', 'nan')|1
Goose System|('nan', 'Aww')|1
Goose System|('Aww', 'sorry')|1
Goose System|('sorry', 'man')|1
Goose System|('You', 'know')|1
Goose System|('know', 'me')|1
Goose System|('me', 'Captain')|1
Goose System|('Captain', 'Dozy')|1
Goose System|('Dozy', '.')|1
Goose System|('.', 'Had')|1
Goose System|('Had', 'a')|1
Goose System|('a', 'rough')|1
Goose System|('rough', 'night')|1
Goose System|('night', 'and')|1
Goose System|('and', 'battery')|1
Goose System|('battery', 'went')|1
Goose System|('went', 'dead')|1
Goose System|('dead', 'again')|1
Goose System|('again', '.')|1
Goose System|('.', 'Soz')|1
Goose System|('Soz', 'Ah')|1
Goose System|('Ah', 'yes')|1
Goose System|('.', 'Makes')|1
Goose System|('Makes', 'you')|1
Goose System|('you', 'think')|1
Goose System|('think', '🤔')|1
Goose System|('🤔', 'Screw')|1
Goose System|('Screw', 'you')|1
Goose System|('you', 'Ha')|1
Goose System|('Ha', 'yes')|1
Goose System|('yes', 'obviously')|1
Goose System|('obviously', '😜')|1
Goose System|('😜', 'Not')|1
Goose System|('Not', 'your')|1
Goose System|('your', 'man')|2
Goose System|('watching', 'now')|1
Goose System|('now', 'from')|1
Goose System|('from', 'over')|1
Goose System|('over', 'the')|1
Goose System|('the', 'street')|1
Goose System|('street', '.....')|1
Goose System|('.....', 'That')|1
Goose System|("'s", 'your')|1
Goose System|('man', 'Incoming')|1
Goose System|('Incoming', 'nan')|1
Goose System|('I', "'m")|1
Goose System|("'m", 'bugging')|1
Goose System|('bugging', 'out')|1
Goose System|('out', 'Mav')|1
Goose System|('Mav', 'Sent')|1
Goose System|('//www.viber.com/invite/7aa60cc90bb97bd70c51ea8920b8c3372e27a6251bccfd43deba75570636456a', 'You')|1
Goose System|('You', 'seeing')|1
Goose System|('seeing', 'this')|1
Goose System|('this', 'shit')|1
Goose System|('shit', '?')|1
Goose System|('?', 'She')|1
Goose System|('She', "'s")|1
Goose System|("'s", 'snorting')|1
Goose System|('snorting', 'the')|1
Goose System|('the', 'product')|1
Goose System|('product', '?')|1
Goose System|('No', 'man')|1
Goose System|('You', "'re")|1
Goose System|("'re", 'going')|1
Goose System|('going', 'too')|1
Goose System|('too', 'far')|1
Goose System|('far', 'this')|1
Goose System|('this', 'time')|1
Goose System|('time', 'Mav')|1
Goose System|('I', 'have')|1
Goose System|('have', 'thought')|1
Goose System|('thought', 'it')|1
Goose System|('it', 'through')|1
Goose System|('through', '.')|1
Goose System|('My', 'answer')|1
Goose System|('answer', 'is')|1
Goose System|('is', 'no')|1
Goose System|('no', '.')|1
Goose System|('do', 'you')|1
Goose System|('you', 'mean')|1
Goose System|('mean', '?')|1
Goose System|('?', 'If')|1
Goose System|('If', 'you')|1
Goose System|('you', 'try')|1
Goose System|('try', 'anything')|1
Goose System|('anything', 'man')|1
Goose System|('be', 'ready')|1
Goose System|('ready', 'for')|1
Goose System|('for', 'you')|1
Goose System|('you', '.')|1
Goose System|('.', 'Do')|1
Goose System|("n't", 'think')|1
Goose System|('think', 'you')|1
Goose System|('you', 'can')|1
Goose System|('can', 'frighten')|1
Goose System|('frighten', 'me')|1
Goose System|('me', '..')|1
Goose System|('..', 'You')|1
Goose System|('You', 'leave')|1
Goose System|('leave', 'me')|1
Goose System|('me', 'no')|1
Goose System|('no', 'choice')|1
Goose System|('choice', 'Mav')|1
Goose.4444|('Yo', 'yo')|1
Goose.4444|('yo', 'yo')|1
Goose.4444|('yo', 'it')|1
Goose.4444|('it', "'s")|1
Goose.4444|("'s", 'Mav')|1
Goose.4444|('Mav', '😎')|1
Goose.4444|('😎', ':')|1
Goose.4444|(':', 'P')|1
Goose.4444|('P', 'Shove')|1
Goose.4444|('Shove', 'it')|1
Goose.4444|('it', 'stupid')|1
Goose.4444|('stupid', 'Goose')|1
Goose.4444|('Goose', 'has')|1
Goose.4444|('has', 'changed')|1
Goose.4444|('changed', 'the')|1
Goose.4444|('the', 'chat')|1
Goose.4444|('chat', 'theme')|1
Goose.4444|('theme', 'Bugger')|1
Goose.4444|('Bugger', 'off')|1
Goose.4444|('off', 'you')|1
Goose.4444|('you', 'muppet')|1
Goose.4444|('muppet', 'So')|1
Goose.4444|('So', 'where')|1
Goose.4444|('where', 'are')|1
Goose.4444|('are', 'you')|1
Goose.4444|('you', 'going')|1
Goose.4444|('going', '?')|1
Goose.4444|('?', 'No')|1
Goose.4444|('No', 'reply')|1
Goose.4444|('reply', '?')|1
Goose.4444|('?', 'You')|1
Goose.4444|('You', "'re")|1
Goose.4444|("'re", 'right')|1
Goose.4444|('right', 'it')|1
Goose.4444|('it', 'is')|1
Goose.4444|('is', 'rubbish')|1
Goose.4444|('rubbish', '.')|1
Goose.4444|('.', 'Do')|1
Goose.4444|('Do', "n't")|1
Goose.4444|("n't", 'know')|1
Goose.4444|('know', 'why')|1
Goose.4444|('why', 'anyone')|1
Goose.4444|('anyone', 'uses')|1
Goose.4444|('uses', 'it')|1
Goose.4444|('it', 'anymore')|1
Goose.4444|('anymore', '?')|1
Goose.4444|('?', 'A')|1
Goose.4444|('A', 'chocolate')|1
Goose.4444|('chocolate', 'bar')|1
Goose.4444|('bar', 'called')|1
Goose.4444|('called', 'Plopp')|1
Goose.4444|('Plopp', '?')|1
Goose.4444|('?', 'nan')|3
Goose.4444|('nan', 'We')|1
Goose.4444|('We', 'made')|1
Goose.4444|('made', 'good')|1
Goose.4444|('good', 'bling')|1
Goose.4444|('bling', '...')|1
Goose.4444|('...', 'Shut')|1
Goose.4444|('Shut', 'up')|1
Goose.4444|('up', 'and')|1
Goose.4444|('and', 'give')|1
Goose.4444|('give', 'me')|1
Goose.4444|('me', 'some')|1
Goose.4444|('some', 'money')|1
Goose.4444|('money', '💰')|1
Goose.4444|('💰', 'Well')|1
Goose.4444|('Well', 'I')|1
Goose.4444|('I', 'did')|1
Goose.4444|('did', "n't")|1
Goose.4444|("n't", 'just')|1
Goose.4444|('just', 'walk')|1
Goose.4444|('walk', 'in')|1
Goose.4444|('in', 'and')|1
Goose.4444|('and', 'pay')|1
Goose.4444|('pay', 'for')|1
Goose.4444|('for', 'it')|1
Goose.4444|('it', 'now')|1
Goose.4444|('now', 'did')|1
Goose.4444|('did', 'I')|1
Goose.4444|('I', '?')|1
Goose.4444|('?', ':')|1
Goose.4444|(':', 'D')|2
Goose.4444|('D', 'nan')|1
Goose.4444|('nan', 'It')|1
Goose.4444|('It', "'s")|1
Goose.4444|("'s", 'a')|1
Goose.4444|('a', 'sign')|1
Goose.4444|('sign', 'you')|1
Goose.4444|('you', 'need')|1
Goose.4444|('need', 'to')|1
Goose.4444|('to', 'get')|1
Goose.4444|('get', 'some')|1
Goose.4444|('some', 'work')|1
Goose.4444|('work', 'done')|1
Goose.4444|('done', 'my')|1
Goose.4444|('my', 'friend')|1
Goose.4444|('friend', '.')|1
Goose.4444|('.', 'Stop')|1
Goose.4444|('Stop', 'dicking')|1
Goose.4444|('dicking', 'about')|1
Goose.4444|('about', '.')|1
Goose.4444|('.', ':')|1
Goose.4444|('D', 'Next')|1
Goose.4444|('Next', 'week')|1
Goose.4444|('week', 'https')|1
Goose.4444|('https', ':')|1
Goose.4444|(':', '//youtu.be/3_kKAeh6qyc')|1
Goose.4444|('//youtu.be/3_kKAeh6qyc', 'I')|1
Goose.4444|('I', 'know')|2
Goose.4444|('know', '.')|2
Goose.4444|('.', 'I')|2
Goose.4444|('I', "'m")|1
Goose.4444|("'m", 'a')|1
Goose.4444|('a', 'muppet')|1
Goose.4444|('muppet', 'Know')|1
Goose.4444|('Know', 'any')|1
Goose.4444|('any', 'one')|1
Goose.4444|('one', 'who')|1
Goose.4444|('who', 'needs')|1
Goose.4444|('needs', 'a')|1
Goose.4444|('a', 'digger')|1
Goose.4444|('digger', '?')|1
Goose.4444|('?', '?')|2
Goose.4444|('nan', 'Groan')|1
Goose.4444|('Groan', '....')|1
Goose.4444|('....', ':')|1
Goose.4444|(':', ')')|2
Goose.4444|(')', 'I')|1
Goose.4444|('I', 'would')|1
Goose.4444|('would', 'never')|1
Goose.4444|('never', 'nan')|1
Goose.4444|('nan', 'Do')|1
Goose.4444|('Do', 'you')|1
Goose.4444|('you', 'want')|1
Goose.4444|('want', 'me')|1
Goose.4444|('me', 'to')|1
Goose.4444|('to', 'fence')|1
Goose.4444|('fence', 'some')|1
Goose.4444|('some', 'gear')|1
Goose.4444|('gear', '?')|1
Goose.4444|('nan', ':')|1
Goose.4444|(')', 'No')|1
Jose Topgun|('LMAO', 'donut')|1
Jose Topgun|('donut', '😂')|1
Jose Topgun|('😂', 'nan')|1
Jose Topgun|('nan', 'Nope')|1
Jose Topgun|('Nope', 'this')|1
Jose Topgun|('this', 'is')|1
Jose Topgun|('is', 'what')|1
Jose Topgun|('what', 'we')|1
Jose Topgun|('we', 'need')|1
Jose Topgun|('need', '.....')|1
Jose Topgun|('.....', 'Nah')|1
Jose Topgun|('Nah', 'they')|1
Jose Topgun|('they', "'ll")|1
Jose Topgun|("'ll", 'never')|1
Jose Topgun|('never', 'take')|1
Jose Topgun|('take', 'me')|1
Jose Topgun|('me', 'alive')|1
Jose Topgun|('alive', 'dude')|1
Jose Topgun|('dude', '.')|1
Jose Topgun|('.', 'They')|1
Jose Topgun|('They', 'ca')|1
Jose Topgun|('ca', "n't")|1
Jose Topgun|("n't", 'touch')|1
Jose Topgun|('touch', 'this')|1
Jose Topgun|('this', 'stuff')|1
Jose Topgun|('stuff', 'if')|1
Jose Topgun|('if', 'you')|1
Jose Topgun|('you', 'delete')|1
Jose Topgun|('delete', 'it')|1
Jose Topgun|('it', '.')|1
Jose Topgun|('.', 'I')|1
Jose Topgun|('I', 'think')|1
Jose Topgun|('think', '?')|1
Jose Topgun|('?', 'Ice')|1
Jose Topgun|('Ice', 'ice')|1
Jose Topgun|('ice', 'baby')|1
Jose Topgun|('baby', 'nan')|2
Jose Topgun|('nan', 'nan')|4
Jose Topgun|('nan', 'Grab')|1
Jose Topgun|('Grab', 'the')|1
Jose Topgun|('the', 'loot')|2
Jose Topgun|('loot', 'and')|1
Jose Topgun|('and', 'let')|1
Jose Topgun|('let', "'s")|2
Jose Topgun|("'s", 'get')|1
Jose Topgun|('get', 'rich')|1
Jose Topgun|('rich', 'nan')|1
Jose Topgun|('nan', 'I')|1
Jose Topgun|('I', 'am')|1
Jose Topgun|('am', 'in')|1
Jose Topgun|('in', 'the')|1
Jose Topgun|('the', 'zone')|1
Jose Topgun|('zone', 'baby')|1
Jose Topgun|('baby', '🍼')|1
Jose Topgun|('🍼', 'Kommunist')|1
Jose Topgun|('Kommunist', 'it')|1
Jose Topgun|('it', 'is')|1
Jose Topgun|('is', "n't")|1
Jose Topgun|("n't", '...')|1
Jose Topgun|('...', 'You')|1
Jose Topgun|('You', 'here')|1
Jose Topgun|('here', 'too')|1
Jose Topgun|('too', 'huh')|1
Jose Topgun|('huh', '?')|1
Jose Topgun|('?', 'nan')|2
Jose Topgun|('nan', 'This')|1
Jose Topgun|('This', 'is')|1
Jose Topgun|('is', 'the')|1
Jose Topgun|('the', 'target')|1
Jose Topgun|('target', '....')|1
Jose Topgun|('....', 'Location-sharing')|1
Jose Topgun|('Location-sharing', 'ended')|1
Jose Topgun|('ended', 'nan')|1
Jose Topgun|('nan', 'You')|1
Jose Topgun|('You', 'want')|1
Jose Topgun|('want', 'me')|1
Jose Topgun|('me', 'to')|1
Jose Topgun|('to', 'get')|1
Jose Topgun|('get', 'you')|1
Jose Topgun|('you', 'something')|1
Jose Topgun|('something', 'nice')|1
Jose Topgun|('nice', 'from')|1
Jose Topgun|('from', 'the')|1
Jose Topgun|('the', 'jewelry')|1
Jose Topgun|('jewelry', 'collection')|1
Jose Topgun|('collection', '?')|1
Jose Topgun|('?', 'https')|1
Jose Topgun|('https', ':')|2
Jose Topgun|(':', '//youtube.com/watch')|2
Jose Topgun|('//youtube.com/watch', '?')|2
Jose Topgun|('?', 'v=CNTM9iM1eVw')|1
Jose Topgun|('v=CNTM9iM1eVw', '&')|1
Jose Topgun|('&', 'feature=share')|2
Jose Topgun|('feature=share', 'nan')|2
Jose Topgun|('nan', 'Fancy')|1
Jose Topgun|('Fancy', 'a')|1
Jose Topgun|('a', 'beer')|1
Jose Topgun|('beer', '?')|1
Jose Topgun|('nan', 'Probably')|1
Jose Topgun|('Probably', 'wise')|1
Jose Topgun|('wise', '...')|1
Jose Topgun|('...', 'Howdy')|1
Jose Topgun|('Howdy', 'partner')|1
Jose Topgun|('partner', '👋')|1
Jose Topgun|('👋', 'Yes')|1
Jose Topgun|('Yes', 'boss')|1
Jose Topgun|('boss', '.')|1
Jose Topgun|('.', 'Going')|1
Jose Topgun|('Going', 'out')|1
Jose Topgun|('out', 'now')|1
Jose Topgun|('now', 'nan')|1
Jose Topgun|('nan', 'Hot')|1
Jose Topgun|('Hot', 'wheels')|1
Jose Topgun|('wheels', '🤩')|1
Jose Topgun|('🤩', 'Sweet')|1
Jose Topgun|('Sweet', 'mini')|1
Jose Topgun|('mini', 'van')|1
Jose Topgun|('van', ',')|1
Jose Topgun|(',', 'let')|1
Jose Topgun|("'s", 'use')|1
Jose Topgun|('use', 'it')|1
Jose Topgun|('it', 'to')|1
Jose Topgun|('to', 'carry')|1
Jose Topgun|('carry', 'all')|1
Jose Topgun|('all', 'the')|1
Jose Topgun|('loot', 'nan')|1
Jose Topgun|('nan', 'So')|1
Jose Topgun|('So', 'sweet')|1
Jose Topgun|('sweet', ',')|1
Jose Topgun|(',', 'what')|1
Jose Topgun|('what', 'a')|1
Jose Topgun|('a', 'score')|1
Jose Topgun|('score', '.')|1
Jose Topgun|('.', 'You')|1
Jose Topgun|('You', 'hit')|1
Jose Topgun|('hit', 'the')|1
Jose Topgun|('the', 'big')|1
Jose Topgun|('big', 'time')|1
Jose Topgun|('time', 'with')|1
Jose Topgun|('with', 'that')|1
Jose Topgun|('that', 'baby')|1
Jose Topgun|('nan', 'Yes')|1
Jose Topgun|('Yes', 'but')|1
Jose Topgun|('but', 'naturally')|1
Jose Topgun|('naturally', 'keep')|1
Jose Topgun|('keep', 'it')|1
Jose Topgun|('it', 'quiet')|1
Jose Topgun|('quiet', '.')|1
Jose Topgun|('.', 'Do')|1
Jose Topgun|('Do', "n't")|1
Jose Topgun|("n't", 'want')|1
Jose Topgun|('want', 'the')|1
Jose Topgun|('the', 'whole')|1
Jose Topgun|('whole', 'world')|1
Jose Topgun|('world', 'to')|1
Jose Topgun|('to', 'know')|1
Jose Topgun|('know', 'about')|1
Jose Topgun|('about', 'this')|1
Jose Topgun|('this', 'place')|1
Jose Topgun|('place', '...')|1
Jose Topgun|('...', 'nan')|1
Jose Topgun|('nan', 'https')|1
Jose Topgun|('?', 'v=cRIfsFefatg')|1
Jose Topgun|('v=cRIfsFefatg', '&')|1
Jose Topgun|('nan', 'Having')|1
Jose Topgun|('Having', 'a')|1
Jose Topgun|('a', 'coffee')|1
Jose Topgun|('coffee', 'Me')|1
Jose Topgun|('Me', 'too')|1
Jose Topgun|('too', 'nan')|1
KakaoKalk|('(', '광고')|2
KakaoKalk|('광고', ')')|2
KakaoKalk|(')', '카톡과')|1
KakaoKalk|('카톡과', '함께')|1
KakaoKalk|('함께', '또')|1
KakaoKalk|('또', '한')|1
KakaoKalk|('한', '번')|1
KakaoKalk|('번', '새로운')|1
KakaoKalk|('새로운', '일상을')|1
KakaoKalk|('일상을', '준비하세요')|1
KakaoKalk|('준비하세요', '.')|1
KakaoKalk|('.', '이제')|1
KakaoKalk|('이제', '건강검진')|1
KakaoKalk|('건강검진', '안내부터')|1
KakaoKalk|('안내부터', '운전면허증')|1
KakaoKalk|('운전면허증', '갱신')|1
KakaoKalk|('갱신', '정보까지-')|1
KakaoKalk|('정보까지-', '우편으로')|1
KakaoKalk|('우편으로', '받아')|1
KakaoKalk|('받아', '챙기기')|1
KakaoKalk|('챙기기', '어려웠던')|1
KakaoKalk|('어려웠던', '다양한')|1
KakaoKalk|('다양한', '행정')|1
KakaoKalk|('행정', '정보를')|1
KakaoKalk|('정보를', '카카오톡으로')|1
KakaoKalk|('카카오톡으로', '놓치지')|1
KakaoKalk|('놓치지', '않고')|1
KakaoKalk|('않고', '확인할')|1
KakaoKalk|('확인할', '수')|1
KakaoKalk|('수', '있습니다')|1
KakaoKalk|('있습니다', '.')|1
KakaoKalk|('.', '지금')|1
KakaoKalk|('지금', '바로')|1
KakaoKalk|('바로', ',')|1
KakaoKalk|(',', '정부24')|1
KakaoKalk|('정부24', '페이지에서')|1
KakaoKalk|('페이지에서', '간편로그인하고')|1
KakaoKalk|('간편로그인하고', '카카오톡의')|1
KakaoKalk|('카카오톡의', '알림톡을')|1
KakaoKalk|('알림톡을', '선택')|1
KakaoKalk|('선택', '후')|1
KakaoKalk|('후', '‘')|1
KakaoKalk|('‘', '국민비서')|1
KakaoKalk|('국민비서', '구삐')|1
KakaoKalk|('구삐', '’')|1
KakaoKalk|('’', '채널로')|1
KakaoKalk|('채널로', '간편하게')|1
KakaoKalk|('간편하게', '알림')|1
KakaoKalk|('알림', '받아보세요')|1
KakaoKalk|('받아보세요', '.')|1
KakaoKalk|('.', '*')|1
KakaoKalk|('*', '정부24')|1
KakaoKalk|('정부24', '국민비서')|1
KakaoKalk|('국민비서', '구')|1
KakaoKalk|('구', '(')|1
KakaoKalk|(')', '귀여움이')|1
KakaoKalk|('귀여움이', '하나')|1
KakaoKalk|('하나', ',')|1
KakaoKalk|(',', '둘')|1
KakaoKalk|('둘', ',')|1
KakaoKalk|(',', '셋')|1
KakaoKalk|('셋', ',')|1
KakaoKalk|(',', '넷')|1
KakaoKalk|('넷', ',')|1
KakaoKalk|(',', '다섯')|1
KakaoKalk|('다섯', '..')|1
KakaoKalk|('..', '그래서')|1
KakaoKalk|('그래서', '사랑스러움도')|1
KakaoKalk|('사랑스러움도', '무려')|1
KakaoKalk|('무려', '다섯')|1
KakaoKalk|('다섯', '배')|1
KakaoKalk|('배', '!')|1
KakaoKalk|('!', '지금')|1
KakaoKalk|('지금', ',')|1
KakaoKalk|(',', '고당도')|1
KakaoKalk|('고당도', '복숭아를')|1
KakaoKalk|('복숭아를', '꿈꾸는')|1
KakaoKalk|('꿈꾸는', "'피치파이브")|1
KakaoKalk|("'피치파이브", "'")|1
KakaoKalk|("'", '를')|1
KakaoKalk|('를', '만나보세요')|1
KakaoKalk|('만나보세요', '.')|1
KakaoTalk|('Please', 'check')|1
KakaoTalk|('check', 'My')|1
KakaoTalk|('My', 'Kakao')|1
KakaoTalk|('Kakao', 'Account')|1
KakaoTalk|('Account', 'Info')|1
Maverick|('nan', 'Dude')|2
Maverick|('Dude', 'howdy')|1
Maverick|('howdy', 'New')|1
Maverick|('New', 'comms')|1
Maverick|('comms', 'channel')|1
Maverick|('channel', 'hey')|1
Maverick|('hey', '?')|1
Maverick|('?', 'Yes')|2
Maverick|('Yes', 'mush')|1
Maverick|('mush', 'of')|1
Maverick|('of', 'course')|2
Maverick|('course', 'nan')|1
Maverick|('nan', 'I')|2
Maverick|('I', 'am')|7
Maverick|('am', 'the')|1
Maverick|('the', 'man')|1
Maverick|('man', 'nan')|2
Maverick|('nan', 'nan')|32
Maverick|('nan', 'Yer')|1
Maverick|('Yer', 'cool')|1
Maverick|('cool', 'Need')|1
Maverick|('Need', 'chocolate')|1
Maverick|('chocolate', 'chocolate')|1
Maverick|('chocolate', 'LMAO')|1
Maverick|('LMAO', '🤣')|1
Maverick|('🤣', 'It')|1
Maverick|('It', "'s")|4
Maverick|("'s", 'a')|3
Maverick|('a', 'special')|1
Maverick|('special', 'Swedish')|1
Maverick|('Swedish', 'drink')|1
Maverick|('drink', 'drink')|1
Maverick|('drink', 'made')|1
Maverick|('made', 'with')|1
Maverick|('with', 'secret')|1
Maverick|('secret', 'recipe')|1
Maverick|('recipe', '.')|1
Maverick|('.', 'nan')|4
Maverick|('nan', 'Rain')|1
Maverick|('Rain', 'forecast')|1
Maverick|('forecast', 'today')|1
Maverick|('today', '.')|3
Maverick|('.', 'Take')|1
Maverick|('Take', 'a')|1
Maverick|('a', 'day')|1
Maverick|('day', 'off')|1
Maverick|('off', 'man')|1
Maverick|('man', '....')|1
Maverick|('....', 'Just')|1
Maverick|('Just', 'around')|1
Maverick|('around', 'the')|1
Maverick|('the', 'corner')|1
Maverick|('corner', 'dude')|1
Maverick|('dude', '.')|3
Maverick|('.', 'You')|7
Maverick|('You', 'come')|1
Maverick|('come', 'to')|2
Maverick|('to', 'me')|2
Maverick|('me', '....')|1
Maverick|('....', 'nan')|6
Maverick|('nan', 'You')|3
Maverick|('You', 'there')|2
Maverick|('there', 'bro')|1
Maverick|('bro', '?')|1
Maverick|('?', '?')|22
Maverick|('?', 'We')|3
Maverick|('We', 'speak')|1
Maverick|('speak', 'tomorrow')|1
Maverick|('tomorrow', '.')|1
Maverick|('.', 'When')|1
Maverick|('When', 'your')|1
Maverick|('your', 'head')|2
Maverick|('head', 'is')|1
Maverick|('is', 'in')|1
Maverick|('in', 'a')|1
Maverick|('a', 'better')|1
Maverick|('better', 'place')|1
Maverick|('place', '.')|2
Maverick|('.', 'Alright')|1
Maverick|('Alright', 'alright')|1
Maverick|('alright', '.')|1
Maverick|('there', '?')|1
Maverick|('?', 'Keep.stealing')|1
Maverick|('Keep.stealing', 'Do')|1
Maverick|('Do', 'drugs')|1
Maverick|('drugs', 'Rob')|1
Maverick|('Rob', 'houses')|1
Maverick|('houses', 'Be')|1
Maverick|('Be', 'a')|1
Maverick|('a', 'bad')|3
Maverick|('bad', 'boy')|2
Maverick|('boy', 'Use')|1
Maverick|('Use', 'guns')|1
Maverick|('guns', 'Funking')|1
Maverick|('Funking', 'swear')|1
Maverick|('swear', 'Absolutely')|1
Maverick|('Absolutely', 'dude')|1
Maverick|('.', 'Now')|1
Maverick|('Now', 'go')|1
Maverick|('go', 'and')|1
Maverick|('and', 'get')|2
Maverick|('get', 'some')|1
Maverick|('some', 'gear')|2
Maverick|('gear', 'for')|1
Maverick|('for', 'us')|1
Maverick|('us', 'to')|1
Maverick|('to', 'sell')|2
Maverick|('sell', '....')|1
Maverick|('....', 'Maybe')|1
Maverick|('Maybe', '🙂')|1
Maverick|('🙂', '😃')|1
Maverick|('😃', 'nan')|2
Maverick|('nan', 'Do')|1
Maverick|('Do', 'it')|1
Maverick|('it', '.')|2
Maverick|('.', 'Grab')|1
Maverick|('Grab', 'some')|1
Maverick|('some', 'goodies')|1
Maverick|('goodies', '😋')|1
Maverick|('😋', 'Never')|1
Maverick|('Never', 'seen')|1
Maverick|('seen', 'one')|1
Maverick|('one', 'of')|1
Maverick|('of', 'them')|1
Maverick|('them', 'in')|1
Maverick|('in', 'Sweden')|2
Maverick|('Sweden', '😅')|1
Maverick|('😅', 'Yes')|1
Maverick|('Yes', 'nan')|1
Maverick|('nan', 'Got')|2
Maverick|('Got', 'myself')|1
Maverick|('myself', 'some')|1
Maverick|('some', 'GOLD')|1
Maverick|('GOLD', '😉')|1
Maverick|('😉', 'Shit')|1
Maverick|('Shit', 'this')|1
Maverick|('this', 'camera')|1
Maverick|('camera', 'is')|1
Maverick|('is', 'awesome')|1
Maverick|('awesome', 'Holy')|1
Maverick|('Holy', 'shot')|1
Maverick|('shot', 'x100')|1
Maverick|('x100', 'zoom')|1
Maverick|('zoom', 'Hey')|1
Maverick|('Hey', 'where')|1
Maverick|('where', 'is')|1
Maverick|('is', 'the')|1
Maverick|('the', 'money')|4
Maverick|('money', '?')|1
Maverick|('?', 'https')|1
Maverick|('https', ':')|3
Maverick|(':', '//www.bloomberg.com/news/articles/2021-02-24/swedish-pm-sees-high-risk-of-new-wave-of-covid-infections')|1
Maverick|('//www.bloomberg.com/news/articles/2021-02-24/swedish-pm-sees-high-risk-of-new-wave-of-covid-infections', 'Be')|1
Maverick|('Be', 'careful')|1
Maverick|('careful', 'OK')|1
Maverick|('OK', '...')|1
Maverick|('...', 'You')|1
Maverick|('You', 'are')|3
Maverick|('are', 'mental')|1
Maverick|('mental', '.')|1
Maverick|('.', 'I')|9
Maverick|('I', 'like')|2
Maverick|('like', 'it')|1
Maverick|('it', '👌')|1
Maverick|('👌', 'U')|1
Maverick|('U', 'wan')|1
Maverick|('wan', 'na')|1
Maverick|('na', 'da')|1
Maverick|('da', 'bling')|1
Maverick|('bling', 'baby')|1
Maverick|('baby', '?')|1
Maverick|('?', '🙂')|1
Maverick|('🙂', 'nan')|4
Maverick|('nan', 'Last')|2
Maverick|('Last', 'night')|2
Maverick|('night', "'s")|1
Maverick|("'s", 'haul')|1
Maverick|('haul', 'was')|1
Maverick|('was', 'good')|1
Maverick|('good', 'HOLLYWOOD')|1
Maverick|('HOLLYWOOD', 'baby')|1
Maverick|('baby', '...')|1
Maverick|('...', 'Pay')|1
Maverick|('Pay', 'day')|1
Maverick|('day', 'bitches')|1
Maverick|('bitches', '...')|1
Maverick|('...', '😃')|1
Maverick|('nan', 'Blagged')|1
Maverick|('Blagged', 'this')|1
Maverick|('this', 'one')|4
Maverick|('one', 'earlier')|1
Maverick|('earlier', '.')|1
Maverick|('.', 'Never')|1
Maverick|('Never', 'mind')|1
Maverick|('mind', '.')|1
Maverick|('.', 'Let')|5
Maverick|('Let', "'s")|8
Maverick|("'s", 'keep')|1
Maverick|('keep', 'looking')|1
Maverick|('looking', '.')|1
Maverick|('.', 'Roger')|1
Maverick|('Roger', 'that')|1
Maverick|('that', '👍')|1
Maverick|('👍', 'Cool')|1
Maverick|('Cool', 'order')|1
Maverick|('order', 'me')|1
Maverick|('me', 'a')|1
Maverick|('a', 'pizza')|1
Maverick|('pizza', 'Burn')|1
Maverick|('Burn', 'baby')|1
Maverick|('baby', 'burn')|1
Maverick|('burn', '🔥')|1
Maverick|('🔥', '😅')|1
Maverick|('😅', 'u')|1
Maverick|('u', 'cool')|1
Maverick|('cool', '.')|3
Maverick|('.', 'Just')|3
Maverick|('Just', 'need')|2
Maverick|('need', 'more')|1
Maverick|('more', 'time')|1
Maverick|('time', 'Better')|1
Maverick|('Better', 'be')|1
Maverick|('be', 'careful')|2
Maverick|('careful', 'around')|1
Maverick|('around', 'here')|1
Maverick|('here', '...')|2
Maverick|('...', 'nan')|10
Maverick|('nan', 'Ur')|1
Maverick|('Ur', 'man')|1
Maverick|('man', 'able')|1
Maverick|('able', 'to')|1
Maverick|('to', 'move')|1
Maverick|('move', 'this')|2
Maverick|('this', 'jewellery')|1
Maverick|('jewellery', '?')|1
Maverick|('?', 'nan')|11
Maverick|('Got', 'this')|1
Maverick|('one', 'too')|1
Maverick|('too', 'need')|1
Maverick|('need', '1000kr')|1
Maverick|('1000kr', 'for')|1
Maverick|('for', 'it')|1
Maverick|('it', '...')|1
Maverick|('...', 'OK')|1
Maverick|('OK', 'take')|1
Maverick|('take', 'it')|1
Maverick|('it', 'Oh')|1
Maverick|('Oh', 'no')|2
Maverick|('no', '.')|1
Maverick|('.', 'Lay')|1
Maverick|('Lay', 'low')|1
Maverick|('low', 'dude')|1
Maverick|('.', 'We')|6
Maverick|('We', 'need')|2
Maverick|('need', 'you')|1
Maverick|('you', 'on')|1
Maverick|('on', 'the')|1
Maverick|('the', 'team')|1
Maverick|('team', '...')|1
Maverick|('...', 'do')|1
Maverick|('do', "n't")|4
Maverick|("n't", 'get')|2
Maverick|('get', 'caught')|1
Maverick|('caught', 'Shadow')|1
Maverick|('Shadow', 'man')|1
Maverick|('man', 'lurking')|1
Maverick|('lurking', 'in')|1
Maverick|('in', 'the')|6
Maverick|('the', 'dark')|1
Maverick|('dark', ',')|1
Maverick|(',', 'looking')|1
Maverick|('looking', 'for')|2
Maverick|('for', 'easy')|1
Maverick|('easy', 'money')|1
Maverick|('money', '💰')|2
Maverick|('💰', 'nan')|1
Maverick|('nan', 'Sweet')|1
Maverick|('Sweet', 'let')|1
Maverick|('let', "'s")|2
Maverick|("'s", 'hit')|1
Maverick|('hit', 'that')|1
Maverick|('that', 'one')|1
Maverick|('one', 'then')|1
Maverick|('then', '!')|1
Maverick|('!', 'This')|1
Maverick|('This', 'place')|3
Maverick|('place', 'looks')|1
Maverick|('looks', 'loaded')|1
Maverick|('loaded', '💰')|1
Maverick|('💰', 'We')|1
Maverick|('We', 'scored')|1
Maverick|('scored', 'big')|1
Maverick|('big', 'tonight')|1
Maverick|('tonight', 'crew')|1
Maverick|('crew', '💰👍')|1
Maverick|('💰👍', 'nan')|1
Maverick|('nan', 'This')|6
Maverick|('This', 'one')|3
Maverick|('one', 'is')|2
Maverick|('is', 'hot')|1
Maverick|('hot', '🔥')|1
Maverick|('🔥', 'nan')|1
Maverick|('nan', 'Big')|1
Maverick|('Big', 'score')|1
Maverick|('score', 'tonight')|1
Maverick|('tonight', 'team')|2
Maverick|('team', '!')|1
Maverick|('!', '!')|14
Maverick|('!', 'Check')|1
Maverick|('Check', 'it')|2
Maverick|('it', 'out')|3
Maverick|('out', '.')|2
Maverick|('.', 'That')|1
Maverick|('That', 'house')|1
Maverick|('house', 'was')|1
Maverick|('was', 'loaded')|1
Maverick|('loaded', '.')|1
Maverick|('.', 'Easy')|1
Maverick|('Easy', 'access')|1
Maverick|('access', 'via')|1
Maverick|('via', 'the')|1
Maverick|('the', 'garage')|1
Maverick|('garage', '👌')|1
Maverick|('👌', 'Awesome')|1
Maverick|('Awesome', '!')|1
Maverick|('!', 'Call.me')|1
Maverick|('Call.me', 'when')|1
Maverick|('when', 'ready')|1
Maverick|('ready', 'Got')|1
Maverick|('Got', 'to')|1
Maverick|('to', 'be')|3
Maverick|('be', 'at')|2
Maverick|('at', 'least')|1
Maverick|('least', '5000kr')|1
Maverick|('5000kr', 'if')|1
Maverick|('if', 'they')|2
Maverick|('they', 'are')|1
Maverick|('are', 'real')|1
Maverick|('real', 'diamonds')|1
Maverick|('diamonds', '💎')|1
Maverick|('💎', 'nan')|1
Maverick|('nan', 'We')|2
Maverick|('We', 'got')|1
Maverick|('got', 'lucky')|1
Maverick|('lucky', 'on')|1
Maverick|('on', 'that')|1
Maverick|('that', 'last')|2
Maverick|('last', 'job')|1
Maverick|('job', 'Anyone')|1
Maverick|('Anyone', 'want')|1
Maverick|('want', 'to')|1
Maverick|('to', 'play')|1
Maverick|('play', 'in')|1
Maverick|('the', 'big')|2
Maverick|('big', 'league')|1
Maverick|('league', '.')|1
Maverick|('.', 'Can')|1
Maverick|('Can', 'you')|1
Maverick|('you', 'guys')|2
Maverick|('guys', 'move')|1
Maverick|('this', 'stuff')|1
Maverick|('stuff', 'if')|1
Maverick|('if', 'we')|2
Maverick|('we', 'come')|1
Maverick|('come', 'across')|1
Maverick|('across', 'some')|1
Maverick|('some', '?')|1
Maverick|('nan', 'Seen')|1
Maverick|('Seen', 'in')|1
Maverick|('Sweden', '🇸🇪')|1
Maverick|('🇸🇪', 'Good')|1
Maverick|('Good', 'security')|1
Maverick|('security', 'at')|1
Maverick|('at', 'this')|1
Maverick|('this', 'place')|1
Maverick|('place', '👏')|1
Maverick|('👏', 'Far')|1
Maverick|('Far', 'out')|1
Maverick|('out', 'man')|1
Maverick|('nan', 'What')|2
Maverick|('What', 'do')|5
Maverick|('do', 'you')|4
Maverick|('you', 'think')|1
Maverick|('think', '?')|3
Maverick|('?', 'Hahaha')|1
Maverick|('Hahaha', 'u')|1
Maverick|('u', 'pay')|1
Maverick|('pay', ',')|1
Maverick|(',', 'I')|1
Maverick|('I', 'give')|2
Maverick|('give', '....')|1
Maverick|('....', '💰👍')|1
Maverick|('💰👍', 'Awesome')|1
Maverick|('Awesome', '.')|1
Maverick|('.', 'Looks')|1
Maverick|('Looks', 'like')|3
Maverick|('like', 'a')|4
Maverick|('a', 'perfect')|1
Maverick|('perfect', 'target')|1
Maverick|('target', '.')|2
Maverick|('.', 'Thanks')|1
Maverick|('Thanks', 'Twilight')|1
Maverick|('Twilight', 'you')|1
Maverick|('you', 'rock')|1
Maverick|('rock', '🪨🎸')|1
Maverick|('🪨🎸', 'Stop')|1
Maverick|('Stop', 'complaining')|1
Maverick|('complaining', 'man')|1
Maverick|('man', 'and')|1
Maverick|('get', 'to')|1
Maverick|('to', 'work')|1
Maverick|('work', '.')|1
Maverick|('need', 'to')|2
Maverick|('to', 'make')|2
Maverick|('make', 'the')|1
Maverick|('💰', 'Mucho')|1
Maverick|('Mucho', 'building')|1
Maverick|('building', 'work')|1
Maverick|('work', 'here')|1
Maverick|('...', 'I')|3
Maverick|('am', 'hilarious')|1
Maverick|('hilarious', ',')|1
Maverick|(',', 'thank')|1
Maverick|('thank', 'you')|1
Maverick|('you', 'for')|1
Maverick|('for', 'finally')|1
Maverick|('finally', 'recognising')|1
Maverick|('recognising', 'my')|1
Maverick|('my', 'comic')|1
Maverick|('comic', 'genius')|1
Maverick|('genius', ',')|1
Maverick|(',', 'alongside')|1
Maverick|('alongside', 'my')|1
Maverick|('my', 'criminal')|1
Maverick|('criminal', 'mastermind')|1
Maverick|('mastermind', 'skills')|1
Maverick|('skills', '😉')|1
Maverick|('😉', 'Let')|1
Maverick|("'s", 'just')|1
Maverick|('just', 'say')|1
Maverick|('say', 'that')|1
Maverick|('last', 'night')|1
Maverick|('night', 'out')|1
Maverick|('out', 'score')|1
Maverick|('score', 'was')|1
Maverick|('was', 'quantity')|1
Maverick|('quantity', 'over')|1
Maverick|('over', 'quality')|1
Maverick|('quality', '....')|1
Maverick|('nan', 'Know')|1
Maverick|('Know', 'anyone')|1
Maverick|('anyone', 'who')|1
Maverick|('who', 'wants')|1
Maverick|('wants', 'to')|1
Maverick|('to', 'shift')|2
Maverick|('shift', 'a')|1
Maverick|('a', 'bucket')|1
Maverick|('bucket', 'of')|1
Maverick|('of', 'jewels')|1
Maverick|('jewels', '?')|1
Maverick|('I', 'know')|2
Maverick|('know', 'h1ow')|1
Maverick|('h1ow', 'he')|1
Maverick|('he', 'feels')|1
Maverick|('feels', '...')|1
Maverick|('...', 'This')|1
Maverick|('place', 'was')|1
Maverick|('was', 'very')|1
Maverick|('very', 'isolated')|1
Maverick|('isolated', 'I')|1
Maverick|('give', 'you')|1
Maverick|('you', '20k')|1
Maverick|('20k', 'Twilight')|1
Maverick|('Twilight', 'You')|1
Maverick|('You', 'guys')|1
Maverick|('guys', 'hungry')|1
Maverick|('hungry', '?')|1
Maverick|('?', 'This')|1
Maverick|('This', 'feels')|1
Maverick|('feels', 'like')|1
Maverick|('a', 'trap')|1
Maverick|('trap', '?')|1
Maverick|('?', 'R')|1
Maverick|('R', 'u')|1
Maverick|('u', 'a')|1
Maverick|('a', 'big')|2
Maverick|('big', 'Prince')|1
Maverick|('Prince', 'fan')|1
Maverick|('fan', 'or')|1
Maverick|('or', 'just')|1
Maverick|('just', 'an')|1
Maverick|('an', 'artist')|1
Maverick|('artist', 'formerly')|1
Maverick|('formerly', 'known')|1
Maverick|('known', 'as')|1
Maverick|('as', 'a')|1
Maverick|('a', 'fan')|1
Maverick|('fan', '?')|1
Maverick|('We', 'had')|1
Maverick|('had', 'a')|1
Maverick|('a', 'good')|3
Maverick|('good', 'week')|1
Maverick|('week', 'team')|1
Maverick|('team', '🙌')|1
Maverick|('🙌', 'nan')|2
Maverick|('nan', 'Now')|1
Maverick|('Now', 'we')|1
Maverick|('we', 'need')|1
Maverick|('shift', 'this')|1
Maverick|('this', 'lot')|1
Maverick|('lot', 'through')|1
Maverick|('through', 'the')|1
Maverick|('the', 'cafe')|1
Maverick|('cafe', '...')|1
Maverick|('...', '👌OK')|1
Maverick|('👌OK', 'my')|1
Maverick|('my', 'friend')|1
Maverick|('friend', '.')|1
Maverick|('We', 'visit')|1
Maverick|('visit', 'tomorrow')|1
Maverick|('tomorrow', 'Yes')|1
Maverick|('Yes', 'great')|1
Maverick|('great', 'idea')|1
Maverick|('idea', 'Goose')|1
Maverick|('Goose', '.')|3
Maverick|('We', 'worked')|1
Maverick|('worked', 'hard')|1
Maverick|('hard', ',')|1
Maverick|(',', 'made')|1
Maverick|('made', 'a')|1
Maverick|('big', 'score')|1
Maverick|('score', 'with')|1
Maverick|('with', 'the')|3
Maverick|('the', 'diamonds')|1
Maverick|('diamonds', 'and')|1
Maverick|('and', 'we')|2
Maverick|('we', 'deserve')|1
Maverick|('deserve', 'a')|1
Maverick|('a', 'night')|1
Maverick|('night', 'off')|1
Maverick|('off', 'for')|1
Maverick|('for', 'once')|1
Maverick|('once', '.')|1
Maverick|("'s", 'all')|1
Maverick|('all', 'enjoy')|1
Maverick|('enjoy', 'the')|1
Maverick|('the', 'silly')|1
Maverick|('silly', 'cult')|1
Maverick|('cult', 'Swedish')|1
Maverick|('Swedish', 'music')|1
Maverick|('music', 'show')|1
Maverick|('show', '!')|1
Maverick|('!', 'nan')|6
Maverick|('nan', 'Scored')|1
Maverick|('Scored', '!')|1
Maverick|('nan', 'Another')|1
Maverick|('Another', 'jackpot')|1
Maverick|('jackpot', 'house')|1
Maverick|('house', 'today')|1
Maverick|('.', 'It')|2
Maverick|("'s", 'too')|1
Maverick|('too', 'easy')|1
Maverick|('easy', '....')|1
Maverick|('....', 'Damn')|1
Maverick|('Damn', 'that')|1
Maverick|('that', 'place')|1
Maverick|('place', 'is')|3
Maverick|('is', 'super')|1
Maverick|('super', 'secure')|1
Maverick|('secure', '.')|1
Maverick|('.', 'How')|1
Maverick|('How', 'did')|1
Maverick|('did', 'you')|1
Maverick|('you', 'get')|1
Maverick|('get', 'in')|1
Maverick|('in', '?')|1
Maverick|('nan', 'Get')|2
Maverick|('Get', 'anything')|1
Maverick|('anything', 'this')|1
Maverick|('this', 'good')|1
Maverick|('good', '?')|1
Maverick|('?', '😅')|2
Maverick|('😅', 'nan')|3
Maverick|('nan', 'Binary')|1
Maverick|('Binary', 'license')|1
Maverick|('license', 'plate')|1
Maverick|('plate', '?')|1
Maverick|('This', 'is')|4
Maverick|('is', 'how')|1
Maverick|('how', 'we')|1
Maverick|('we', 'roll')|1
Maverick|('roll', 'baby')|1
Maverick|('baby', '😎')|1
Maverick|('😎', 'nan')|1
Maverick|('nan', 'Hey')|2
Maverick|('Hey', 'dudes')|1
Maverick|('dudes', '.')|1
Maverick|('.', 'This')|2
Maverick|('This', 'sucks')|1
Maverick|('sucks', '.')|1
Maverick|('.', 'Big')|1
Maverick|('Big', 'boss')|1
Maverick|('boss', 'is')|1
Maverick|('is', 'giving')|1
Maverick|('giving', 'us')|1
Maverick|('us', 'less')|1
Maverick|('less', 'and')|1
Maverick|('and', 'less')|1
Maverick|('less', 'for')|1
Maverick|('for', 'each')|1
Maverick|('each', 'score')|1
Maverick|('score', '.')|1
Maverick|('.', 'Told')|1
Maverick|('Told', 'me')|1
Maverick|('me', 'price')|1
Maverick|('price', 'of')|2
Maverick|('of', 'gold')|2
Maverick|('gold', 'is')|1
Maverick|('is', 'going')|1
Maverick|('going', 'down')|1
Maverick|('down', '....')|1
Maverick|('nan', 'Seriously')|1
Maverick|('Seriously', 'what')|1
Maverick|('what', 'the')|1
Maverick|('the', 'f')|1
Maverick|('f', '....')|1
Maverick|('....', 'They')|1
Maverick|('They', 'print')|1
Maverick|('print', '$')|1
Maverick|('$', '1.9Trillion')|1
Maverick|('1.9Trillion', 'US')|1
Maverick|('US', 'Dollars')|1
Maverick|('Dollars', 'and')|1
Maverick|('and', 'the')|2
Maverick|('the', 'price')|1
Maverick|('gold', 'goes')|1
Maverick|('goes', 'down')|1
Maverick|('down', '?')|1
Maverick|('We', 'may')|3
Maverick|('may', 'have')|3
Maverick|('have', 'to')|2
Maverick|('to', 'switch')|1
Maverick|('switch', 'jobs')|1
Maverick|('jobs', '...')|1
Maverick|('...', 'We')|2
Maverick|('We', 'steal')|1
Maverick|('steal', 'more')|1
Maverick|('more', 'of')|1
Maverick|('course', '!')|1
Maverick|('!', 'Have')|1
Maverick|('Have', 'to')|1
Maverick|('to', 'keep')|1
Maverick|('keep', 'up')|1
Maverick|('up', 'with')|1
Maverick|('with', 'inflation')|1
Maverick|('inflation', 'by')|1
Maverick|('by', 'working')|1
Maverick|('working', 'ever')|1
Maverick|('ever', 'harder')|1
Maverick|('harder', '...')|1
Maverick|('nan', 'Mooo')|1
Maverick|('Mooo', 'nan')|1
Maverick|('is', 'a')|2
Maverick|('a', 'nice')|2
Maverick|('nice', 'piece')|1
Maverick|('piece', 'I')|1
Maverick|('I', 'got')|2
Maverick|('got', '.')|1
Maverick|('.', 'What')|3
Maverick|('guys', 'think')|1
Maverick|('?', 'Nice')|1
Maverick|('Nice', ',')|1
Maverick|(',', 'we')|1
Maverick|('we', 'can')|4
Maverick|('can', 'sell')|1
Maverick|('sell', 'that')|1
Maverick|('that', '.')|1
Maverick|('.', 'Good')|3
Maverick|('Good', '💪')|1
Maverick|('💪', 'nan')|2
Maverick|('We', 'did')|1
Maverick|('did', 'well')|1
Maverick|('well', 'today')|1
Maverick|('today', 'between')|1
Maverick|('between', 'Goose')|1
Maverick|('Goose', '&')|1
Maverick|('&', 'Me')|1
Maverick|('Me', '👍')|1
Maverick|('👍', 'nan')|1
Maverick|('nan', 'Ok')|1
Maverick|('Ok', 'you')|1
Maverick|('you', 'lot')|1
Maverick|('lot', '.')|1
Maverick|('I', "'m")|2
Maverick|("'m", 'heading')|1
Maverick|('heading', 'into')|1
Maverick|('into', 'the')|1
Maverick|('the', 'city')|1
Maverick|('city', 'on')|1
Maverick|('on', 'business')|1
Maverick|('business', '.')|1
Maverick|('.', 'Whose')|1
Maverick|('Whose', 'coming')|1
Maverick|('coming', '?')|1
Maverick|('nan', 'Muppet')|1
Maverick|('Muppet', 'Need')|1
Maverick|('Need', 'protection')|1
Maverick|('protection', 'We')|1
Maverick|('We', 'all')|1
Maverick|('all', 'need')|1
Maverick|('need', 'protection')|1
Maverick|('protection', '🙏')|1
Maverick|('🙏', 'In')|1
Maverick|('In', 'this')|1
Maverick|('this', 'line')|1
Maverick|('line', 'of')|1
Maverick|('of', 'work')|1
Maverick|('work', ',')|1
Maverick|(',', 'it')|1
Maverick|('it', 'gets')|2
Maverick|('gets', 'dangerous')|1
Maverick|('dangerous', 'if')|1
Maverick|('if', 'you')|2
Maverick|('you', 'upset')|1
Maverick|('upset', 'the')|1
Maverick|('the', 'wrong')|1
Maverick|('wrong', 'people')|1
Maverick|('people', '...')|1
Maverick|('nan', 'Today')|1
Maverick|('Today', 'we')|1
Maverick|('can', 'try')|1
Maverick|('try', 'to')|1
Maverick|('sell', 'these')|1
Maverick|('these', '...')|1
Maverick|('nan', 'See')|1
Maverick|('See', 'you')|1
Maverick|('you', 'soon')|1
Maverick|('soon', '😊')|1
Maverick|('😊', 'It')|1
Maverick|("'s", 'pay')|1
Maverick|('pay', 'day')|1
Maverick|('day', 'team')|1
Maverick|('team', '$')|1
Maverick|('$', '$')|4
Maverick|('$', 'This')|1
Maverick|('This', 'little')|1
Maverick|('little', 'bag')|1
Maverick|('bag', 'of')|1
Maverick|('of', 'white')|1
Maverick|('white', 'powder')|1
Maverick|('powder', 'could')|1
Maverick|('could', 'be')|1
Maverick|('be', 'worth')|1
Maverick|('worth', '100,000kr')|1
Maverick|('100,000kr', 'if')|1
Maverick|('we', 'deal')|1
Maverick|('deal', 'with')|1
Maverick|('with', 'it')|1
Maverick|('it', 'correctly')|1
Maverick|('correctly', '🤔')|1
Maverick|('🤔', 'Brought')|1
Maverick|('Brought', 'it')|1
Maverick|('it', 'from')|1
Maverick|('from', 'a')|1
Maverick|('a', 'man')|3
Maverick|('man', 'at')|1
Maverick|('at', 'the')|1
Maverick|('the', 'local')|1
Maverick|('local', 'shops')|1
Maverick|('shops', '...')|1
Maverick|('...', 'he')|1
Maverick|('he', "'s")|1
Maverick|('boy', 'Me')|1
Maverick|('Me', 'running')|1
Maverick|('running', 'away')|1
Maverick|('away', 'or')|1
Maverick|('or', 'a')|1
Maverick|('a', 'black')|1
Maverick|('black', 'dog')|1
Maverick|('dog', 'running')|1
Maverick|('running', 'towards')|1
Maverick|('towards', 'you')|1
Maverick|('you', '?')|1
Maverick|('?', 'I')|2
Maverick|('I', 'hate')|1
Maverick|('hate', 'this')|1
Maverick|('this', 'kid')|1
Maverick|('kid', '...')|1
Maverick|('...', '🤣')|1
Maverick|('🤣', 'nan')|2
Maverick|('nan', 'Zoom')|1
Maverick|('Zoom', 'zoom')|1
Maverick|('zoom', 'zooom')|1
Maverick|('zooom', 'nan')|1
Maverick|('nan', 'Yes')|1
Maverick|('Yes', 'let')|1
Maverick|("'s", 'give')|1
Maverick|('give', 'it')|1
Maverick|('it', 'a')|1
Maverick|('a', 'once')|1
Maverick|('once', 'over')|1
Maverick|('over', 'tonight')|1
Maverick|('tonight', 'when')|1
Maverick|('when', 'it')|1
Maverick|('gets', 'dark')|1
Maverick|('dark', '.')|1
Maverick|('one', 'looks')|1
Maverick|('looks', 'like')|1
Maverick|('a', 'great')|1
Maverick|('great', 'target')|1
Maverick|('.', 'Close')|1
Maverick|('Close', 'to')|1
Maverick|('to', 'the')|2
Maverick|('the', 'woods')|2
Maverick|('woods', 'for')|2
Maverick|('for', 'an')|2
Maverick|('an', 'easy')|3
Maverick|('easy', 'getaway')|1
Maverick|('getaway', 'in')|1
Maverick|('in', 'multiple')|1
Maverick|('multiple', 'directions')|1
Maverick|('directions', '😌👌')|1
Maverick|('😌👌', 'OK')|1
Maverick|('OK', 'we')|1
Maverick|('we', 'will')|1
Maverick|('will', 'hit')|1
Maverick|('hit', 'this')|1
Maverick|('one', 'again')|1
Maverick|('again', 'tonight')|1
Maverick|('tonight', '.')|2
Maverick|('It', 'was')|1
Maverick|('was', 'an')|1
Maverick|('easy', 'target')|1
Maverick|('target', 'last')|1
Maverick|('last', 'time')|1
Maverick|('time', 'and')|2
Maverick|('the', 'gap')|1
Maverick|('gap', 'is')|1
Maverick|('is', 'large')|1
Maverick|('large', 'enough')|1
Maverick|('enough', 'for')|1
Maverick|('for', 'the')|2
Maverick|('the', 'insurance')|1
Maverick|('insurance', 'payout')|1
Maverick|('payout', 'to')|1
Maverick|('to', 'replace')|1
Maverick|('replace', 'the')|1
Maverick|('the', 'stuff')|1
Maverick|('stuff', 'we')|1
Maverick|('we', 'stole')|1
Maverick|('stole', 'first')|1
Maverick|('first', 'time')|1
Maverick|('time', 'around')|1
Maverick|('around', '....')|1
Maverick|('....', 'Hurry')|1
Maverick|('Hurry', 'up')|1
Maverick|('up', 'slow')|1
Maverick|('slow', 'coach')|1
Maverick|('coach', '...')|1
Maverick|('...', 'It')|1
Maverick|('a', 'win')|1
Maverick|('win', 'tonight')|1
Maverick|('tonight', '🙌')|1
Maverick|('night', 'was')|1
Maverick|('was', 'a')|1
Maverick|('good', 'hit')|1
Maverick|('hit', 'I')|1
Maverick|('I', 'would')|1
Maverick|('would', 'say')|1
Maverick|('say', 'about')|1
Maverick|('about', '4000kr')|1
Maverick|('4000kr', 'each')|1
Maverick|('each', '.')|1
Maverick|('Good', 'split')|1
Maverick|('split', '.')|1
Maverick|('.', 'Do')|3
Maverick|('Do', 'the')|1
Maverick|('the', 'exchange')|1
Maverick|('exchange', 'tonight')|1
Maverick|('tonight', '🤔')|1
Maverick|('🤔', '😁🤪😛')|1
Maverick|('😁🤪😛', 'I')|1
Maverick|('am', 'off')|1
Maverick|('off', 'out')|1
Maverick|('out', 'to')|1
Maverick|('to', 'see')|1
Maverick|('see', 'a')|1
Maverick|('man', 'about')|1
Maverick|('about', 'a')|1
Maverick|('a', 'dog')|1
Maverick|('dog', '....')|1
Maverick|('....', 'Which')|1
Maverick|('Which', 'is')|1
Maverick|('is', 'code')|1
Maverick|('code', 'for')|1
Maverick|('for', 'sell')|1
Maverick|('sell', 'some')|1
Maverick|('some', 'drugs')|1
Maverick|('drugs', '🤔')|1
Maverick|('🤔', 'Goose')|1
Maverick|('Goose', 'hard')|1
Maverick|('hard', 'at')|1
Maverick|('at', 'work')|1
Maverick|('work', 'tonight')|1
Maverick|('.', 'Anyone')|1
Maverick|('Anyone', 'seen')|1
Maverick|('seen', 'him')|1
Maverick|('him', '?')|1
Maverick|('?', 'Damn')|1
Maverick|('Damn', '!')|1
Maverick|('!', 'I')|2
Maverick|('I', 'need')|1
Maverick|('need', 'a')|1
Maverick|('a', 'truck')|1
Maverick|('truck', 'this')|1
Maverick|('this', 'bag')|1
Maverick|('bag', 'to')|1
Maverick|('to', 'carry')|1
Maverick|('carry', 'all')|1
Maverick|('all', 'the')|1
Maverick|('money', 'we')|2
Maverick|('we', 'just')|1
Maverick|('just', 'made')|1
Maverick|('made', '!')|1
Maverick|('You', 'do')|1
Maverick|('get', 'an')|1
Maverick|('an', 'equal')|1
Maverick|('equal', 'split')|1
Maverick|('split', 'Goose')|1
Maverick|('Goose', '!')|1
Maverick|('!', 'Nope')|1
Maverick|('Nope', '.')|1
Maverick|('.', 'U')|1
Maverick|('U', 'were')|1
Maverick|('were', 'not')|1
Maverick|('not', 'there')|1
Maverick|('there', 'for')|1
Maverick|('for', 'me')|2
Maverick|('me', 'when')|1
Maverick|('when', 'the')|1
Maverick|('the', 'deal')|1
Maverick|('deal', 'went')|1
Maverick|('went', 'down')|1
Maverick|('down', '.')|1
Maverick|('I', 'had')|1
Maverick|('had', 'to')|1
Maverick|('to', 'ask')|1
Maverick|('ask', 'Gold')|1
Maverick|('Gold', 'Finger')|1
Maverick|('Finger', 'to')|1
Maverick|('to', 'cover')|1
Maverick|('cover', 'for')|1
Maverick|('me', 'Time')|1
Maverick|('Time', 'to')|2
Maverick|('to', 'celebrate')|2
Maverick|('celebrate', 'gang')|1
Maverick|('gang', ',')|1
Maverick|(',', '.')|1
Maverick|('.', 'MR')|1
Maverick|('MR', 'BIG')|1
Maverick|('BIG', 'is')|1
Maverick|('is', 'paid')|1
Maverick|('paid', 'off')|1
Maverick|('off', 'finally')|1
Maverick|('finally', '🙌')|1
Maverick|('🙌', 'Hey')|1
Maverick|('Hey', 'everyone')|1
Maverick|('everyone', 'it')|1
Maverick|('it', "'s")|3
Maverick|("'s", 'party')|1
Maverick|('party', 'time')|1
Maverick|('time', 'tonight')|1
Maverick|('tonight', 'to')|1
Maverick|('celebrate', '🍾')|1
Maverick|('🍾', 'our')|1
Maverick|('our', 'new')|1
Maverick|('new', 'freedom')|1
Maverick|('freedom', '.')|1
Maverick|("'s", 'get')|1
Maverick|('get', 'wrecked')|1
Maverick|('wrecked', '🙂')|1
Maverick|('nan', '🤣')|2
Maverick|('🤣', 'This')|1
Maverick|('is', 'always')|1
Maverick|('always', 'empty')|1
Maverick|('empty', 'Cool')|1
Maverick|('Cool', 'Might')|1
Maverick|('Might', 'be')|1
Maverick|('be', 'being')|1
Maverick|('being', 'followed')|1
Maverick|('followed', '?')|1
Maverick|('?', 'Loving')|1
Maverick|('Loving', '❤')|1
Maverick|('❤', 'the')|1
Maverick|('big', 'red')|1
Maverick|('red', 'engine')|1
Maverick|('engine', 'nan')|1
Maverick|('nan', 'Good')|2
Maverick|('Good', 'work')|1
Maverick|('work', 'Goldy')|1
Maverick|('Goldy', 'Damn')|1
Maverick|('Damn', '.')|1
Maverick|('are', 'on')|1
Maverick|('on', 'form')|1
Maverick|('form', 'today')|1
Maverick|('today', 'girlfriend')|1
Maverick|('girlfriend', 'Oh')|1
Maverick|('Oh', 'yes')|1
Maverick|('yes', '....')|1
Maverick|('....', 'we')|1
Maverick|('we', 'hit')|1
Maverick|('hit', 'the')|1
Maverick|('the', 'jackpot')|1
Maverick|('jackpot', 'tonight')|1
Maverick|('team', '🤪')|1
Maverick|('🤪', 'nan')|1
Maverick|('nan', 'They')|1
Maverick|('They', 'had')|1
Maverick|('had', 'gold')|1
Maverick|('gold', 'blocks')|1
Maverick|('blocks', 'in')|1
Maverick|('the', 'house')|1
Maverick|('house', '!')|1
Maverick|('!', 'Unreal')|1
Maverick|('Unreal', '....')|1
Maverick|('....', 'Time')|1
Maverick|('to', 'party')|1
Maverick|('party', '...')|1
Maverick|('🤣', 'Who')|1
Maverick|('Who', 'wants')|1
Maverick|('wants', 'some')|1
Maverick|('some', 'chocolate')|1
Maverick|('chocolate', '🍫')|1
Maverick|('🍫', '?')|1
Maverick|('nan', 'When')|1
Maverick|('When', 'to')|1
Maverick|('to', 'tell')|1
Maverick|('tell', 'that')|1
Maverick|('that', 'you')|1
Maverick|('you', 'might')|1
Maverick|('might', 'have')|1
Maverick|('have', 'overdone')|1
Maverick|('overdone', 'the')|1
Maverick|('the', 'thieving')|1
Maverick|('thieving', '...')|1
Maverick|('...', 'Weather')|1
Maverick|('Weather', 'is')|1
Maverick|('is', 'shitty')|1
Maverick|('shitty', 'today')|1
Maverick|('.', 'Staying')|1
Maverick|('Staying', 'in')|1
Maverick|('in', 'and')|1
Maverick|('and', 'watching')|1
Maverick|('watching', 'a')|1
Maverick|('a', 'movie')|1
Maverick|('movie', 'instead')|1
Maverick|('instead', 'fir')|1
Maverick|('fir', 'a')|1
Maverick|('a', 'change')|1
Maverick|('change', '...')|1
Maverick|('...', 'Awesome')|2
Maverick|('Awesome', 'work')|2
Maverick|('work', 'thanks')|1
Maverick|('thanks', 'Twilight')|1
Maverick|('Twilight', '.')|1
Maverick|('.', 'Tell')|1
Maverick|('Tell', 'them')|1
Maverick|('them', 'we')|1
Maverick|('can', 'steal')|1
Maverick|('steal', 'to')|1
Maverick|('to', 'order')|1
Maverick|('order', 'if')|1
Maverick|('they', 'need')|1
Maverick|('need', 'anything')|1
Maverick|('anything', 'special')|1
Maverick|('special', '....')|1
Maverick|('....', '?')|1
Maverick|('?', 'Decided')|1
Maverick|('Decided', 'to')|1
Maverick|('to', 'buy')|1
Maverick|('buy', 'myself')|1
Maverick|('myself', 'a')|1
Maverick|('a', 'new')|2
Maverick|('new', 'car')|2
Maverick|('car', 'with')|1
Maverick|('with', 'all')|1
Maverick|('all', 'my')|1
Maverick|('my', 'evil')|1
Maverick|('evil', 'gains')|1
Maverick|('gains', '💪')|1
Maverick|('💪', 'This')|1
Maverick|('This', 'whole')|1
Maverick|('whole', 'place')|1
Maverick|('is', 'upmarket')|1
Maverick|('upmarket', '.')|1
Maverick|('.', 'So')|2
Maverick|('So', 'dear')|1
Maverick|('dear', '...')|1
Maverick|('work', 'Twilight')|1
Maverick|('Twilight', '💪')|1
Maverick|('is', 'perfect')|1
Maverick|('perfect', '.')|1
Maverick|('.', 'Backs.onto')|1
Maverick|('Backs.onto', 'the')|1
Maverick|('easy', 'escape')|1
Maverick|('escape', '..')|1
Maverick|('..', 'nothing')|1
Maverick|('nothing', 'overlooked')|1
Maverick|('overlooked', 'I')|1
Maverick|("'m", 'the')|1
Maverick|('the', 'daddy')|1
Maverick|('daddy', 'OK')|1
Maverick|('OK', 'gang')|1
Maverick|('gang', '.')|1
Maverick|('.', 'Going')|2
Maverick|('Going', 'to')|1
Maverick|('make', 'second')|1
Maverick|('second', 'drop')|1
Maverick|('drop', 'with')|1
Maverick|('with', 'Bad')|1
Maverick|('Bad', 'Boy')|1
Maverick|('Boy', 'for')|1
Maverick|('the', 'coke')|1
Maverick|('coke', '.')|1
Maverick|('.', 'Have')|1
Maverick|('Have', 'my')|1
Maverick|('my', 'back')|2
Maverick|('back', 'I')|1
Maverick|('I', 'will')|3
Maverick|('will', 'go')|1
Maverick|('go', 'there')|1
Maverick|('there', 'with')|1
Maverick|('the', 'package')|1
Maverick|('package', '.')|1
Maverick|('.', 'Goose')|3
Maverick|('Goose', 'cover')|1
Maverick|('cover', 'my')|1
Maverick|('back', 'dude')|1
Maverick|('dude', '...')|1
Maverick|('...', 'A')|1
Maverick|('A', 'little')|1
Maverick|('little', '.')|1
Maverick|('Good', 'to')|1
Maverick|('to', 'check')|1
Maverick|('check', 'the')|1
Maverick|('the', 'area')|2
Maverick|('area', 'beforehand')|1
Maverick|('beforehand', '.')|1
Maverick|('.', 'Come')|2
Maverick|('Come', 'when')|1
Maverick|('when', 'u')|1
Maverick|('u', 'can')|1
Maverick|('can', '.')|1
Maverick|('.', 'Track')|1
Maverick|('Track', 'me')|1
Maverick|('me', 'for')|1
Maverick|('for', 'safety')|1
Maverick|('safety', '...')|1
Maverick|('am', 'carrying')|1
Maverick|('carrying', 'the')|1
Maverick|('the', 'merchandise')|1
Maverick|('merchandise', '.')|1
Maverick|('nan', 'That')|1
Maverick|('That', 'kid')|1
Maverick|('kid', 'tags')|1
Maverick|('tags', 'everything')|1
Maverick|('everything', 'in')|1
Maverick|('area', ',')|1
Maverick|(',', 'yet')|1
Maverick|('yet', 'we')|1
Maverick|('we', 'never')|1
Maverick|('never', 'see')|1
Maverick|('see', 'him')|1
Maverick|('him', 'and')|1
Maverick|('and', 'nobody')|1
Maverick|('nobody', 'knows')|1
Maverick|('knows', 'who')|1
Maverick|('who', 'he')|1
Maverick|('he', 'is')|2
Maverick|('is', '.')|1
Maverick|('.', 'Very')|1
Maverick|('Very', 'suspicious')|1
Maverick|('suspicious', '...')|1
Maverick|('Hey', 'all')|2
Maverick|('all', 'we')|1
Maverick|('we', 'good')|1
Maverick|('good', '....')|1
Maverick|('....', 'Deal')|1
Maverick|('Deal', 'done')|1
Maverick|('done', '.')|2
Maverick|('.', 'No')|1
Maverick|('No', 'issues')|1
Maverick|('issues', 'Got')|1
Maverick|('Got', 'the')|1
Maverick|('the', 'cash')|1
Maverick|('cash', '💸🤪')|1
Maverick|('💸🤪', 'nan')|1
Maverick|('nan', 'Leaving')|1
Maverick|('Leaving', 'station')|1
Maverick|('station', 'now')|1
Maverick|('now', '.')|1
Maverick|('.', 'OMG')|1
Maverick|('OMG', 'We')|1
Maverick|('We', 'are')|1
Maverick|('are', 'in')|1
Maverick|('money', 'baby')|1
Maverick|('baby', '👶')|1
Maverick|('👶', 'We')|1
Maverick|('We', 'can')|1
Maverick|('can', 'all')|1
Maverick|('all', 'have')|1
Maverick|('have', 'a')|3
Maverick|('car', 'soon')|1
Maverick|('soon', 'with')|1
Maverick|('the', 'amount')|1
Maverick|('amount', 'of')|1
Maverick|('of', 'money')|1
Maverick|('we', 'are')|1
Maverick|('are', 'bringing')|1
Maverick|('bringing', 'in')|1
Maverick|('in', 'these')|1
Maverick|('these', 'days')|1
Maverick|('days', '....')|1
Maverick|('nan', 'Fuck')|1
Maverick|('Fuck', 'you')|1
Maverick|('you', 'Goose')|1
Maverick|('is', 'between')|1
Maverick|('between', 'me')|1
Maverick|('me', 'and')|1
Maverick|('and', 'you')|1
Maverick|('you', '.')|5
Maverick|('Do', "n't")|2
Maverick|("n't", 'bring')|1
Maverick|('bring', 'the')|1
Maverick|('the', 'others')|1
Maverick|('others', 'into')|1
Maverick|('into', 'it')|1
Maverick|('.', 'Go')|1
Maverick|('Go', 'home')|1
Maverick|('home', 'have')|1
Maverick|('good', 'long')|1
Maverick|('long', 'think')|1
Maverick|('think', 'about')|1
Maverick|('about', 'your')|1
Maverick|('your', 'future')|1
Maverick|('future', '.')|1
Maverick|("n't", 'make')|1
Maverick|('make', 'a')|1
Maverick|('bad', 'call')|1
Maverick|('call', 'and')|1
Maverick|('and', 'remember')|1
Maverick|('remember', 'who')|1
Maverick|('who', 'helped')|1
Maverick|('helped', 'you')|1
Maverick|('What', 'is')|1
Maverick|('is', 'this')|1
Maverick|('this', 'shit')|1
Maverick|('shit', '?')|1
Maverick|('nan', 'Some')|1
Maverick|('Some', 'old')|1
Maverick|('old', 'fashioned')|1
Maverick|('fashioned', 'tape')|1
Maverick|('tape', 'playing')|1
Maverick|('playing', 'thing')|1
Maverick|('thing', '?')|1
Maverick|('?', 'Hey')|1
Maverick|('all', '.')|1
Maverick|('Goose', 'is')|2
Maverick|('is', "n't")|1
Maverick|("n't", 'talking')|1
Maverick|('talking', 'to')|1
Maverick|('me', ',')|1
Maverick|(',', 'but')|1
Maverick|('but', 'there')|1
Maverick|('there', "'s")|1
Maverick|("'s", 'still')|1
Maverick|('still', 'work')|1
Maverick|('work', 'to')|1
Maverick|('be', 'done')|1
Maverick|('am', 'going')|1
Maverick|('going', 'out')|1
Maverick|('out', 'for')|1
Maverick|('for', 'a')|2
Maverick|('a', 'recon')|1
Maverick|('recon', '.')|1
Maverick|('.', 'Looking')|1
Maverick|('Looking', 'for')|1
Maverick|('for', 'business')|1
Maverick|('business', 'as')|1
Maverick|('as', 'usual')|1
Maverick|('usual', '...')|1
Maverick|('nan', 'Must')|1
Maverick|('Must', 'think')|1
Maverick|('think', 'he')|1
Maverick|('is', 'rock')|1
Maverick|('rock', 'hard')|1
Maverick|('hard', '...')|1
Maverick|('...', 'Jets')|1
Maverick|('Jets', 'won')|1
Maverick|('won', '...')|1
Maverick|('...', 'Looks')|1
Maverick|('nice', 'Easter')|1
Maverick|('Easter', 'meal')|1
Maverick|('meal', '.')|1
Maverick|('.', 'Glad')|1
Maverick|('Glad', 'you')|1
Maverick|('you', 'can')|1
Maverick|('can', 'relax')|1
Maverick|('relax', '.')|1
Maverick|('Just', 'looked')|1
Maverick|('looked', 'outside')|1
Maverick|('outside', '.')|1
Maverick|('a', 'problem')|1
Maverick|('problem', '....')|1
Maverick|('nan', 'Err')|1
Maverick|('Err', 'OK')|1
Maverick|('OK', 'not')|1
Maverick|('not', 'sure')|1
Maverick|('sure', 'man')|1
Maverick|('man', '.')|2
Maverick|('.', 'Need')|3
Maverick|('Need', 'to')|1
Maverick|('careful', 'here')|1
Maverick|('here', '.')|1
Maverick|("'s", 'restrict')|1
Maverick|('restrict', 'comms')|1
Maverick|('comms', 'until')|1
Maverick|('until', 'we')|1
Maverick|('we', 'know')|1
Maverick|('know', 'who')|1
Maverick|('who', 'to')|1
Maverick|('to', 'trust')|1
Maverick|('trust', '?')|1
Maverick|('nan', 'Let')|2
Maverick|("'s", 'go')|1
Maverick|('go', 'look')|1
Maverick|('look', 'nan')|1
Maverick|('Good', 'place')|1
Maverick|('place', 'to')|1
Maverick|('to', 'stash')|1
Maverick|('stash', 'some')|1
Maverick|('gear', '?')|1
Maverick|('I', 'think')|2
Maverick|('think', 'it')|1
Maverick|("'s", 'time')|1
Maverick|('time', 'to')|1
Maverick|('to', 'tool')|1
Maverick|('tool', 'up')|1
Maverick|('up', 'for')|1
Maverick|('for', 'protection')|1
Maverick|('protection', '...')|1
Maverick|('to', 'steal')|1
Maverick|('steal', 'a')|1
Maverick|('a', 'car')|1
Maverick|('car', 'tomorrow')|1
Maverick|('tomorrow', '....')|1
Maverick|('Get', 'looking')|1
Maverick|('for', 'some')|1
Maverick|('some', 'sweet')|1
Maverick|('sweet', 'wheels')|1
Maverick|('wheels', 'like')|1
Maverick|('like', 'this')|1
Maverick|('this', '👀')|1
Maverick|('👀', 'Usual')|1
Maverick|('Usual', 'time')|1
Maverick|('and', 'place')|1
Maverick|('.', 'Deal')|1
Maverick|('Deal', 'is')|1
Maverick|('is', 'done')|1
Maverick|('done', 'for')|1
Maverick|('for', 'today')|1
Maverick|('today', 'Goose')|1
Maverick|('Goose', 'younda')|1
Maverick|('younda', 'bomb')|1
Maverick|('bomb', '💣')|1
Maverick|('💣', 'nan')|1
Maverick|('nan', 'If')|1
Maverick|('If', 'it')|1
Maverick|('it', 'goes')|1
Maverick|('goes', 'to')|1
Maverick|('to', 'shit')|1
Maverick|('shit', ',')|1
Maverick|(',', 'this')|1
Maverick|('this', 'is')|1
Maverick|('is', 'where')|1
Maverick|('where', 'I')|1
Maverick|('am', '..')|1
Maverick|('..', 'nan')|1
Maverick|('Dude', 'where')|1
Maverick|('where', 'the')|1
Maverick|('the', 'hell')|1
Maverick|('hell', 'r')|1
Maverick|('r', 'u')|1
Maverick|('u', '?')|1
Maverick|('Yes', 'but')|1
Maverick|('but', 'no')|1
Maverick|('no', 'thanks')|1
Maverick|('thanks', 'to')|1
Maverick|('to', 'you')|1
Maverick|('am', 'taking')|1
Maverick|('taking', '20')|1
Maverick|('20', '%')|1
Maverick|('%', 'off')|1
Maverick|('off', 'your')|1
Maverick|('your', 'cut')|1
Maverick|('cut', 'as')|1
Maverick|('as', 'punishment')|1
Maverick|('punishment', 'Yes')|1
Maverick|('Yes', 'way')|1
Maverick|('way', '.')|1
Maverick|('Come', 'over')|1
Maverick|('over', 'and')|1
Maverick|('can', 'have')|1
Maverick|('have', 'it')|1
Maverick|('out', 'now')|1
Maverick|('now', '....')|1
Maverick|('....', 'Where')|1
Maverick|('Where', 'you')|1
Maverick|('you', 'at')|1
Maverick|('at', '?')|1
Maverick|('nan', 'Meet')|1
Maverick|('Meet', 'me')|1
Maverick|('me', 'at')|1
Maverick|('at', 'Barkaby')|1
Maverick|('Barkaby', 'Train')|1
Maverick|('Train', 'Station')|1
Maverick|('Station', 'ASAP')|1
Maverick|('ASAP', 'FFS')|1
Maverick|('FFS', 'yes')|1
Maverick|('yes', '.')|1
Maverick|('Just', 'get')|1
Maverick|('get', 'there')|1
Maverick|('there', 'now')|1
Maverick|('now', 'Good')|1
Maverick|('Good', 'I')|1
Maverick|('I', 'meet')|1
Maverick|('meet', 'Mr')|1
Maverick|('Mr', 'Big')|2
Maverick|('Big', 'at')|1
Maverick|('at', 'top')|1
Maverick|('top', 'elevator')|1
Maverick|('elevator', 'by')|1
Maverick|('by', 'bus')|1
Maverick|('bus', 'stop')|1
Maverick|('stop', '.')|1
Maverick|('You', 'be')|1
Maverick|('at', 'bottom')|1
Maverick|('bottom', 'for')|1
Maverick|('for', 'insurance')|1
Maverick|('insurance', 'Mr')|1
Maverick|('Big', 'below')|1
Maverick|('below', '.')|1
Maverick|('.', 'Watch')|1
Maverick|('Watch', 'him')|1
Maverick|('him', 'I')|1
Maverick|('I', 'leave')|1
Maverick|('leave', 'bag')|1
Maverick|('bag', 'in')|1
Maverick|('in', 'elevator')|1
Maverick|('elevator', 'Cool')|1
Maverick|('Cool', 'thanks')|1
Maverick|('thanks', '.')|1
Maverick|('Going', 'in')|1
Maverick|('in', 'wish')|1
Maverick|('wish', 'me')|1
Maverick|('me', 'luck')|1
Maverick|('luck', 'OK')|1
Maverick|('OK', '5')|1
Maverick|('5', 'mins')|1
Maverick|('mins', 'Wake')|1
Maverick|('Wake', 'up')|1
Maverick|('up', 'u')|1
Maverick|('u', 'lazy')|1
Maverick|('lazy', 'bastard')|1
Maverick|('bastard', '!')|1
Maverick|('I', 'ca')|1
Maverick|('ca', "n't")|2
Maverick|("n't", 'do')|1
Maverick|('do', 'this')|1
Maverick|('this', 'all')|1
Maverick|('all', 'on')|1
Maverick|('on', 'my')|1
Maverick|('my', 'own')|1
Maverick|('own', '.')|1
Maverick|('.', 'https')|1
Maverick|(':', '//www.miltonsdiamonds.com/news/2020/08/guide-to-buying-second-hand-jewellery/')|1
Maverick|('//www.miltonsdiamonds.com/news/2020/08/guide-to-buying-second-hand-jewellery/', 'nan')|1
Maverick|('nan', 'UB40')|1
Maverick|('UB40', 'Food')|1
Maverick|('Food', 'for')|1
Maverick|('for', 'Thought')|1
Maverick|('Thought', 'This')|1
Maverick|('This', 'guy')|1
Maverick|('guy', 'might')|1
Maverick|('might', 'be')|1
Maverick|('be', 'following')|1
Maverick|('following', 'me')|2
Maverick|('me', '...')|1
Maverick|('are', 'Easter')|1
Maverick|('Easter', 'scum')|1
Maverick|('scum', '😅')|1
Maverick|('😅', 'You')|1
Maverick|('You', 'following')|1
Maverick|('me', '?')|1
Maverick|('?', 'Check')|1
Maverick|('Check', 'this')|1
Maverick|('this', 'guy')|1
Maverick|('guy', 'out')|1
Maverick|('out', 'Cool')|1
Maverick|('Cool', '😎')|1
Maverick|('😎', 'Cool')|1
Maverick|('Cool', 'Oh')|1
Maverick|('Oh', 'christ')|1
Maverick|('christ', 'just')|1
Maverick|('just', 'what')|1
Maverick|('what', 'we')|1
Maverick|('we', 'do')|1
Maverick|("n't", 'need')|1
Maverick|('need', '...')|1
Maverick|('...', 'Bro')|1
Maverick|('Bro', 'it')|1
Maverick|("'s", 'been')|1
Maverick|('been', '24hrs')|1
Maverick|('24hrs', '.')|1
Maverick|("'s", 'talk')|2
Maverick|('talk', 'Bad')|1
Maverick|('Bad', 'call')|1
Maverick|('call', '.')|1
Maverick|('You', 'will')|1
Maverick|('will', 'regret')|1
Maverick|('regret', 'this')|1
Maverick|('this', '...')|1
Maverick|('I', 'mean')|1
Maverick|('mean', 'nobody')|1
Maverick|('nobody', 'leaves')|1
Maverick|('leaves', 'unless')|1
Maverick|('unless', 'I')|1
Maverick|('I', 'say')|1
Maverick|('say', 'so')|1
Maverick|('so', '..')|1
Maverick|('..', 'Looks')|1
Maverick|('like', 'I')|1
Maverick|('I', 'already')|1
Maverick|('already', 'did')|1
Maverick|('did', '...')|1
Maverick|('nan', 'Tut')|1
Maverick|('Tut', 'tut')|1
Maverick|('tut', '....')|1
Maverick|('....', 'Hey')|1
Maverick|('Hey', 'buddy')|1
Maverick|('buddy', '.')|1
Maverick|('think', 'she')|1
Maverick|('she', 'just')|1
Maverick|('just', 'lost')|1
Maverick|('lost', 'that')|1
Maverick|('that', 'loving')|1
Maverick|('loving', 'feeling')|1
Maverick|('feeling', '?')|1
Maverick|('nan', 'For')|1
Maverick|('For', 'you')|1
Maverick|('you', 'What')|1
Maverick|('What', 'ya')|1
Maverick|('ya', 'doin')|1
Maverick|('doin', 'now')|1
Maverick|('now', '?')|3
Maverick|('nan', 'Ah')|1
Maverick|('Ah', 'nice')|1
Maverick|('nice', 'a')|1
Maverick|('a', 'piece')|1
Maverick|('piece', 'of')|1
Maverick|('of', 'fame')|1
Maverick|('fame', '!')|1
Maverick|('!', 'Just')|1
Maverick|('need', 'an')|1
Maverick|('an', 'aeroplane')|1
Maverick|('aeroplane', 'to')|1
Maverick|('to', 'write')|1
Maverick|('write', 'it')|1
Maverick|('it', 'in')|1
Maverick|('the', 'sky')|1
Maverick|('sky', 'now')|1
Maverick|('now', '!')|1
Maverick|('!', 'Kept')|1
Maverick|('Kept', 'these')|1
Maverick|('these', 'behind')|1
Maverick|('behind', 'for')|1
Maverick|('for', 'you')|2
Maverick|('you', 'Oh')|1
Maverick|('no', '!')|1
Maverick|('nan', 'Check')|1
Maverick|('.', 'There')|1
Maverick|('There', 'is')|1
Maverick|('a', 'tool')|1
Maverick|('tool', 'to')|1
Maverick|('to', 'remove')|1
Maverick|('remove', 'telegraph')|1
Maverick|('telegraph', 'poles')|1
Maverick|('poles', '!')|1
Maverick|('nan', 'Need')|1
Maverick|('Need', 'a')|1
Maverick|('a', 'lift')|1
Maverick|('lift', '?')|1
Maverick|('?', 'Shame')|1
Maverick|('Shame', '.')|1
Maverick|('.', 'OK')|1
Maverick|('OK', 'well')|1
Maverick|('well', 'let')|1
Maverick|('let', 'me')|1
Maverick|('me', 'know')|1
Maverick|('know', 'if')|2
Maverick|('you', 'ever')|1
Maverick|('ever', 'want')|1
Maverick|('want', 'picking')|1
Maverick|('picking', 'up')|1
Maverick|('up', 'and')|1
Maverick|('and', 'lifted')|1
Maverick|('lifted', 'to')|1
Maverick|('to', 'new')|1
Maverick|('new', 'heights')|1
Maverick|('heights', '😅')|1
Maverick|('nan', 'Thinking')|1
Maverick|('Thinking', 'of')|1
Maverick|('of', 'getting')|1
Maverick|('getting', 'a')|1
Maverick|('a', 'tattoo')|1
Maverick|('tattoo', '.')|1
Maverick|('do', 'u')|1
Maverick|('u', 'think')|1
Maverick|('?', '😳')|1
Maverick|('😳', '👍')|1
Maverick|('👍', 'Cat')|1
Maverick|('Cat', 'burglar')|1
Maverick|('burglar', 'out')|1
Maverick|('out', 'tonight')|1
Maverick|('tonight', 'nan')|1
Maverick|('nan', 'https')|1
Maverick|(':', '//youtube.com/watch')|1
Maverick|('//youtube.com/watch', '?')|1
Maverick|('?', 'v=avaSdC0QOUM')|1
Maverick|('v=avaSdC0QOUM', '&')|1
Maverick|('&', 'feature=share')|1
Maverick|('feature=share', 'All')|1
Maverick|('All', 'mine')|1
Maverick|('mine', '!')|1
Maverick|('!', '😅')|1
Maverick|('😅', 'Hello')|1
Maverick|('Hello', 'I')|1
Maverick|('will', 'log')|1
Maverick|('log', 'everything')|1
Maverick|('everything', 'you')|1
Maverick|('you', 'say')|1
Maverick|('say', '🙂')|1
Maverick|('nan', 'Edward')|1
Maverick|('Edward', 'Woodwood')|1
Maverick|('Woodwood', '🙂')|1
Maverick|('🙂', 'What')|1
Maverick|('you', 'call')|2
Maverick|('call', 'a')|2
Maverick|('a', 'deer')|1
Maverick|('deer', 'with')|1
Maverick|('with', 'no')|1
Maverick|('no', 'eyes')|1
Maverick|('eyes', '?')|1
Maverick|('?', 'No')|1
Maverick|('No', 'idea')|1
Maverick|('idea', '(')|1
Maverick|('(', 'eye-deer')|1
Maverick|('eye-deer', ')')|1
Maverick|(')', '😅')|1
Maverick|('😅', 'What')|1
Maverick|('a', 'smelly')|1
Maverick|('smelly', ',')|1
Maverick|(',', 'one')|1
Maverick|('one', 'eyed')|1
Maverick|('eyed', 'donkey')|1
Maverick|('donkey', 'with')|1
Maverick|('with', 'three')|1
Maverick|('three', 'legs')|1
Maverick|('legs', '?')|1
Maverick|('?', 'Haha')|2
Maverick|('Haha', 'that')|1
Maverick|('that', "'s")|1
Maverick|("'s", 'better')|1
Maverick|('better', 'than')|1
Maverick|('than', 'the')|1
Maverick|('the', 'real')|1
Maverick|('real', 'joke')|1
Maverick|('joke', '🤣')|1
Maverick|('🤣', 'Stinky')|1
Maverick|('Stinky', 'winky')|1
Maverick|('winky', 'wonky')|1
Maverick|('wonky', 'donkey')|1
Maverick|('donkey', 'Mr')|1
Maverick|('Mr', 'Long')|1
Maverick|('Long', 'Legs')|1
Maverick|('Legs', 'nan')|1
Maverick|('nan', 'Little')|1
Maverick|('Little', 'moon')|1
Maverick|('moon', '🌙')|1
Maverick|('🌙', 'nan')|1
Maverick|('is', 'also')|1
Maverick|('also', 'getting')|1
Maverick|('getting', 'stoned')|1
Maverick|('stoned', 'My')|1
Maverick|('My', 'new')|1
Maverick|('new', 'wheels')|1
Maverick|('wheels', '😎')|1
Maverick|('😎', 'You')|1
Maverick|('You', 'heading')|1
Maverick|('heading', 'back')|1
Maverick|('back', 'to')|1
Maverick|('the', 'station')|1
Maverick|('station', 'anytime')|1
Maverick|('anytime', 'soon')|1
Maverick|('soon', '?')|1
Maverick|('Haha', '.')|1
Maverick|('.', 'Yes')|1
Maverick|('Yes', 'and')|1
Maverick|('and', 'I')|2
Maverick|('I', 'beat')|1
Maverick|('beat', 'you')|1
Maverick|('you', 'by')|1
Maverick|('by', 'a')|1
Maverick|('a', 'full')|1
Maverick|('full', 'minute')|1
Maverick|('minute', '!')|1
Maverick|('nan', 'Not')|1
Maverick|('Not', 'noot')|1
Maverick|('noot', 'nan')|1
Maverick|('talk', '👄')|1
Maverick|('👄', 'WTF')|1
Maverick|('WTF', '...')|1
Maverick|('...', 'How')|1
Maverick|('How', 'much')|1
Maverick|('much', 'is')|1
Maverick|('is', 'it')|1
Maverick|('it', 'now')|1
Maverick|('?', 'OK')|3
Maverick|('OK', 'cool')|1
Maverick|('.', 'Laying')|1
Maverick|('Laying', 'low')|1
Maverick|('low', 'for')|1
Maverick|('a', 'bit')|1
Maverick|('bit', '.')|1
Maverick|('.', 'Will')|1
Maverick|('Will', 'be')|1
Maverick|('be', 'in')|1
Maverick|('in', 'touch')|1
Maverick|('touch', '.')|1
Maverick|('So', 'what')|2
Maverick|('what', "'s")|2
Maverick|("'s", 'happening')|1
Maverick|('happening', 'now')|1
Maverick|('OK', 'nice')|1
Maverick|('nice', 'currency')|1
Maverick|('currency', '.')|1
Maverick|('I', 'could')|1
Maverick|('could', 'do')|1
Maverick|('do', 'with')|1
Maverick|('with', '10')|1
Maverick|('10', 'Trillion')|1
Maverick|('Trillion', 'Dollars')|1
Maverick|('Dollars', '...')|1
Maverick|('...', 'Hell')|1
Maverick|('Hell', 'yer')|1
Maverick|('yer', '...')|1
Maverick|('...', 'how')|1
Maverick|('how', 'and')|1
Maverick|('and', 'when')|1
Maverick|('when', '?')|1
Maverick|('?', 'So')|1
Maverick|("'s", 'up')|1
Maverick|('up', '...')|1
Maverick|('...', 'Hey')|1
Maverick|('Hey', 'man')|1
Maverick|('man', 'can')|1
Maverick|('can', 'you')|1
Maverick|('you', 'come')|1
Maverick|('to', 'Stockholm')|1
Maverick|('Stockholm', '.')|1
Maverick|('got', '2')|1
Maverick|('2', 'jobs')|1
Maverick|('jobs', 'for')|1
Maverick|('.', 'Soon')|1
Maverick|('Soon', 'as')|1
Maverick|('as', 'you')|1
Maverick|('you', 'like')|1
Maverick|('like', '.')|1
Maverick|('will', 'pay')|1
Maverick|('pay', 'premium')|1
Maverick|('premium', 'rates')|1
Maverick|('rates', '.')|1
Maverick|('.', 'Got')|1
Maverick|('Got', 'some')|1
Maverick|('some', 'trouble')|1
Maverick|('trouble', 'with')|1
Maverick|('with', 'a')|1
Maverick|('a', 'dealer')|1
Maverick|('dealer', 'and')|1
Maverick|('and', 'a')|1
Maverick|('a', 'former')|1
Maverick|('former', 'partner')|1
Maverick|('partner', '.')|1
Maverick|('Need', 'them')|1
Maverick|('them', 'both')|1
Maverick|('both', 'taken')|1
Maverick|('taken', 'care')|1
Maverick|('care', 'of')|1
Maverick|('of', '.')|1
Maverick|('.', 'Your')|1
Maverick|('Your', 'particular')|1
Maverick|('particular', 'specialist')|1
Maverick|('specialist', 'skills')|1
Maverick|('skills', 'are')|1
Maverick|('are', 'needed')|1
Maverick|('needed', '...')|1
Maverick|('...', 'British')|1
Maverick|('British', 'Guy')|1
Maverick|('Guy', '.')|1
Maverick|('You', 'got')|1
Maverick|('got', 'contacts')|1
Maverick|('contacts', '?')|1
Maverick|('OK', 'ok')|1
Maverick|('ok', 'sorry')|1
Maverick|('sorry', 'man')|1
Maverick|('You', "'re")|1
Maverick|("'re", 'bananas')|1
Maverick|('bananas', '🍌')|1
Maverick|('🍌', 'nan')|1
Maverick|('What', "'s")|1
Maverick|("'s", 'pink')|1
Maverick|('pink', 'and')|1
Maverick|('and', 'wrinkly')|1
Maverick|('wrinkly', 'and')|1
Maverick|('and', 'hangs')|1
Maverick|('hangs', 'out')|1
Maverick|('out', 'your')|1
Maverick|('your', 'trousers')|1
Maverick|('trousers', '?')|1
Maverick|('?', '👖')|1
Maverick|('👖', 'Your')|1
Maverick|('Your', 'mum')|1
Maverick|('mum', '🤣')|1
Maverick|('nan', 'Nice')|1
Maverick|('Nice', 'how')|1
Maverick|('how', 'much')|1
Maverick|('much', '?')|1
Maverick|('?', 'Oh')|2
Maverick|('Oh', 'OK')|1
Maverick|('OK', 'I')|1
Maverick|('know', 'a')|1
Maverick|('man', '...')|1
Maverick|('nan', 'Dark')|1
Maverick|('Dark', 'deers')|1
Maverick|('deers', '🙂')|1
Maverick|('nan', 'Google')|1
Maverick|('Google', 'translate')|1
Maverick|('translate', 'is')|1
Maverick|('is', 'cool')|1
Maverick|('nan', 'Yep')|1
Maverick|('Yep', 'I')|1
Maverick|('like', 'the')|1
Maverick|('the', 'look')|1
Maverick|('look', 'of')|1
Maverick|('of', 'this')|1
Maverick|('one', '?')|1
Maverick|('Oh', 'god')|1
Maverick|('god', 'Goldy')|1
Maverick|('Goldy', '.')|1
Maverick|('.', 'Please')|1
Maverick|('Please', 'stop')|1
Maverick|('stop', 'using')|1
Maverick|('using', 'the')|1
Maverick|('the', 'product')|1
Maverick|('product', '.')|1
Maverick|('We', 'ca')|1
Maverick|("n't", 'afford')|1
Maverick|('afford', 'it')|1
Maverick|('it', 'and')|1
Maverick|('I', 'do')|1
Maverick|("n't", 'know')|1
Maverick|('if', 'I')|1
Maverick|('I', 'can')|1
Maverick|('can', 'rely')|1
Maverick|('rely', 'on')|1
Maverick|('on', 'you')|1
Maverick|('Need', 'your')|1
Maverick|('head', 'straight')|1
Maverick|('straight', 'while')|1
Maverick|('while', 'Goose')|1
Maverick|('is', 'wobbling')|1
Maverick|('wobbling', '....')|1
Maverick|('....', 'Did')|1
Maverick|('Did', 'I')|1
Maverick|('I', 'slip')|1
Maverick|('slip', 'up')|1
Maverick|('up', '?')|1
Maverick SOB|('Oh', 'jeez')|2
Maverick SOB|('jeez', '.')|2
Maverick SOB|('.', 'U')|2
Maverick SOB|('U', 'r')|2
Maverick SOB|('r', 'everywhere')|2
Maverick SOB|('everywhere', 'What')|2
Maverick SOB|('What', 'do')|4
Maverick SOB|('do', 'you')|4
Maverick SOB|('you', 'want')|4
Maverick SOB|('want', 'man')|2
Maverick SOB|('man', '?')|3
Maverick SOB|('?', 'OK')|14
Maverick SOB|('OK', 'but')|2
Maverick SOB|('but', 'how')|2
Maverick SOB|('how', 'can')|2
Maverick SOB|('can', 'I')|3
Maverick SOB|('I', 'trust')|2
Maverick SOB|('trust', 'you')|2
Maverick SOB|('you', 'after')|2
Maverick SOB|('after', 'last')|2
Maverick SOB|('last', 'time')|2
Maverick SOB|('time', '?')|2
Maverick SOB|('?', 'You')|2
Maverick SOB|('You', 'really')|2
Maverick SOB|('really', 'screwed')|2
Maverick SOB|('screwed', 'up')|2
Maverick SOB|('up', '...')|2
Maverick SOB|('...', 'Ha')|2
Maverick SOB|('Ha', 'yer')|2
Maverick SOB|('yer', 'right')|2
Maverick SOB|('right', '.')|2
Maverick SOB|('.', 'How')|5
Maverick SOB|('How', 'many')|2
Maverick SOB|('many', 'times')|2
Maverick SOB|('times', 'have')|2
Maverick SOB|('have', 'I')|2
Maverick SOB|('I', 'heard')|2
Maverick SOB|('heard', 'that')|2
Maverick SOB|('that', 'shit')|2
Maverick SOB|('shit', 'before')|2
Maverick SOB|('before', '.')|2
Maverick SOB|('.', '🤔')|2
Maverick SOB|('🤔', 'I')|2
Maverick SOB|('I', 'need')|7
Maverick SOB|('need', 'to')|6
Maverick SOB|('to', 'speak')|5
Maverick SOB|('speak', 'to')|5
Maverick SOB|('to', 'Goose')|2
Maverick SOB|('Goose', 'about')|2
Maverick SOB|('about', 'this')|2
Maverick SOB|('this', '...')|4
Maverick SOB|('...', 'OK')|4
Maverick SOB|('OK', 'Bad')|2
Maverick SOB|('Bad', 'Boy')|5
Maverick SOB|('Boy', '...')|2
Maverick SOB|('...', 'Goose')|2
Maverick SOB|('Goose', 'agreed')|2
Maverick SOB|('agreed', 'to')|2
Maverick SOB|('to', 'give')|3
Maverick SOB|('give', 'you')|2
Maverick SOB|('you', 'a')|3
Maverick SOB|('a', 'second')|2
Maverick SOB|('second', 'chance')|2
Maverick SOB|('chance', ',')|2
Maverick SOB|(',', 'but')|4
Maverick SOB|('but', 'you')|2
Maverick SOB|('you', 'need')|2
Maverick SOB|('to', 'do')|5
Maverick SOB|('do', 'everything')|2
Maverick SOB|('everything', 'we')|2
Maverick SOB|('we', 'say')|2
Maverick SOB|('say', 'OK')|2
Maverick SOB|('OK', '?')|6
Maverick SOB|('?', 'Dear')|2
Maverick SOB|('Dear', 'God')|2
Maverick SOB|('God', ',')|2
Maverick SOB|(',', 'please')|2
Maverick SOB|('please', 'make')|2
Maverick SOB|('make', 'sure')|5
Maverick SOB|('sure', 'I')|2
Maverick SOB|('I', 'do')|3
Maverick SOB|('do', "n't")|7
Maverick SOB|("n't", '.')|2
Maverick SOB|('.', 'Sick')|2
Maverick SOB|('Sick', 'of')|2
Maverick SOB|('of', 'cleaning')|2
Maverick SOB|('cleaning', 'up')|2
Maverick SOB|('up', 'after')|2
Maverick SOB|('after', 'others')|2
Maverick SOB|('others', '.')|2
Maverick SOB|('.', 'First')|2
Maverick SOB|('First', 'job')|2
Maverick SOB|('job', '.')|6
Maverick SOB|('.', 'Find')|2
Maverick SOB|('Find', 'us')|2
Maverick SOB|('us', 'a')|3
Maverick SOB|('a', 'place')|2
Maverick SOB|('place', 'to')|4
Maverick SOB|('to', 'rob')|2
Maverick SOB|('rob', '..')|2
Maverick SOB|('..', 'In')|2
Maverick SOB|('In', 'the')|2
Maverick SOB|('the', 'city')|2
Maverick SOB|('city', '?')|2
Maverick SOB|('?', 'Nah')|2
Maverick SOB|('Nah', 'man')|2
Maverick SOB|('man', 'that')|2
Maverick SOB|('that', "'s")|3
Maverick SOB|("'s", 'someone')|2
Maverick SOB|('someone', 'else')|2
Maverick SOB|('else', "'s")|2
Maverick SOB|("'s", 'turf')|2
Maverick SOB|('turf', '.')|2
Maverick SOB|('.', 'We')|10
Maverick SOB|('We', 'stick')|2
Maverick SOB|('stick', 'to')|2
Maverick SOB|('to', 'the')|4
Maverick SOB|('the', 'suburbs')|2
Maverick SOB|('suburbs', 'or')|2
Maverick SOB|('or', 'get')|2
Maverick SOB|('get', 'whacked')|2
Maverick SOB|('whacked', '.')|2
Maverick SOB|('.', 'Local')|2
Maverick SOB|('Local', 'numbers')|2
Maverick SOB|('numbers', 'only')|2
Maverick SOB|('only', 'Maybe')|2
Maverick SOB|('Maybe', '.')|3
Maverick SOB|('How', 'much')|4
Maverick SOB|('much', 'do')|2
Maverick SOB|('want', '?')|2
Maverick SOB|('?', 'Deal')|2
Maverick SOB|('Deal', 'OK')|2
Maverick SOB|('OK', 'later')|2
Maverick SOB|('later', 'on')|2
Maverick SOB|('on', 'meet')|2
Maverick SOB|('meet', 'here')|2
Maverick SOB|('here', '.')|6
Maverick SOB|('.', 'nan')|13
Maverick SOB|('nan', 'What')|5
Maverick SOB|('What', 'time')|2
Maverick SOB|('time', 'do')|2
Maverick SOB|('do', 'ya')|2
Maverick SOB|('ya', 'think')|2
Maverick SOB|('think', '?')|3
Maverick SOB|('?', 'Yer')|3
Maverick SOB|('Yer', 'OK')|4
Maverick SOB|('OK', 'I')|8
Maverick SOB|('I', 'can')|2
Maverick SOB|('can', 'do')|2
Maverick SOB|('do', 'that')|2
Maverick SOB|('that', '.')|4
Maverick SOB|('.', 'See')|4
Maverick SOB|('See', 'you')|4
Maverick SOB|('you', 'there')|2
Maverick SOB|('there', 'shortly')|2
Maverick SOB|('shortly', '.')|2
Maverick SOB|('.', 'Bring')|4
Maverick SOB|('Bring', 'the')|4
Maverick SOB|('the', 'packages')|2
Maverick SOB|('packages', '📦')|3
Maverick SOB|('📦', 'nan')|3
Maverick SOB|('nan', 'Good')|3
Maverick SOB|('Good', 'idea')|2
Maverick SOB|('idea', 'to')|2
Maverick SOB|('to', 'make')|5
Maverick SOB|('make', 'it')|2
Maverick SOB|('it', 'look')|2
Maverick SOB|('look', 'like')|2
Maverick SOB|('like', 'you')|3
Maverick SOB|('you', 'were')|3
Maverick SOB|('were', 'just')|2
Maverick SOB|('just', 'picking')|2
Maverick SOB|('picking', 'up')|2
Maverick SOB|('up', 'a')|2
Maverick SOB|('a', 'regular')|2
Maverick SOB|('regular', 'parcel')|2
Maverick SOB|('parcel', '.')|2
Maverick SOB|('.', 'That')|4
Maverick SOB|('That', 'was')|2
Maverick SOB|('was', 'an')|2
Maverick SOB|('an', 'expensive')|2
Maverick SOB|('expensive', 'trade')|2
Maverick SOB|('trade', 'nan')|2
Maverick SOB|('nan', 'Funnily')|2
Maverick SOB|('Funnily', 'enough')|2
Maverick SOB|('enough', 'I')|2
Maverick SOB|('I', 'have')|5
Maverick SOB|('have', 'a')|4
Maverick SOB|('a', 'kilo')|2
Maverick SOB|('kilo', 'of')|2
Maverick SOB|('of', 'white')|2
Maverick SOB|('white', 'powder')|4
Maverick SOB|('powder', 'available')|2
Maverick SOB|('available', '...')|2
Maverick SOB|('...', 'nan')|20
Maverick SOB|('nan', '$')|2
Maverick SOB|('$', '110,000')|2
Maverick SOB|('110,000', 'allowing')|2
Maverick SOB|('allowing', 'for')|2
Maverick SOB|('for', 'inflation')|2
Maverick SOB|('inflation', '...')|2
Maverick SOB|('...', 'Yes')|2
Maverick SOB|('Yes', 'well')|2
Maverick SOB|('well', 'finest')|2
Maverick SOB|('finest', 'quality')|2
Maverick SOB|('quality', ',')|2
Maverick SOB|(',', 'very')|2
Maverick SOB|('very', 'cheap')|2
Maverick SOB|('cheap', 'to')|2
Maverick SOB|('to', 'you')|3
Maverick SOB|('you', 'my')|2
Maverick SOB|('my', 'friend')|2
Maverick SOB|('friend', '.')|2
Maverick SOB|('.', 'You')|10
Maverick SOB|('You', 'can')|2
Maverick SOB|('can', 'cut')|2
Maverick SOB|('cut', 'it')|2
Maverick SOB|('it', 'down')|2
Maverick SOB|('down', 'and')|2
Maverick SOB|('and', 'quadruple')|2
Maverick SOB|('quadruple', 'the')|2
Maverick SOB|('the', 'value')|2
Maverick SOB|('value', '...')|2
Maverick SOB|('...', 'Tick')|2
Maverick SOB|('Tick', 'tock')|2
Maverick SOB|('tock', '....')|2
Maverick SOB|('....', 'Just')|2
Maverick SOB|('Just', 'what')|2
Maverick SOB|('what', 'I')|3
Maverick SOB|('I', 'needed')|2
Maverick SOB|('needed', 'to')|2
Maverick SOB|('to', 'hear')|2
Maverick SOB|('hear', 'thank')|2
Maverick SOB|('thank', 'you')|3
Maverick SOB|('you', '.')|2
Maverick SOB|('.', 'Let')|2
Maverick SOB|('Let', "'s")|4
Maverick SOB|("'s", 'do')|2
Maverick SOB|('do', 'Wednesday')|2
Maverick SOB|('Wednesday', 'evening')|2
Maverick SOB|('evening', '.')|2
Maverick SOB|('.', '👌')|2
Maverick SOB|('👌', 'I')|2
Maverick SOB|('I', 'will')|8
Maverick SOB|('will', 'be')|4
Maverick SOB|('be', 'there')|4
Maverick SOB|('there', 'bring')|2
Maverick SOB|('bring', 'the')|4
Maverick SOB|('the', 'cash')|4
Maverick SOB|('cash', 'and')|2
Maverick SOB|('and', 'you')|2
Maverick SOB|('you', 'get')|4
Maverick SOB|('get', 'the')|3
Maverick SOB|('the', 'delivery')|2
Maverick SOB|('delivery', 'of')|2
Maverick SOB|('of', 'powder')|2
Maverick SOB|('powder', '....')|2
Maverick SOB|('....', '10.minutes')|2
Maverick SOB|('10.minutes', 'OK')|2
Maverick SOB|('I', "'m")|9
Maverick SOB|("'m", 'here')|3
Maverick SOB|('here', 'now')|2
Maverick SOB|('now', '.')|8
Maverick SOB|('.', 'Black')|2
Maverick SOB|('Black', 'jacket')|2
Maverick SOB|('jacket', '.')|2
Maverick SOB|('.', 'Where')|3
Maverick SOB|('Where', 'are')|3
Maverick SOB|('are', 'you')|5
Maverick SOB|('you', 'at')|3
Maverick SOB|('at', '?')|2
Maverick SOB|('?', '?')|56
Maverick SOB|('OK', 'yes')|2
Maverick SOB|('yes', 'yes')|2
Maverick SOB|('yes', 'I')|4
Maverick SOB|('I', 'see')|2
Maverick SOB|('see', 'you')|2
Maverick SOB|('you', '👀')|2
Maverick SOB|('👀', 'nan')|3
Maverick SOB|('nan', 'Pleasure')|2
Maverick SOB|('Pleasure', 'doing')|2
Maverick SOB|('doing', 'business')|2
Maverick SOB|('business', 'with')|2
Maverick SOB|('with', 'you')|3
Maverick SOB|('you', 'Yer')|2
Maverick SOB|('Yer', 'absolutely')|2
Maverick SOB|('absolutely', 'Wow')|2
Maverick SOB|('Wow', 'really')|2
Maverick SOB|('really', '?')|3
Maverick SOB|('OK', 'let')|2
Maverick SOB|('let', 'me')|6
Maverick SOB|('me', 'check')|2
Maverick SOB|('check', '✔')|2
Maverick SOB|('✔', 'God')|2
Maverick SOB|('God', 'damn')|2
Maverick SOB|('damn', '.')|2
Maverick SOB|('.', 'OK')|6
Maverick SOB|('will', 'put')|2
Maverick SOB|('put', 'another')|2
Maverick SOB|('another', 'call')|2
Maverick SOB|('call', 'in')|2
Maverick SOB|('in', '...')|2
Maverick SOB|('nan', 'Are')|2
Maverick SOB|('Are', 'you')|2
Maverick SOB|('you', 'watching')|2
Maverick SOB|('watching', 'me')|2
Maverick SOB|('me', '?')|5
Maverick SOB|('OK', 'ok')|5
Maverick SOB|('ok', 'So')|3
Maverick SOB|('So', 'you')|2
Maverick SOB|('you', 'still')|2
Maverick SOB|('still', 'want')|2
Maverick SOB|('want', 'stuff')|2
Maverick SOB|('stuff', '?')|3
Maverick SOB|('ok', 'working')|2
Maverick SOB|('working', 'on')|2
Maverick SOB|('on', 'it')|2
Maverick SOB|('it', 'nan')|2
Maverick SOB|('nan', 'Yer')|3
Maverick SOB|('OK', 'man')|3
Maverick SOB|('man', 'I')|2
Maverick SOB|('I', 'got')|3
Maverick SOB|('got', 'the')|2
Maverick SOB|('the', 'message')|3
Maverick SOB|('message', 'nan')|2
Maverick SOB|('nan', 'A')|2
Maverick SOB|('A', 'package')|2
Maverick SOB|('package', 'has')|2
Maverick SOB|('has', 'arrived')|2
Maverick SOB|('arrived', '....')|2
Maverick SOB|('....', 'You')|2
Maverick SOB|('You', 'still')|2
Maverick SOB|('still', 'in')|2
Maverick SOB|('in', 'the')|5
Maverick SOB|('the', 'market')|2
Maverick SOB|('market', '?')|2
Maverick SOB|('?', 'Not')|2
Maverick SOB|('Not', 'as')|2
Maverick SOB|('as', 'big')|2
Maverick SOB|('big', 'a')|2
Maverick SOB|('a', 'quantity')|2
Maverick SOB|('quantity', 'available')|2
Maverick SOB|('available', 'this')|2
Maverick SOB|('this', 'time')|2
Maverick SOB|('time', '.')|3
Maverick SOB|('.', '15,000kr')|3
Maverick SOB|('15,000kr', 'for')|2
Maverick SOB|('for', '100')|2
Maverick SOB|('100', 'grams')|2
Maverick SOB|('grams', 'Yep')|2
Maverick SOB|('Yep', '.')|2
Maverick SOB|('.', 'Will')|8
Maverick SOB|('Will', 'let')|5
Maverick SOB|('let', 'you')|5
Maverick SOB|('you', 'know')|5
Maverick SOB|('know', '.')|3
Maverick SOB|('.', 'Need')|5
Maverick SOB|('Need', 'to')|3
Maverick SOB|('to', 'someone')|2
Maverick SOB|('someone', '...')|2
Maverick SOB|('OK', 'that')|2
Maverick SOB|('that', 'works')|2
Maverick SOB|('works', '.')|3
Maverick SOB|('you', 'tomorrow')|2
Maverick SOB|('tomorrow', 'Yes')|2
Maverick SOB|('Yes', 'be')|2
Maverick SOB|('there', 'sometime')|2
Maverick SOB|('sometime', 'between')|2
Maverick SOB|('between', '6.30-7pm')|2
Maverick SOB|('6.30-7pm', '.')|2
Maverick SOB|('know', 'when')|3
Maverick SOB|('when', 'I')|3
Maverick SOB|('I', 'leave')|2
Maverick SOB|('leave', 'with')|2
Maverick SOB|('with', 'a')|2
Maverick SOB|('a', '30')|2
Maverick SOB|('30', 'min')|2
Maverick SOB|('min', 'warning')|2
Maverick SOB|('warning', '.')|2
Maverick SOB|('cash', '💸')|2
Maverick SOB|('💸', 'Good')|2
Maverick SOB|('Good', '👍')|2
Maverick SOB|('👍', 'OK')|2
Maverick SOB|('OK', 'got')|2
Maverick SOB|('got', 'some')|2
Maverick SOB|('some', 'jobs')|2
Maverick SOB|('jobs', 'done')|2
Maverick SOB|('done', 'and')|2
Maverick SOB|('and', 'on')|2
Maverick SOB|('on', 'schedule')|2
Maverick SOB|('schedule', '.')|2
Maverick SOB|('.', 'Be')|3
Maverick SOB|('Be', 'there')|3
Maverick SOB|('there', 'on')|2
Maverick SOB|('on', 'time')|2
Maverick SOB|('time', 'or')|2
Maverick SOB|('or', 'early')|2
Maverick SOB|('early', 'As')|2
Maverick SOB|('As', 'and')|2
Maverick SOB|('and', 'when')|2
Maverick SOB|('when', '.')|2
Maverick SOB|('.', 'Just')|3
Maverick SOB|('Just', 'bring')|2
Maverick SOB|('the', '💰')|2
Maverick SOB|('💰', 'Yes')|2
Maverick SOB|('Yes', 'you')|2
Maverick SOB|('you', 'can')|4
Maverick SOB|('can', 'trust')|2
Maverick SOB|('trust', 'me')|2
Maverick SOB|('me', ':')|2
Maverick SOB|(':', ')')|4
Maverick SOB|(')', 'Meet')|2
Maverick SOB|('Meet', 'me')|6
Maverick SOB|('me', 'outside')|2
Maverick SOB|('outside', 'back')|2
Maverick SOB|('back', 'of')|3
Maverick SOB|('of', 'shop')|2
Maverick SOB|('shop', 'Meet')|2
Maverick SOB|('me', 'here')|2
Maverick SOB|('nan', 'nan')|65
Maverick SOB|('nan', 'Likewise')|2
Maverick SOB|('Likewise', '.')|2
Maverick SOB|('.', 'Call')|2
Maverick SOB|('Call', 'again')|2
Maverick SOB|('again', ';')|2
Maverick SOB|(';', ')')|3
Maverick SOB|(')', 'Hey')|2
Maverick SOB|('Hey', '.')|2
Maverick SOB|('.', 'If')|2
Maverick SOB|('If', 'you')|2
Maverick SOB|('you', 'hear')|2
Maverick SOB|('hear', 'from')|2
Maverick SOB|('from', 'Goose')|2
Maverick SOB|('Goose', ',')|2
Maverick SOB|(',', 'let')|2
Maverick SOB|('me', 'know')|4
Maverick SOB|('know', 'please')|2
Maverick SOB|('please', '.')|3
Maverick SOB|('We', 'had')|3
Maverick SOB|('had', 'a')|2
Maverick SOB|('a', 'disagreement')|2
Maverick SOB|('disagreement', '.')|2
Maverick SOB|('.', 'Want')|2
Maverick SOB|('Want', 'to')|6
Maverick SOB|('sure', 'he')|2
Maverick SOB|('he', 'does')|4
Maverick SOB|('does', "n't")|3
Maverick SOB|("n't", 'start')|2
Maverick SOB|('start', 'doing')|2
Maverick SOB|('doing', 'deals')|2
Maverick SOB|('deals', 'behind')|2
Maverick SOB|('behind', 'my')|2
Maverick SOB|('my', 'back')|3
Maverick SOB|('back', '....')|2
Maverick SOB|('....', 'I')|2
Maverick SOB|('I', 'am')|5
Maverick SOB|('am', 'your')|2
Maverick SOB|('your', 'supplier')|2
Maverick SOB|('supplier', 'OK')|2
Maverick SOB|('?', 'No')|3
Maverick SOB|('No', 'man')|2
Maverick SOB|('man', '.')|5
Maverick SOB|('.', 'Did')|3
Maverick SOB|('Did', "n't")|2
Maverick SOB|("n't", 'notice')|2
Maverick SOB|('notice', 'the')|2
Maverick SOB|('the', 'date')|2
Maverick SOB|('date', 'until')|2
Maverick SOB|('until', 'now')|2
Maverick SOB|('.', 'This')|4
Maverick SOB|('This', 'is')|4
Maverick SOB|('is', 'straight')|2
Maverick SOB|('straight', 'up')|2
Maverick SOB|('up', 'serious')|2
Maverick SOB|('serious', '.')|2
Maverick SOB|('We', 'have')|3
Maverick SOB|('have', 'internal')|2
Maverick SOB|('internal', 'issues')|2
Maverick SOB|('issues', '.')|2
Maverick SOB|('.', 'No')|3
Maverick SOB|('No', 'problem')|2
Maverick SOB|('problem', 'for')|2
Maverick SOB|('for', 'you')|5
Maverick SOB|('you', ',')|2
Maverick SOB|('but', 'only')|2
Maverick SOB|('only', 'talk')|2
Maverick SOB|('talk', 'to')|2
Maverick SOB|('to', 'me')|2
Maverick SOB|('me', 'OK')|3
Maverick SOB|('?', 'Yes')|3
Maverick SOB|('Yes', 'yes')|3
Maverick SOB|('yes', '.')|2
Maverick SOB|('.', 'And')|2
Maverick SOB|('And', 'if')|2
Maverick SOB|('if', 'he')|2
Maverick SOB|('does', 'reach')|2
Maverick SOB|('reach', 'out')|2
Maverick SOB|('out', ',')|2
Maverick SOB|(',', 'do')|2
Maverick SOB|("n't", 'listen')|2
Maverick SOB|('listen', 'to')|2
Maverick SOB|('to', 'any')|2
Maverick SOB|('any', 'of')|2
Maverick SOB|('of', 'his')|2
Maverick SOB|('his', 'nonsense')|2
Maverick SOB|('nonsense', '.')|2
Maverick SOB|('.', 'Guy')|2
Maverick SOB|('Guy', 'is')|2
Maverick SOB|('is', 'acting')|2
Maverick SOB|('acting', 'the')|2
Maverick SOB|('the', 'fool')|2
Maverick SOB|('fool', 'right')|2
Maverick SOB|('right', 'now')|3
Maverick SOB|('now', 'alright')|2
Maverick SOB|('alright', '🙄')|2
Maverick SOB|('🙄', 'Sure')|2
Maverick SOB|('Sure', '...')|2
Maverick SOB|('...', 'Dude')|4
Maverick SOB|('Dude', '.')|2
Maverick SOB|('.', 'All')|2
Maverick SOB|('All', 'is')|2
Maverick SOB|('is', 'good')|2
Maverick SOB|('good', '.')|3
Maverick SOB|('.', 'Relax')|2
Maverick SOB|('Relax', '.')|2
Maverick SOB|('.', 'I')|16
Maverick SOB|('I', 'take')|2
Maverick SOB|('take', 'care')|2
Maverick SOB|('care', 'of')|2
Maverick SOB|('of', 'all')|2
Maverick SOB|('all', 'this')|4
Maverick SOB|('...', 'Split')|1
Maverick SOB|('Split', 'personality')|2
Maverick SOB|('personality', '?')|2
Maverick SOB|('?', 'nan')|31
Maverick SOB|('nan', 'Damn')|3
Maverick SOB|('Damn', '...')|2
Maverick SOB|('...', 'what')|2
Maverick SOB|('what', 'else')|2
Maverick SOB|('else', 'u')|2
Maverick SOB|('u', 'got')|2
Maverick SOB|('got', '.')|2
Maverick SOB|('need', 'tools')|2
Maverick SOB|('tools', 'for')|2
Maverick SOB|('for', '2')|2
Maverick SOB|('2', 'at')|2
Maverick SOB|('at', 'least')|3
Maverick SOB|('least', 'on')|2
Maverick SOB|('on', 'next')|2
Maverick SOB|('next', 'job')|2
Maverick SOB|('nan', 'Got')|7
Maverick SOB|('Got', 'some')|5
Maverick SOB|('some', 'more')|5
Maverick SOB|('more', 'for')|2
Maverick SOB|('you', '...')|2
Maverick SOB|('Damn', 'man')|2
Maverick SOB|('man', 'you')|2
Maverick SOB|('you', "'re")|2
Maverick SOB|("'re", 'Fagin')|2
Maverick SOB|('Fagin', 'now')|2
Maverick SOB|('now', '?')|2
Maverick SOB|('?', 'So')|2
Maverick SOB|('So', 'what')|4
Maverick SOB|('what', "'s")|3
Maverick SOB|("'s", 'up')|2
Maverick SOB|('up', '.')|2
Maverick SOB|('You', 'selling')|2
Maverick SOB|('selling', 'anything')|2
Maverick SOB|('anything', 'more')|2
Maverick SOB|('more', '?')|2
Maverick SOB|('?', 'Oh')|3
Maverick SOB|('Oh', 'man')|2
Maverick SOB|('man', ',')|2
Maverick SOB|(',', 'yes')|2
Maverick SOB|('need', 'help')|2
Maverick SOB|('help', 'to')|2
Maverick SOB|('to', 'shift')|2
Maverick SOB|('shift', 'all')|2
Maverick SOB|('this', 'stolen')|2
Maverick SOB|('stolen', 'gear')|4
Maverick SOB|('gear', '.')|2
Maverick SOB|('.', 'There')|2
Maverick SOB|('There', "'s")|2
Maverick SOB|("'s", 'so')|2
Maverick SOB|('so', 'much')|2
Maverick SOB|('much', 'of')|2
Maverick SOB|('of', 'it')|2
Maverick SOB|('it', '.')|4
Maverick SOB|('.', 'The')|2
Maverick SOB|('The', 'team')|2
Maverick SOB|('team', 'have')|2
Maverick SOB|('have', 'been')|2
Maverick SOB|('been', 'busy')|2
Maverick SOB|('busy', 'little')|2
Maverick SOB|('little', 'bees')|2
Maverick SOB|('bees', '🐝')|2
Maverick SOB|('🐝', 'nan')|2
Maverick SOB|('What', 'can')|3
Maverick SOB|('can', 'you')|3
Maverick SOB|('you', 'offer')|2
Maverick SOB|('offer', 'me')|2
Maverick SOB|('nan', 'Spicy')|2
Maverick SOB|('Spicy', '?')|2
Maverick SOB|('nan', 'Snowy')|2
Maverick SOB|('Snowy', '🌨')|2
Maverick SOB|('🌨', 'out')|2
Maverick SOB|('out', 'nan')|2
Maverick SOB|('nan', 'Want')|4
Maverick SOB|('to', 'buy')|4
Maverick SOB|('buy', 'some')|2
Maverick SOB|('some', 'candlesticks')|2
Maverick SOB|('candlesticks', '?')|2
Maverick SOB|('nan', 'I')|6
Maverick SOB|('I', 'pay')|2
Maverick SOB|('pay', '...')|2
Maverick SOB|('nan', '(')|3
Maverick SOB|('(', 'smiley')|2
Maverick SOB|('smiley', ')')|2
Maverick SOB|(')', 'OK')|2
Maverick SOB|('OK', 'will')|2
Maverick SOB|('be', 'careful')|2
Maverick SOB|('careful', '...')|2
Maverick SOB|('nan', '500kr')|2
Maverick SOB|('500kr', 'Your')|2
Maverick SOB|('Your', 'loss')|2
Maverick SOB|('loss', ',')|2
Maverick SOB|(',', 'not')|2
Maverick SOB|('not', 'mine')|2
Maverick SOB|('mine', '.')|2
Maverick SOB|('You', 'photo')|2
Maverick SOB|('photo', 'bombed')|2
Maverick SOB|('bombed', '?')|2
Maverick SOB|('buy', '?')|3
Maverick SOB|('nan', 'Yes')|2
Maverick SOB|('Yes', 'they')|2
Maverick SOB|('they', 'were')|2
Maverick SOB|('were', 'my')|2
Maverick SOB|('my', 'grandma')|2
Maverick SOB|('grandma', "'s")|2
Maverick SOB|("'s", 'of')|2
Maverick SOB|('of', 'course')|2
Maverick SOB|('course', '...')|2
Maverick SOB|('Dude', 'like')|2
Maverick SOB|('like', 'I')|2
Maverick SOB|("'m", 'really')|2
Maverick SOB|('really', 'going')|2
Maverick SOB|('going', 'to')|3
Maverick SOB|('to', 'admit')|2
Maverick SOB|('admit', 'it')|2
Maverick SOB|('it', "'s")|4
Maverick SOB|("'s", 'all')|2
Maverick SOB|('all', 'stolen')|2
Maverick SOB|('gear', '?')|2
Maverick SOB|('?', 'Seriously')|2
Maverick SOB|('Seriously', '?')|2
Maverick SOB|('nan', 'Meet')|3
Maverick SOB|('me', 'in')|2
Maverick SOB|('in', 'town')|4
Maverick SOB|('town', 'nan')|2
Maverick SOB|('nan', 'Maybe')|4
Maverick SOB|('Maybe', '....')|2
Maverick SOB|('....', 'What')|2
Maverick SOB|('What', 'u')|2
Maverick SOB|('u', 'looking')|2
Maverick SOB|('looking', 'for')|2
Maverick SOB|('for', '?')|2
Maverick SOB|('nan', 'Like')|3
Maverick SOB|('Like', 'this')|2
Maverick SOB|('this', 'you')|2
Maverick SOB|('you', 'mean')|2
Maverick SOB|('mean', '?')|2
Maverick SOB|('?', '10,000kr')|2
Maverick SOB|('10,000kr', '8000kr')|2
Maverick SOB|('8000kr', 'nan')|1
Maverick SOB|('nan', 'Possible')|1
Maverick SOB|('Possible', '?')|1
Maverick SOB|('nan', 'Looks')|1
Maverick SOB|('Looks', 'very')|1
Maverick SOB|('very', 'promising')|1
Maverick SOB|('promising', 'You')|1
Maverick SOB|('You', 'getting')|1
Maverick SOB|('getting', 'these')|1
Maverick SOB|('these', '?')|3
Maverick SOB|('?', 'Good')|1
Maverick SOB|('Good', 'start')|1
Maverick SOB|('start', 'last')|1
Maverick SOB|('last', 'night')|2
Maverick SOB|('night', '🌙')|1
Maverick SOB|('🌙', 'What')|1
Maverick SOB|('What', 'is')|1
Maverick SOB|('is', 'the')|2
Maverick SOB|('the', 'process')|1
Maverick SOB|('process', 'for')|1
Maverick SOB|('for', 'today')|1
Maverick SOB|('today', '?')|1
Maverick SOB|('am', 'going')|1
Maverick SOB|('going', 'out')|2
Maverick SOB|('out', 'for')|1
Maverick SOB|('for', 'a')|6
Maverick SOB|('a', 'wander')|1
Maverick SOB|('wander', 'to')|1
Maverick SOB|('to', 'scout')|1
Maverick SOB|('scout', 'some')|1
Maverick SOB|('some', 'places')|1
Maverick SOB|('places', 'of')|1
Maverick SOB|('of', 'value')|1
Maverick SOB|('value', 'nan')|1
Maverick SOB|('nan', 'At')|1
Maverick SOB|('At', 'the')|1
Maverick SOB|('the', 'train')|1
Maverick SOB|('train', 'station')|2
Maverick SOB|('station', '🚉')|1
Maverick SOB|('🚉', 'right')|1
Maverick SOB|('.', 'Going')|2
Maverick SOB|('Going', 'to')|3
Maverick SOB|('to', 'pick')|1
Maverick SOB|('pick', 'up')|1
Maverick SOB|('up', 'some')|1
Maverick SOB|('some', 'packages')|1
Maverick SOB|('nan', 'Me')|1
Maverick SOB|('Me', 'as')|1
Maverick SOB|('as', 'an')|1
Maverick SOB|('an', 'old')|1
Maverick SOB|('old', 'man')|1
Maverick SOB|('man', '!')|1
Maverick SOB|('!', 'nan')|7
Maverick SOB|('nan', 'How')|1
Maverick SOB|('much', 'you')|1
Maverick SOB|('you', 'pay')|1
Maverick SOB|('pay', 'for')|1
Maverick SOB|('for', 'these')|1
Maverick SOB|('?', 'Naaah')|1
Maverick SOB|('Naaah', 'that')|1
Maverick SOB|('that', 'does')|1
Maverick SOB|("n't", 'fit')|1
Maverick SOB|('fit', 'my')|1
Maverick SOB|('my', 'idea')|1
Maverick SOB|('idea', '.')|1
Maverick SOB|('You', 'do')|2
Maverick SOB|('do', 'better')|1
Maverick SOB|('better', '?')|1
Maverick SOB|('?', 'I')|2
Maverick SOB|('I', 'know')|1
Maverick SOB|('know', 'stuff')|1
Maverick SOB|('stuff', 'you')|1
Maverick SOB|('you', 'do')|1
Maverick SOB|("n't", 'want')|1
Maverick SOB|('want', 'them')|1
Maverick SOB|('them', 'to')|1
Maverick SOB|('to', 'know')|2
Maverick SOB|('know', '😅')|1
Maverick SOB|('😅', 'Yeah')|1
Maverick SOB|('Yeah', 'speak')|1
Maverick SOB|('speak', 'later')|1
Maverick SOB|('later', 'mate')|1
Maverick SOB|('mate', 'Deal')|1
Maverick SOB|('Deal', '.')|1
Maverick SOB|('.', 'Cash')|1
Maverick SOB|('Cash', 'only')|1
Maverick SOB|('only', 'dude')|1
Maverick SOB|('dude', '.')|2
Maverick SOB|('OK', 'going')|1
Maverick SOB|('out', 'on')|2
Maverick SOB|('on', 'patrol')|1
Maverick SOB|('patrol', 'again')|1
Maverick SOB|('again', '....')|1
Maverick SOB|('....', 'nan')|8
Maverick SOB|('nan', 'Suspicious')|1
Maverick SOB|('Suspicious', 'dude')|1
Maverick SOB|('dude', '...')|1
Maverick SOB|('nan', 'Best')|1
Maverick SOB|('Best', 'bet')|1
Maverick SOB|('bet', '.')|1
Maverick SOB|('.', 'Next')|1
Maverick SOB|('Next', 'to')|1
Maverick SOB|('the', 'woods')|1
Maverick SOB|('woods', '.')|1
Maverick SOB|('.', 'Easy')|1
Maverick SOB|('Easy', 'access')|1
Maverick SOB|('access', '...')|1
Maverick SOB|('nan', 'Jewellery')|1
Maverick SOB|('Jewellery', ',')|2
Maverick SOB|(',', 'Jewellery')|2
Maverick SOB|('Jewellery', 'Staying')|1
Maverick SOB|('Staying', 'in')|1
Maverick SOB|('in', 'till')|1
Maverick SOB|('till', 'dark')|1
Maverick SOB|('dark', 'again')|1
Maverick SOB|('again', '.')|3
Maverick SOB|("'m", 'just')|1
Maverick SOB|('just', 'out')|1
Maverick SOB|('on', 'scout')|1
Maverick SOB|('scout', 'mission')|1
Maverick SOB|('mission', 'now')|1
Maverick SOB|('now', 'Going')|1
Maverick SOB|('to', 'shops')|1
Maverick SOB|('shops', 'to')|1
Maverick SOB|('to', 'collect')|1
Maverick SOB|('collect', 'some')|1
Maverick SOB|('some', 'gear')|1
Maverick SOB|('gear', 'for')|1
Maverick SOB|('for', 'the')|1
Maverick SOB|('the', 'team')|1
Maverick SOB|('team', '...')|1
Maverick SOB|('...', 'Back')|1
Maverick SOB|('Back', 'home')|1
Maverick SOB|('home', '.')|2
Maverick SOB|('.', 'Got')|3
Maverick SOB|('some', 'stash')|1
Maverick SOB|('stash', 'mush')|1
Maverick SOB|('mush', 'You')|1
Maverick SOB|('You', 'around')|1
Maverick SOB|('around', 'for')|1
Maverick SOB|('a', 'chat')|1
Maverick SOB|('chat', '?')|1
Maverick SOB|('?', 'Nope')|1
Maverick SOB|('Nope', 'not')|1
Maverick SOB|('not', 'last')|1
Maverick SOB|('night', '.')|1
Maverick SOB|('Got', 'tired')|1
Maverick SOB|('tired', 'and')|1
Maverick SOB|('and', 'went')|1
Maverick SOB|('went', 'back')|1
Maverick SOB|('back', 'to')|1
Maverick SOB|('to', 'base')|1
Maverick SOB|('base', '.')|1
Maverick SOB|('is', 'too')|1
Maverick SOB|('too', 'much')|1
Maverick SOB|('much', 'for')|1
Maverick SOB|('for', 'me')|1
Maverick SOB|('me', 'to')|1
Maverick SOB|('do', 'alone')|1
Maverick SOB|('alone', '.')|1
Maverick SOB|('We', 'need')|1
Maverick SOB|('need', 'some')|2
Maverick SOB|('more', 'players')|1
Maverick SOB|('players', '....')|1
Maverick SOB|('....', 'Got')|1
Maverick SOB|('some', 'buddies')|1
Maverick SOB|('buddies', 'joining')|1
Maverick SOB|('joining', 'me')|1
Maverick SOB|('OK', 'talking')|1
Maverick SOB|('talking', 'to')|1
Maverick SOB|('to', 'a')|1
Maverick SOB|('a', 'new')|1
Maverick SOB|('new', 'group')|1
Maverick SOB|('group', '.')|1
Maverick SOB|('.', 'Maybe')|1
Maverick SOB|('Maybe', 'go')|1
Maverick SOB|('go', 'for')|1
Maverick SOB|('a', 'little')|1
Maverick SOB|('little', 'visit')|1
Maverick SOB|('visit', 'to')|1
Maverick SOB|('the', 'jewellers')|1
Maverick SOB|('jewellers', 'in')|1
Maverick SOB|('town', '?')|1
Maverick SOB|('?', '😁')|1
Maverick SOB|('😁', 'This')|1
Maverick SOB|('This', 'looks')|1
Maverick SOB|('looks', 'beautiful')|1
Maverick SOB|('beautiful', '.')|1
Maverick SOB|('nan', 'Sorry')|1
Maverick SOB|('Sorry', 'boss')|4
Maverick SOB|('boss', '.')|11
Maverick SOB|('Will', 'try')|1
Maverick SOB|('try', 'better')|1
Maverick SOB|('better', 'next')|1
Maverick SOB|('next', 'time')|1
Maverick SOB|('time', 'I')|1
Maverick SOB|('I', 'promise')|2
Maverick SOB|('promise', '.')|2
Maverick SOB|('nan', 'Tonight')|1
Maverick SOB|('Tonight', "'s")|1
Maverick SOB|("'s", 'haul')|1
Maverick SOB|('haul', 'Seriously')|1
Maverick SOB|('Seriously', 'boss')|1
Maverick SOB|('This', 'lifestyle')|1
Maverick SOB|('lifestyle', 'is')|1
Maverick SOB|('is', 'doing')|1
Maverick SOB|('doing', 'my')|1
Maverick SOB|('my', 'blood')|1
Maverick SOB|('blood', 'pressure')|1
Maverick SOB|('pressure', 'no')|1
Maverick SOB|('no', 'bloody')|1
Maverick SOB|('bloody', 'good')|1
Maverick SOB|('You', 'got')|1
Maverick SOB|('got', 'ta')|1
Maverick SOB|('ta', 'let')|1
Maverick SOB|('me', 'retire')|1
Maverick SOB|('retire', 'soon')|1
Maverick SOB|('soon', '....')|1
Maverick SOB|('Got', 'da')|1
Maverick SOB|('da', 'gear')|1
Maverick SOB|('gear', '😁')|1
Maverick SOB|('😁', 'nan')|3
Maverick SOB|('Got', 'the')|1
Maverick SOB|('the', 'gold')|1
Maverick SOB|('gold', '.')|1
Maverick SOB|('.', 'Now')|1
Maverick SOB|('Now', 'give')|1
Maverick SOB|('give', 'me')|1
Maverick SOB|('me', 'your')|1
Maverick SOB|('your', 'best')|1
Maverick SOB|('best', 'price')|1
Maverick SOB|('price', '...')|1
Maverick SOB|('...', 'Got')|2
Maverick SOB|('Got', 'a')|3
Maverick SOB|('a', 'good')|4
Maverick SOB|('good', 'one')|2
Maverick SOB|('one', 'for')|3
Maverick SOB|('for', 'later')|2
Maverick SOB|('later', '.')|2
Maverick SOB|('.', 'Bug')|2
Maverick SOB|('Bug', 'score')|2
Maverick SOB|('score', 'here')|2
Maverick SOB|('here', 'for')|2
Maverick SOB|('for', 'sure')|2
Maverick SOB|('sure', '...')|2
Maverick SOB|('Like', 'my')|1
Maverick SOB|('my', 'work')|1
Maverick SOB|('work', '?')|1
Maverick SOB|('?', 'What')|4
Maverick SOB|('What', "'s")|1
Maverick SOB|("'s", 'your')|1
Maverick SOB|('your', 'price')|1
Maverick SOB|('price', '?')|1
Maverick SOB|('OK', 'deal')|1
Maverick SOB|('deal', '.')|2
Maverick SOB|('.', 'Send')|1
Maverick SOB|('Send', 'the')|1
Maverick SOB|('the', 'money')|2
Maverick SOB|('money', '💰')|1
Maverick SOB|('💰', 'usual')|1
Maverick SOB|('usual', 'place')|1
Maverick SOB|('place', ',')|1
Maverick SOB|(',', 'usual')|1
Maverick SOB|('usual', 'time')|1
Maverick SOB|('here', 'where')|1
Maverick SOB|('where', 'are')|1
Maverick SOB|('you', '?')|3
Maverick SOB|('Got', 'you')|1
Maverick SOB|('a', 'bucket')|1
Maverick SOB|('bucket', 'load')|1
Maverick SOB|('load', 'of')|1
Maverick SOB|('of', 'nicked')|1
Maverick SOB|('nicked', 'gear')|1
Maverick SOB|('gear', '!')|1
Maverick SOB|('nan', 'Look')|1
Maverick SOB|('Look', 'found')|1
Maverick SOB|('found', 'an')|1
Maverick SOB|('an', 'amazing')|1
Maverick SOB|('amazing', 'place')|1
Maverick SOB|('do', 'over')|1
Maverick SOB|('over', '.')|1
Maverick SOB|('.', 'Bound')|1
Maverick SOB|('Bound', 'to')|1
Maverick SOB|('to', 'be')|3
Maverick SOB|('be', 'some')|1
Maverick SOB|('some', 'good')|2
Maverick SOB|('good', 'stuff')|2
Maverick SOB|('stuff', 'here')|2
Maverick SOB|('here', '....')|1
Maverick SOB|('....', 'This')|1
Maverick SOB|('This', 'one')|6
Maverick SOB|('one', 'nan')|1
Maverick SOB|('I', 'was')|2
Maverick SOB|('was', 'there')|1
Maverick SOB|('there', '.')|2
Maverick SOB|('Where', 'were')|1
Maverick SOB|('were', 'you')|1
Maverick SOB|('nan', '9ct')|1
Maverick SOB|('9ct', 'gold')|1
Maverick SOB|('gold', 'and')|1
Maverick SOB|('and', 'diamonds')|1
Maverick SOB|('diamonds', 'nan')|1
Maverick SOB|('nan', 'It')|3
Maverick SOB|('It', 'was')|1
Maverick SOB|('was', 'a')|3
Maverick SOB|('good', 'week')|1
Maverick SOB|('week', '.')|1
Maverick SOB|('We', 'pay')|1
Maverick SOB|('pay', 'off')|1
Maverick SOB|('off', 'our')|1
Maverick SOB|('our', 'debts')|1
Maverick SOB|('debts', 'soon')|1
Maverick SOB|('soon', 'boss')|1
Maverick SOB|('boss', '😎')|1
Maverick SOB|('😎', '😱😆👌')|1
Maverick SOB|('😱😆👌', 'Haha')|1
Maverick SOB|('Haha', '.')|1
Maverick SOB|('.', 'Yes')|2
Maverick SOB|('Yes', 'it')|1
Maverick SOB|("'s", 'very')|1
Maverick SOB|('very', 'different')|1
Maverick SOB|('different', 'in')|1
Maverick SOB|('in', 'Swedish')|1
Maverick SOB|('Swedish', '.')|1
Maverick SOB|('.', 'But')|2
Maverick SOB|('But', 'in')|1
Maverick SOB|('in', 'English')|1
Maverick SOB|('English', 'it')|1
Maverick SOB|('it', 'sounds')|1
Maverick SOB|('sounds', 'quite')|1
Maverick SOB|('quite', 'different')|1
Maverick SOB|('different', '🤔')|1
Maverick SOB|('🤔', 'nan')|1
Maverick SOB|('nan', 'So')|1
Maverick SOB|('So', 'here')|1
Maverick SOB|('here', 'then')|1
Maverick SOB|('then', '?')|2
Maverick SOB|('?', 'Late')|1
Maverick SOB|('Late', 'again')|1
Maverick SOB|('again', '?')|1
Maverick SOB|('?', 'Sorry')|1
Maverick SOB|('Sorry', 'man')|1
Maverick SOB|('Just', 'ca')|1
Maverick SOB|('ca', "n't")|1
Maverick SOB|("n't", 'seem')|1
Maverick SOB|('seem', 'to')|1
Maverick SOB|('to', 'time')|1
Maverick SOB|('time', 'it')|1
Maverick SOB|('it', 'well')|1
Maverick SOB|('well', '..')|1
Maverick SOB|('..', 'Whereabouts')|1
Maverick SOB|('Whereabouts', '?')|1
Maverick SOB|('good', 'gear')|1
Maverick SOB|('gear', 'today')|1
Maverick SOB|('today', 'from')|1
Maverick SOB|('from', 'robbery')|1
Maverick SOB|('robbery', 'in')|1
Maverick SOB|('town', '...')|1
Maverick SOB|('It', 'happened')|1
Maverick SOB|('happened', '.')|1
Maverick SOB|('I', 'reckon')|1
Maverick SOB|('reckon', 'I')|1
Maverick SOB|('I', 'must')|1
Maverick SOB|('must', 'have')|1
Maverick SOB|('have', 'paid')|1
Maverick SOB|('paid', 'off')|1
Maverick SOB|('off', 'most')|1
Maverick SOB|('most', 'of')|1
Maverick SOB|('of', 'the')|1
Maverick SOB|('the', 'debt')|1
Maverick SOB|('debt', 'by')|1
Maverick SOB|('by', 'now')|1
Maverick SOB|('now', 'with')|1
Maverick SOB|('with', 'this')|1
Maverick SOB|('this', 'lot')|1
Maverick SOB|('lot', '?')|1
Maverick SOB|('?', 'Damn')|1
Maverick SOB|('Damn', 'really')|1
Maverick SOB|("'s", 'it')|1
Maverick SOB|('it', 'going')|1
Maverick SOB|('to', 'take')|1
Maverick SOB|('take', 'to')|1
Maverick SOB|('to', 'get')|1
Maverick SOB|('get', 'a')|1
Maverick SOB|('a', 'clean')|1
Maverick SOB|('clean', 'break')|1
Maverick SOB|('break', '?')|1
Maverick SOB|('?', 'Christ')|1
Maverick SOB|('Christ', 'almighty')|1
Maverick SOB|('almighty', '.')|1
Maverick SOB|('OK', 'boss')|2
Maverick SOB|('boss', 'OK')|1
Maverick SOB|('boss', 'I')|2
Maverick SOB|('a', 'possible')|1
Maverick SOB|('possible', 'big')|1
Maverick SOB|('big', 'score')|1
Maverick SOB|('score', 'coming')|1
Maverick SOB|('coming', 'in')|1
Maverick SOB|('in', 'via')|1
Maverick SOB|('via', 'a')|1
Maverick SOB|('a', 'contact')|1
Maverick SOB|('contact', '.')|1
Maverick SOB|('.', 'Could')|1
Maverick SOB|('Could', 'be')|1
Maverick SOB|('be', 'worth')|1
Maverick SOB|('worth', '100,000')|1
Maverick SOB|('100,000', 'to')|1
Maverick SOB|('to', 'clear')|2
Maverick SOB|('clear', 'my')|2
Maverick SOB|('my', 'debts')|2
Maverick SOB|('debts', '!')|1
Maverick SOB|('!', '!')|9
Maverick SOB|('!', 'No')|1
Maverick SOB|('No', 'need')|1
Maverick SOB|('need', '.')|1
Maverick SOB|("'m", 'good')|1
Maverick SOB|('good', 'for')|1
Maverick SOB|('for', 'it')|1
Maverick SOB|('it', '....')|1
Maverick SOB|('....', 'OK')|1
Maverick SOB|('OK', 'okay')|1
Maverick SOB|('okay', '.')|1
Maverick SOB|('I', 'get')|2
Maverick SOB|('message', '.')|1
Maverick SOB|('will', 'pay')|1
Maverick SOB|('pay', '.')|1
Maverick SOB|('Need', '48hrs')|1
Maverick SOB|('48hrs', '.')|1
Maverick SOB|('a', 'big')|1
Maverick SOB|('big', 'deal')|1
Maverick SOB|('deal', 'for')|1
Maverick SOB|('for', 'white')|1
Maverick SOB|('powder', 'in')|1
Maverick SOB|('the', 'works')|1
Maverick SOB|('Yes', 'boss')|5
Maverick SOB|("'m", 'on')|1
Maverick SOB|('on', 'route')|1
Maverick SOB|('route', 'to')|1
Maverick SOB|('make', 'the')|1
Maverick SOB|('the', 'deal')|1
Maverick SOB|('deal', 'now')|1
Maverick SOB|('know', 'if')|1
Maverick SOB|('if', 'it')|1
Maverick SOB|('it', 'goes')|1
Maverick SOB|('goes', 'to')|1
Maverick SOB|('to', 'plan')|1
Maverick SOB|('plan', '.')|1
Maverick SOB|('Will', 'make')|1
Maverick SOB|('sure', 'you')|1
Maverick SOB|('get', 'paid')|1
Maverick SOB|('paid', 'I')|1
Maverick SOB|('debts', 'for')|1
Maverick SOB|('for', 'good')|1
Maverick SOB|('good', '👍')|1
Maverick SOB|('👍', 'Yes')|1
Maverick SOB|('.', 'Sorry')|2
Maverick SOB|('.', 'Of')|1
Maverick SOB|('Of', 'course')|1
Maverick SOB|('course', 'boss')|1
Maverick SOB|('boss', '...')|1
Maverick SOB|('nan', 'You')|3
Maverick SOB|('You', 'are')|1
Maverick SOB|('are', 'getting')|1
Maverick SOB|('getting', 'paid')|1
Maverick SOB|('paid', '...')|1
Maverick SOB|('...', 'Tomorrow')|1
Maverick SOB|('Tomorrow', 'night')|1
Maverick SOB|('night', '..')|1
Maverick SOB|('..', 'Barkway')|1
Maverick SOB|('Barkway', 'Train')|1
Maverick SOB|('Train', 'Station')|1
Maverick SOB|('Station', '?')|1
Maverick SOB|('.', 'Oh')|1
Maverick SOB|('Oh', 'shit')|1
Maverick SOB|('shit', '....')|2
Maverick SOB|('....', 'Sorry')|1
Maverick SOB|('got', 'delayed')|1
Maverick SOB|('delayed', 'on')|1
Maverick SOB|('on', 'another')|1
Maverick SOB|('another', 'job')|1
Maverick SOB|('will', 'leave')|1
Maverick SOB|('leave', 'now')|1
Maverick SOB|('there', 'in')|1
Maverick SOB|('in', '30')|1
Maverick SOB|('30', 'mins')|1
Maverick SOB|('mins', '.')|2
Maverick SOB|('.', 'So')|1
Maverick SOB|('So', 'sorry')|1
Maverick SOB|('sorry', '😞')|1
Maverick SOB|('😞', 'Running')|1
Maverick SOB|('Running', '🏃\u200d♂️')|1
Maverick SOB|('🏃\u200d♂️', 'now')|1
Maverick SOB|('now', 'Yes')|1
Maverick SOB|('yes', 'coming')|1
Maverick SOB|('coming', 'now')|1
Maverick SOB|('.', '15')|1
Maverick SOB|('15', 'mins')|1
Maverick SOB|('mins', 'max')|1
Maverick SOB|('max', 'nan')|1
Maverick SOB|('nan', 'Running')|1
Maverick SOB|('Running', '...')|1
Maverick SOB|('...', 'm')|1
Maverick SOB|('m', 'nan')|1
Maverick SOB|('nan', 'Here')|1
Maverick SOB|('Here', 'now')|1
Maverick SOB|('now', 'Got')|1
Maverick SOB|('Got', 'it')|1
Maverick SOB|('.', 'Doing')|1
Maverick SOB|('Doing', 'it')|1
Maverick SOB|('it', 'now')|1
Maverick SOB|('now', 'Thank')|1
Maverick SOB|('Thank', 'you')|2
Maverick SOB|('you', 'boss')|1
Maverick SOB|('Sorry', 'for')|1
Maverick SOB|('for', 'all')|1
Maverick SOB|('all', 'the')|1
Maverick SOB|('the', 'trouble')|1
Maverick SOB|('trouble', 'being')|1
Maverick SOB|('being', 'late')|1
Maverick SOB|('late', '.')|1
Maverick SOB|('No', 'disrespect')|1
Maverick SOB|('disrespect', 'intended')|1
Maverick SOB|('intended', '.')|1
Maverick SOB|('.', 'Thanks')|1
Maverick SOB|('Thanks', 'Yes')|1
Maverick SOB|('.', 'Always')|1
Maverick SOB|('Always', 'interested')|1
Maverick SOB|('interested', 'in')|2
Maverick SOB|('in', 'hearing')|1
Maverick SOB|('hearing', 'opportunities')|1
Maverick SOB|('opportunities', 'Yes')|1
Maverick SOB|('.', 'Here')|1
Maverick SOB|('Here', 'boss')|1
Maverick SOB|('.', 'Look')|1
Maverick SOB|('Look', 'around')|1
Maverick SOB|('around', 'corner')|1
Maverick SOB|('corner', '.')|1
Maverick SOB|('.', '3')|1
Maverick SOB|('3', 'mins')|1
Maverick SOB|('mins', 'out')|1
Maverick SOB|('out', 'Message')|1
Maverick SOB|('Message', 'received')|1
Maverick SOB|('received', 'and')|1
Maverick SOB|('and', 'understood')|1
Maverick SOB|('understood', 'I')|1
Maverick SOB|('I', 'might')|1
Maverick SOB|('might', 'need')|1
Maverick SOB|('more', 'time')|1
Maverick SOB|('time', 'to')|2
Maverick SOB|('to', 'persuade')|1
Maverick SOB|('persuade', 'my')|1
Maverick SOB|('my', 'business')|1
Maverick SOB|('business', 'partner')|1
Maverick SOB|('partner', '.')|1
Maverick SOB|('.', 'Give')|1
Maverick SOB|('Give', 'me')|1
Maverick SOB|('me', '48hrs')|1
Maverick SOB|('48hrs', '....')|1
Maverick SOB|('....', 'Roger')|1
Maverick SOB|('Roger', 'that')|1
Maverick SOB|('.', 'Er')|1
Maverick SOB|('Er', 'we')|1
Maverick SOB|('we', 'might')|1
Maverick SOB|('might', 'have')|1
Maverick SOB|('a', 'problem')|1
Maverick SOB|('problem', '...')|1
Maverick SOB|('...', 'Yer')|2
Maverick SOB|('Yer', '..')|1
Maverick SOB|('..', 'call')|1
Maverick SOB|('call', 'me')|1
Maverick SOB|('me', 'when')|1
Maverick SOB|('when', 'you')|3
Maverick SOB|('can', 'please')|1
Maverick SOB|('please', 'Sorry')|1
Maverick SOB|('.', 'Like')|1
Maverick SOB|('Like', 'I')|1
Maverick SOB|('I', 'said')|1
Maverick SOB|('said', '.')|1
Maverick SOB|('will', 'fix')|1
Maverick SOB|('fix', 'this')|1
Maverick SOB|('this', '.')|1
Maverick SOB|('nan', 'Boss')|1
Maverick SOB|('Boss', 'I')|1
Maverick SOB|('have', 'cops')|1
Maverick SOB|('cops', 'outside')|1
Maverick SOB|('outside', 'the')|1
Maverick SOB|('the', 'house')|1
Maverick SOB|('house', '.')|1
Maverick SOB|('.', 'Help')|1
Maverick SOB|('Help', 'me')|1
Maverick SOB|('me', 'please')|1
Maverick SOB|('.', 'Think')|1
Maverick SOB|('Think', 'Goose')|1
Maverick SOB|('Goose', 'has')|1
Maverick SOB|('has', 'ratted')|1
Maverick SOB|('ratted', 'us')|1
Maverick SOB|('us', 'out')|1
Maverick SOB|('out', '.....')|1
Maverick SOB|('.....', 'Hey')|1
Maverick SOB|('Hey', 'did')|1
Maverick SOB|('did', "n't")|1
Maverick SOB|("n't", 'know')|1
Maverick SOB|('know', 'your')|1
Maverick SOB|('your', 'here')|1
Maverick SOB|('here', '?')|2
Maverick SOB|('?', 'Nice')|1
Maverick SOB|('Nice', 'OK')|1
Maverick SOB|('.', 'Good')|1
Maverick SOB|('Good', 'to')|1
Maverick SOB|('nan', 'Get')|2
Maverick SOB|('Get', 'me')|2
Maverick SOB|('me', 'this')|1
Maverick SOB|('this', '!')|1
Maverick SOB|('!', '👌👍')|1
Maverick SOB|('👌👍', 'Ooohhh')|1
Maverick SOB|('Ooohhh', 'interested')|1
Maverick SOB|('in', 'that')|1
Maverick SOB|('.', 'Looks')|1
Maverick SOB|('Looks', 'nice')|1
Maverick SOB|('nice', '.')|1
Maverick SOB|('.', 'What')|2
Maverick SOB|('do', 'u')|2
Maverick SOB|('u', 'reckon')|1
Maverick SOB|('reckon', '🤔')|1
Maverick SOB|('🤔', 'big')|1
Maverick SOB|('big', 'bucks')|1
Maverick SOB|('bucks', '?')|1
Maverick SOB|('?', 'Jewels')|1
Maverick SOB|('Jewels', 'and')|1
Maverick SOB|('and', 'stuff')|1
Maverick SOB|('?', 'Looks')|1
Maverick SOB|('Looks', 'perfect')|1
Maverick SOB|('perfect', 'good')|1
Maverick SOB|('good', 'spot')|1
Maverick SOB|('spot', 'Goose')|1
Maverick SOB|('Goose', 'nan')|1
Maverick SOB|('nan', 'Shiny')|1
Maverick SOB|('Shiny', 'shiny')|1
Maverick SOB|('shiny', 'nice')|1
Maverick SOB|('nice', 'new')|1
Maverick SOB|('new', 'phones')|1
Maverick SOB|('phones', '📱')|1
Maverick SOB|('📱', 'To')|1
Maverick SOB|('To', 'join')|1
Maverick SOB|('join', 'the')|2
Maverick SOB|('the', 'meeting')|1
Maverick SOB|('meeting', 'on')|1
Maverick SOB|('on', 'Google')|1
Maverick SOB|('Google', 'Meet')|1
Maverick SOB|('Meet', ',')|1
Maverick SOB|(',', 'click')|1
Maverick SOB|('click', 'this')|1
Maverick SOB|('this', 'link')|1
Maverick SOB|('link', ':')|1
Maverick SOB|(':', 'https')|1
Maverick SOB|('https', ':')|2
Maverick SOB|(':', '//meet.google.com/mhm-hhwx-qtq')|1
Maverick SOB|('//meet.google.com/mhm-hhwx-qtq', 'Or')|1
Maverick SOB|('Or', 'open')|1
Maverick SOB|('open', 'Meet')|1
Maverick SOB|('Meet', 'and')|1
Maverick SOB|('and', 'enter')|1
Maverick SOB|('enter', 'this')|1
Maverick SOB|('this', 'code')|1
Maverick SOB|('code', ':')|1
Maverick SOB|(':', 'mhm-hhwx-qtq')|1
Maverick SOB|('mhm-hhwx-qtq', 'I')|1
Maverick SOB|('I', 'think')|2
Maverick SOB|('think', 'so')|1
Maverick SOB|('so', '.')|2
Maverick SOB|('to', '$')|1
Maverick SOB|('$', '280,000')|1
Maverick SOB|('280,000', 'this')|1
Maverick SOB|('this', 'year')|1
Maverick SOB|('year', 'is')|1
Maverick SOB|('is', 'what')|1
Maverick SOB|('I', 'read')|1
Maverick SOB|('read', '....')|1
Maverick SOB|('nan', 'Make')|1
Maverick SOB|('Make', 'us')|1
Maverick SOB|('a', 'coffee')|1
Maverick SOB|('coffee', '?')|1
Maverick SOB|('nan', 'This')|8
Maverick SOB|('one', 'looks')|1
Maverick SOB|('looks', 'good')|1
Maverick SOB|('good', 'nan')|1
Maverick SOB|('nan', 'Take')|1
Maverick SOB|('Take', 'a')|1
Maverick SOB|('a', 'seat')|1
Maverick SOB|('seat', 'dude')|1
Maverick SOB|('dude', '😁')|1
Maverick SOB|('nan', '😂')|1
Maverick SOB|('😂', 'seriously')|1
Maverick SOB|('seriously', 'how')|1
Maverick SOB|('how', 'old')|1
Maverick SOB|('old', 'are')|1
Maverick SOB|('?', 'Keep')|1
Maverick SOB|('Keep', 'away')|1
Maverick SOB|('away', 'from')|1
Maverick SOB|('from', 'my')|1
Maverick SOB|('my', 'stick')|1
Maverick SOB|('stick', 'or')|1
Maverick SOB|('or', 'I')|1
Maverick SOB|('I', "'ll")|3
Maverick SOB|("'ll", 'stab')|1
Maverick SOB|('stab', 'you')|1
Maverick SOB|('you', '!')|2
Maverick SOB|('nan', 'Dodgy')|2
Maverick SOB|('Dodgy', 'geezers')|1
Maverick SOB|('geezers', '7777777')|1
Maverick SOB|('7777777', 'nan')|1
Maverick SOB|('This', 'guy')|1
Maverick SOB|('guy', 'is')|1
Maverick SOB|('is', 'a')|2
Maverick SOB|('a', 'binary')|1
Maverick SOB|('binary', 'thinker')|1
Maverick SOB|('thinker', 'nan')|1
Maverick SOB|('nan', 'Hey')|1
Maverick SOB|('Hey', 'guess')|1
Maverick SOB|('guess', 'what')|1
Maverick SOB|('what', '.')|1
Maverick SOB|('That', 'scumbag')|1
Maverick SOB|('scumbag', 'Bad')|1
Maverick SOB|('Boy', 'is')|2
Maverick SOB|('is', 'back')|1
Maverick SOB|('back', '.')|2
Maverick SOB|('.', 'Wants')|1
Maverick SOB|('Wants', 'to')|1
Maverick SOB|('to', 'play')|1
Maverick SOB|('play', 'nice')|1
Maverick SOB|('nice', 'and')|1
Maverick SOB|('and', 'join')|1
Maverick SOB|('the', 'gang')|2
Maverick SOB|('gang', '?')|1
Maverick SOB|('u', 'think')|1
Maverick SOB|('?', '😳')|1
Maverick SOB|('😳', 'nan')|1
Maverick SOB|('nan', 'Let')|1
Maverick SOB|('Let', 'me')|1
Maverick SOB|('know', 'man')|1
Maverick SOB|('?', 'Ah')|2
Maverick SOB|('Ah', 'shit')|1
Maverick SOB|('shit', '.')|1
Maverick SOB|('.', 'Yer')|1
Maverick SOB|('Yer', 'I')|1
Maverick SOB|('I', 'guess')|1
Maverick SOB|('guess', 'so')|1
Maverick SOB|('.', 'Tooled')|1
Maverick SOB|('Tooled', 'up')|1
Maverick SOB|('up', 'already')|1
Maverick SOB|('already', '?')|2
Maverick SOB|('?', 'Man')|1
Maverick SOB|('Man', 'it')|1
Maverick SOB|("'s", 'like')|1
Maverick SOB|('you', 'knew')|1
Maverick SOB|('knew', 'already')|1
Maverick SOB|('?', '😏')|1
Maverick SOB|('😏', 'Stop')|1
Maverick SOB|('Stop', 'horsing')|2
Maverick SOB|('horsing', 'around')|1
Maverick SOB|('around', 'and')|1
Maverick SOB|('and', 'do')|1
Maverick SOB|('do', 'some')|1
Maverick SOB|('some', 'work')|3
Maverick SOB|('work', '..')|1
Maverick SOB|('..', 'So')|1
Maverick SOB|('what', 'about')|1
Maverick SOB|('about', 'Bad')|1
Maverick SOB|('Boy', '?')|1
Maverick SOB|('?', 'Do')|1
Maverick SOB|('Do', 'we')|1
Maverick SOB|('we', 'let')|1
Maverick SOB|('let', 'him')|2
Maverick SOB|('him', 'in')|1
Maverick SOB|('gang', 'or')|1
Maverick SOB|('or', 'what')|1
Maverick SOB|('what', '?')|1
Maverick SOB|('?', 'Alright')|1
Maverick SOB|('Alright', 'I')|1
Maverick SOB|("'ll", 'let')|1
Maverick SOB|('him', 'know')|1
Maverick SOB|('know', '?')|1
Maverick SOB|('?', 'This')|3
Maverick SOB|('one', '?')|3
Maverick SOB|('nan', 'Beautiful')|1
Maverick SOB|('Beautiful', 'nan')|1
Maverick SOB|('What', 'did')|2
Maverick SOB|('did', 'u')|2
Maverick SOB|('u', 'get')|1
Maverick SOB|('get', '?')|1
Maverick SOB|('This', 'should')|2
Maverick SOB|('should', 'be')|1
Maverick SOB|('be', 'fun')|1
Maverick SOB|('fun', '...')|1
Maverick SOB|('nan', 'Trigger')|1
Maverick SOB|('Trigger', 'image')|1
Maverick SOB|('image', ':')|1
Maverick SOB|(')', 'What')|1
Maverick SOB|('What', 'we')|2
Maverick SOB|('we', 'need')|3
Maverick SOB|('need', 'here')|2
Maverick SOB|('here', 'are')|2
Maverick SOB|('are', 'more')|2
Maverick SOB|('more', 'traffic')|2
Maverick SOB|('traffic', 'signs')|2
Maverick SOB|('signs', '...')|2
Maverick SOB|('...', 'What')|1
Maverick SOB|('nan', 'OK')|2
Maverick SOB|('OK', 'wait')|1
Maverick SOB|('wait', 'there')|1
Maverick SOB|('there', 'and')|1
Maverick SOB|('and', 'I')|1
Maverick SOB|('will', 'catch')|1
Maverick SOB|('catch', 'up')|1
Maverick SOB|('up', 'with')|1
Maverick SOB|('you', 'for')|1
Maverick SOB|('a', 'look')|1
Maverick SOB|('look', '....')|1
Maverick SOB|('....', 'Let')|1
Maverick SOB|("'s", 'see')|1
Maverick SOB|('see', 'what')|1
Maverick SOB|('what', 'alarms')|1
Maverick SOB|('alarms', 'this')|1
Maverick SOB|('this', 'triggers')|1
Maverick SOB|('triggers', '?')|1
Maverick SOB|('Good', 'place')|1
Maverick SOB|('to', 'stash')|1
Maverick SOB|('stash', 'the')|1
Maverick SOB|('the', 'next')|1
Maverick SOB|('next', 'stolen')|1
Maverick SOB|('stolen', 'car')|1
Maverick SOB|('car', '...')|1
Maverick SOB|('...', '😏')|1
Maverick SOB|('😏', 'You')|1
Maverick SOB|('You', 'available')|1
Maverick SOB|('available', 'as')|1
Maverick SOB|('as', 'back')|1
Maverick SOB|('back', 'up')|1
Maverick SOB|('up', 'again')|1
Maverick SOB|('again', 'tonight')|1
Maverick SOB|('tonight', '?')|1
Maverick SOB|('?', 'Doing')|1
Maverick SOB|('Doing', 'another')|1
Maverick SOB|('another', 'exchange')|1
Maverick SOB|('exchange', 'tonight')|1
Maverick SOB|('tonight', 'down')|1
Maverick SOB|('down', 'by')|1
Maverick SOB|('by', 'train')|1
Maverick SOB|('station', '.')|1
Maverick SOB|('.', '6.30pm')|1
Maverick SOB|('6.30pm', 'at')|1
Maverick SOB|('at', 'back')|1
Maverick SOB|('of', 'Coop')|1
Maverick SOB|('Coop', '.')|1
Maverick SOB|('.', 'Exchange')|1
Maverick SOB|('Exchange', 'of')|1
Maverick SOB|('of', 'coke')|1
Maverick SOB|('coke', '.')|1
Maverick SOB|('15,000kr', 'cash')|1
Maverick SOB|('cash', '.')|1
Maverick SOB|('Need', 'you')|1
Maverick SOB|('you', 'to')|2
Maverick SOB|('to', 'cover')|1
Maverick SOB|('cover', 'my')|1
Maverick SOB|('.', 'Keep')|1
Maverick SOB|('Keep', 'an')|1
Maverick SOB|('an', 'eye')|1
Maverick SOB|('eye', 'out')|1
Maverick SOB|('out', '.')|1
Maverick SOB|('Meet', 'here')|1
Maverick SOB|('here', '15.mins')|1
Maverick SOB|('15.mins', 'nan')|1
Maverick SOB|('nan', 'Try')|1
Maverick SOB|('Try', 'to')|1
Maverick SOB|('be', 'casual')|1
Maverick SOB|('casual', 'mate')|1
Maverick SOB|('mate', '.')|1
Maverick SOB|('That', 'figures')|1
Maverick SOB|('figures', 'Come.over')|1
Maverick SOB|('Come.over', 'You')|1
Maverick SOB|('You', 'there')|2
Maverick SOB|('there', '?')|2
Maverick SOB|('?', '🏴\u200d☠')|1
Maverick SOB|('🏴\u200d☠', 'Hello')|1
Maverick SOB|('Hello', '😎')|1
Maverick SOB|('😎', 'you')|1
Maverick SOB|('you', 'busy')|1
Maverick SOB|('busy', '?')|1
Maverick SOB|('OK', 'OK')|1
Maverick SOB|('OK', '.')|1
Maverick SOB|('But', 'be')|1
Maverick SOB|('be', 'available')|1
Maverick SOB|('available', 'when')|1
Maverick SOB|('can', '.')|1
Maverick SOB|('have', 'big')|1
Maverick SOB|('big', 'plans')|1
Maverick SOB|('plans', '....')|1
Maverick SOB|('....', ':')|1
Maverick SOB|(')', 'nan')|3
Maverick SOB|('nan', 'Cool')|1
Maverick SOB|('Cool', 'GIF')|1
Maverick SOB|('GIF', 'Twilight')|1
Maverick SOB|('Twilight', 'nan')|1
Maverick SOB|('I', 'say')|1
Maverick SOB|('say', ',')|1
Maverick SOB|(',', 'I')|1
Maverick SOB|("'m", 'the')|1
Maverick SOB|('the', 'coolest')|1
Maverick SOB|('coolest', 'in')|1
Maverick SOB|('the', 'gang😈')|1
Maverick SOB|('gang😈', 'U')|1
Maverick SOB|('U', '😎')|1
Maverick SOB|('😎', 'cool')|1
Maverick SOB|('cool', 'Bunny')|1
Maverick SOB|('Bunny', 'run')|1
Maverick SOB|('run', 'nan')|1
Maverick SOB|('I', 'give')|1
Maverick SOB|('give', 'u')|1
Maverick SOB|('u', 'the')|1
Maverick SOB|('the', 'moon')|1
Maverick SOB|('moon', '🌙')|1
Maverick SOB|('🌙', 'nan')|1
Maverick SOB|('nan', '❤️❤️❤️❤️❤️')|1
Maverick SOB|('❤️❤️❤️❤️❤️', 'nan')|1
Maverick SOB|('nan', 'Shadow')|1
Maverick SOB|('Shadow', 'man')|1
Maverick SOB|('man', 'is')|1
Maverick SOB|('is', 'watching')|1
Maverick SOB|('watching', 'u')|1
Maverick SOB|('u', '👀')|1
Maverick SOB|('nan', 'Haha')|1
Maverick SOB|('Haha', '😄')|1
Maverick SOB|('😄', '😁')|1
Maverick SOB|('nan', 'These')|1
Maverick SOB|('These', 'look')|1
Maverick SOB|('look', 'expensive')|1
Maverick SOB|('expensive', 'nan')|1
Maverick SOB|('nan', 'Drive')|1
Maverick SOB|('Drive', 'by')|1
Maverick SOB|('by', 'Tensta')|1
Maverick SOB|('Tensta', 'Ouch')|1
Maverick SOB|('Ouch', 'missy')|1
Maverick SOB|('missy', '!')|1
Maverick SOB|('!', 'Cruel')|1
Maverick SOB|('Cruel', 'but')|1
Maverick SOB|('but', 'probably')|1
Maverick SOB|('probably', 'true')|1
Maverick SOB|('true', '.')|1
Maverick SOB|('.', 'Missing')|1
Maverick SOB|('Missing', 'you')|1
Maverick SOB|('you', 'already')|1
Maverick SOB|('already', '...')|1
Maverick SOB|('nan', 'Oooohhh')|1
Maverick SOB|('Oooohhh', 'you')|1
Maverick SOB|('you', 'are')|2
Maverick SOB|('are', 'so')|2
Maverick SOB|('so', 'dangerous')|1
Maverick SOB|('dangerous', '!')|1
Maverick SOB|('!', 'How')|1
Maverick SOB|('How', 'exciting')|1
Maverick SOB|('exciting', '!')|1
Maverick SOB|('!', 'Do')|1
Maverick SOB|('Do', 'let')|1
Maverick SOB|('are', 'planning')|1
Maverick SOB|('planning', 'to')|1
Maverick SOB|('be', 'dangerous')|1
Maverick SOB|('dangerous', 'again')|1
Maverick SOB|('I', 'would')|1
Maverick SOB|('would', 'like')|1
Maverick SOB|('like', 'to')|1
Maverick SOB|('to', 'watch')|1
Maverick SOB|('watch', 'you')|1
Maverick SOB|('at', 'your')|1
Maverick SOB|('your', 'finest')|1
Maverick SOB|('finest', '...')|1
Maverick SOB|('nan', 'For')|1
Maverick SOB|('For', 'your')|1
Maverick SOB|('your', 'pets')|1
Maverick SOB|('pets', 'x')|1
Maverick SOB|('x', 'nan')|1
Maverick SOB|('nan', 'Rock')|1
Maverick SOB|('Rock', '🪨')|1
Maverick SOB|('🪨', 'in')|1
Maverick SOB|('in', 'snow')|1
Maverick SOB|('snow', '❄')|1
Maverick SOB|('❄', '😂')|1
Maverick SOB|('😂', 'Here')|1
Maverick SOB|('Here', 'is')|1
Maverick SOB|('a', 'stick')|1
Maverick SOB|('stick', '...')|1
Maverick SOB|('It', "'s")|1
Maverick SOB|("'s", 'the')|1
Maverick SOB|('the', 'best')|1
Maverick SOB|('best', "'post")|1
Maverick SOB|("'post", "'")|1
Maverick SOB|("'", 'I')|1
Maverick SOB|('I', 'could')|1
Maverick SOB|('could', 'make')|1
Maverick SOB|('make', '😁')|1
Maverick SOB|('😁', 'Thank')|1
Maverick SOB|('you', '😊')|1
Maverick SOB|('😊', 'nan')|1
Maverick SOB|('nan', 'Totally')|1
Maverick SOB|('Totally', 'not')|1
Maverick SOB|('not', 'scary')|1
Maverick SOB|('scary', '...')|1
Maverick SOB|('...', 'Feeling')|1
Maverick SOB|('Feeling', 'a')|1
Maverick SOB|('a', 'bit')|3
Maverick SOB|('bit', 'tired')|1
Maverick SOB|('tired', '😫')|1
Maverick SOB|('😫', 'nan')|1
Maverick SOB|('You', "'re")|1
Maverick SOB|("'re", 'a')|1
Maverick SOB|('a', 'doll')|1
Maverick SOB|('doll', '💗')|1
Maverick SOB|('💗', 'I')|1
Maverick SOB|('was', 'tired')|1
Maverick SOB|('tired', '(')|1
Maverick SOB|('(', 'tyres')|1
Maverick SOB|('tyres', ')')|1
Maverick SOB|(')', 'I')|1
Maverick SOB|("'ll", 'STOP')|1
Maverick SOB|('STOP', 'sending')|1
Maverick SOB|('sending', 'these')|1
Maverick SOB|('these', 'posts')|1
Maverick SOB|('posts', 'now')|1
Maverick SOB|('now', 'X')|1
Maverick SOB|('X', 'nan')|1
Maverick SOB|('nan', 'No')|1
Maverick SOB|('No', 'thank')|1
Maverick SOB|('me', 'some')|1
Maverick SOB|('some', 'stuff')|1
Maverick SOB|('stuff', '😋')|1
Maverick SOB|('😋', 'nan')|1
Maverick SOB|('nan', 'They')|1
Maverick SOB|('They', 'arrived')|1
Maverick SOB|('arrived', '🙌')|1
Maverick SOB|('🙌', 'Undercover')|1
Maverick SOB|('Undercover', 'deer')|1
Maverick SOB|('deer', 'That')|1
Maverick SOB|('That', 'looks')|1
Maverick SOB|('looks', 'lovely')|1
Maverick SOB|('lovely', '😍')|1
Maverick SOB|('😍', 'nan')|1
Maverick SOB|('nan', 'Pretty')|1
Maverick SOB|('Pretty', 'skies')|1
Maverick SOB|('skies', 'tonight')|1
Maverick SOB|('tonight', '☀️🌝🌞')|1
Maverick SOB|('☀️🌝🌞', 'Oh')|1
Maverick SOB|('Oh', 'dear')|1
Maverick SOB|('dear', '...')|1
Maverick SOB|('...', 'Stop')|1
Maverick SOB|('horsing', 'about')|1
Maverick SOB|('about', '😁')|1
Maverick SOB|('😁', 'Another')|1
Maverick SOB|('Another', 'rental')|1
Maverick SOB|('rental', 'for')|1
Maverick SOB|('to', 'consider')|1
Maverick SOB|('consider', 'nan')|1
Maverick SOB|('nan', 'Not')|1
Maverick SOB|('Not', 'really')|1
Maverick SOB|('really', '.')|1
Maverick SOB|('had', 'some')|1
Maverick SOB|('work', 'to')|1
Maverick SOB|('do', 'and')|1
Maverick SOB|('and', 'he')|1
Maverick SOB|('he', 'decided')|1
Maverick SOB|('decided', 'he')|1
Maverick SOB|('he', 'was')|1
Maverick SOB|('was', "n't")|1
Maverick SOB|("n't", 'up')|1
Maverick SOB|('up', 'to')|1
Maverick SOB|('to', 'it')|1
Maverick SOB|('nan', 'Why')|1
Maverick SOB|('Why', '?')|1
Maverick SOB|('u', 'hear')|1
Maverick SOB|('hear', '?')|1
Maverick SOB|('?', 'Is')|1
Maverick SOB|('Is', 'he')|1
Maverick SOB|('he', 'doing')|1
Maverick SOB|('doing', 'some')|1
Maverick SOB|('some', 'side')|1
Maverick SOB|('side', 'hustles')|1
Maverick SOB|('hustles', 'without')|1
Maverick SOB|('without', 'me')|1
Maverick SOB|('?', '🤔')|1
Maverick SOB|('🤔', 'Do')|1
Maverick SOB|('Do', 'I')|1
Maverick SOB|('to', 'Twilight')|1
Maverick SOB|('Twilight', '?')|1
Maverick SOB|('?', '😄')|1
Maverick SOB|('😄', 'U')|1
Maverick SOB|('U', 'like')|1
Maverick SOB|('like', '?')|1
Maverick SOB|('Dodgy', 'geezer')|1
Maverick SOB|('geezer', 'nan')|1
Maverick SOB|('nan', 'Mr')|1
Maverick SOB|('Mr', 'money')|1
Maverick SOB|('money', '💰🤑')|1
Maverick SOB|('💰🤑', 'nan')|1
Maverick SOB|('nan', 'Oh')|1
Maverick SOB|('Oh', 'deer')|1
Maverick SOB|('deer', '!')|1
Maverick SOB|('!', 'Gangbana')|1
Maverick SOB|('Gangbana', '?')|1
Maverick SOB|('nan', 'Occasionally')|1
Maverick SOB|('Occasionally', 'I')|1
Maverick SOB|("n't", 'recycle')|1
Maverick SOB|('recycle', '!')|1
Maverick SOB|('nan', 'Christ')|1
Maverick SOB|('Christ', 'have')|1
Maverick SOB|('have', 'you')|1
Maverick SOB|('you', 'seen')|1
Maverick SOB|('seen', 'the')|1
Maverick SOB|('the', 'size')|1
Maverick SOB|('size', 'of')|1
Maverick SOB|('of', 'this')|1
Maverick SOB|('this', 'place')|1
Maverick SOB|('place', '?')|1
Maverick SOB|('nan', 'Keep')|1
Maverick SOB|('Keep', 'on')|1
Maverick SOB|('on', 'trucking')|1
Maverick SOB|('trucking', 'baby')|1
Maverick SOB|('baby', '👶')|1
Maverick SOB|('👶', 'nan')|1
Maverick SOB|('nan', 'Bunny')|1
Maverick SOB|('Bunny', '🐰')|1
Maverick SOB|('🐰', 'girl')|1
Maverick SOB|('girl', 'x')|1
Maverick SOB|('x', 'Want')|1
Maverick SOB|('Want', 'these')|1
Maverick SOB|('nan', 'Nice')|2
Maverick SOB|('Nice', 'you')|1
Maverick SOB|('you', 'buy')|1
Maverick SOB|('have', 'it')|1
Maverick SOB|('it', '1000kr')|1
Maverick SOB|('1000kr', 'to')|1
Maverick SOB|('you', 'Deal')|1
Maverick SOB|('Deal', 'nan')|1
Maverick SOB|('nan', 'In')|1
Maverick SOB|('In', 'USA')|1
Maverick SOB|('USA', '🇺🇸')|1
Maverick SOB|('🇺🇸', 'Very')|1
Maverick SOB|('Very', 'cool')|1
Maverick SOB|('cool', '😎')|1
Maverick SOB|('😎', 'When')|1
Maverick SOB|('When', 'can')|1
Maverick SOB|('get', 'me')|1
Maverick SOB|('me', 'more')|1
Maverick SOB|('more', 'white')|1
Maverick SOB|('powder', '?')|1
Maverick SOB|('Ah', 'man')|1
Maverick SOB|('.', 'Bad')|1
Maverick SOB|('is', 'on')|1
Maverick SOB|('on', 'the')|1
Maverick SOB|('the', 'case')|1
Maverick SOB|('case', '.')|1
Maverick SOB|('.', 'He')|1
Maverick SOB|('He', 'needs')|1
Maverick SOB|('needs', 'some')|1
Maverick SOB|('more', 'urgently')|1
Maverick SOB|('urgently', '.')|1
Maverick SOB|('Will', 'pay')|1
Maverick SOB|('pay', 'top')|1
Maverick SOB|('top', 'dollar')|1
Maverick SOB|('dollar', '💵')|1
Maverick SOB|('💵', 'OK')|1
Maverick SOB|('OK', 'thanks')|1
Maverick SOB|('thanks', 'man')|1
Maverick SOB|('man', '👨')|1
Maverick SOB|('👨', 'nan')|1
Maverick SOB|('nan', 'Today')|1
Maverick SOB|('Today', 'was')|1
Maverick SOB|('good', 'day')|1
Maverick SOB|('day', 'nan')|1
Maverick SOB|('nan', 'https')|1
Maverick SOB|(':', '//images.app.goo.gl/gCJ9PTj8p7jRFhPy7')|1
Maverick SOB|('//images.app.goo.gl/gCJ9PTj8p7jRFhPy7', 'nan')|1
Maverick SOB|('nan', 'Delivery')|1
Maverick SOB|('Delivery', '...')|1
Maverick SOB|('...', 'OMFG')|1
Maverick SOB|('OMFG', 'Post')|1
Maverick SOB|('Post', 'Nord')|1
Maverick SOB|('Nord', 'are')|1
Maverick SOB|('so', 'shit')|1
Maverick SOB|('nan', 'Over')|1
Maverick SOB|('Over', 'a')|1
Maverick SOB|('a', 'month')|1
Maverick SOB|('month', 'for')|1
Maverick SOB|('a', 'package')|1
Maverick SOB|('package', 'from')|1
Maverick SOB|('from', 'UK')|1
Maverick SOB|('UK', 'to')|1
Maverick SOB|('to', 'Sweden')|1
Maverick SOB|('Sweden', '.')|1
Maverick SOB|('.', 'WTF')|1
Maverick SOB|('WTF', 'is')|1
Maverick SOB|('is', 'taking')|1
Maverick SOB|('taking', 'so')|1
Maverick SOB|('so', 'long')|1
Maverick SOB|('long', '?')|1
Maverick SOB|('...', 'Hello')|1
Maverick SOB|('Hello', '?')|1
Maverick SOB|('What', '?')|1
Maverick SOB|('?', 'Oprostite')|1
Maverick SOB|('Oprostite', ',')|1
Maverick SOB|(',', 'pogrešna')|1
Maverick SOB|('pogrešna', 'osoba')|1
Maverick SOB|('osoba', 'nan')|1
Maverick SOB|('This', 'the')|1
Maverick SOB|('the', 'target')|1
Maverick SOB|('target', 'then')|1
Maverick SOB|('?', 'When')|1
Maverick SOB|('When', 'does')|1
Maverick SOB|('does', 'it')|1
Maverick SOB|('it', 'happen')|1
Maverick SOB|('happen', '?')|1
Maverick SOB|('?', 'Let')|1
Maverick SOB|("'s", 'go')|1
Maverick SOB|('go', 'now')|1
Maverick SOB|('now', 'nan')|1
Maverick SOB|('OK', 'time')|1
Maverick SOB|('to', 'rock')|1
Maverick SOB|('rock', 'and')|1
Maverick SOB|('and', 'roll')|1
Maverick SOB|('roll', '.')|1
Maverick SOB|('I', 'am.here')|1
Maverick SOB|('am.here', '.')|1
Maverick SOB|('.', 'where')|1
Maverick SOB|('where', 'r')|1
Maverick SOB|('r', 'u')|1
Maverick SOB|('u', '?')|1
Maverick SOB|('?', 'U')|1
Maverick SOB|('U', 'git')|1
Maverick SOB|('git', '.')|1
Maverick SOB|('.', 'Do')|1
Maverick SOB|('Do', 'some')|1
Maverick SOB|('work', 'u')|1
Maverick SOB|('u', 'lazy')|1
Maverick SOB|('lazy', 'shit')|1
Maverick SOB|('shit', 'Sticker')|1
Maverick SOB|('Sticker', ':')|1
Maverick SOB|(':', '40120')|1
Maverick SOB|('40120', 'nan')|1
Maverick SOB|('Got', 'this')|1
Maverick SOB|('this', 'one')|1
Maverick SOB|('one', 'on')|1
Maverick SOB|('on', 'last')|1
Maverick SOB|('last', 'job')|1
Maverick SOB|('much', '?')|1
Maverick SOB|('No', 'way')|1
Maverick SOB|('way', 'dude')|1
Maverick SOB|('.', '750')|1
Maverick SOB|('750', 'sek')|1
Maverick SOB|('sek', 'at')|1
Maverick SOB|('least', '....')|1
Maverick SOB|('....', 'or')|1
Maverick SOB|('or', 'no')|1
Maverick SOB|('no', 'deal')|1
Maverick SOB|('OK', 'sold')|1
Maverick SOB|('sold', 'Show')|1
Maverick SOB|('Show', 'me')|1
Maverick SOB|('me', 'the')|1
Maverick SOB|('money', 'nan')|1
Maverick SOB|('You', 'here')|1
Maverick SOB|('?', 'Dude')|1
Maverick SOB|('Dude', 'relax')|1
Maverick SOB|('relax', '.')|1
Maverick SOB|('.', 'Get')|1
Maverick SOB|('Get', 'there')|1
Maverick SOB|('there', 'when')|1
Maverick SOB|('get', 'there')|1
Maverick SOB|("n't", 'get')|1
Maverick SOB|('get', 'to')|1
Maverick SOB|('give', 'orders')|1
Maverick SOB|('orders', 'around')|1
Maverick SOB|('around', 'here')|2
Maverick SOB|('am', 'top')|1
Maverick SOB|('top', 'dog')|1
Maverick SOB|('dog', '!')|1
Maverick SOB|('the', 'one')|1
Maverick SOB|('one', '....')|1
Maverick SOB|('a', 'getaway')|1
Maverick SOB|('getaway', 'vehicle')|1
Maverick SOB|('vehicle', '?')|1
Maverick SOB|('?', 'Suits')|1
Maverick SOB|('Suits', 'a')|1
Maverick SOB|('a', 'man')|1
Maverick SOB|('man', 'of')|1
Maverick SOB|('of', 'your')|1
Maverick SOB|('your', 'size')|1
Maverick SOB|('size', '...')|1
Maverick SOB|('Yer', 'it')|1
Maverick SOB|('it', 'was')|1
Maverick SOB|('bit', 'like')|1
Maverick SOB|('like', 'this')|1
Maverick SOB|('this', 'tonight')|1
Maverick SOB|('tonight', 'in')|1
Maverick SOB|('in', 'downtown')|1
Maverick SOB|('downtown', 'Stockholm')|1
Maverick SOB|('Stockholm', ';')|1
Maverick SOB|(')', 'Wrong')|1
Maverick SOB|('Wrong', 'location')|1
Maverick SOB|('location', 'again')|1
Maverick SOB|('think', 'we')|1
Maverick SOB|('we', 'missed')|1
Maverick SOB|('missed', 'Mr')|1
Maverick SOB|('Mr', 'Big')|2
Maverick SOB|('Big', 'today')|1
Maverick SOB|('today', '...')|1
Maverick SOB|('nan', 'Ignore')|1
Maverick SOB|('Ignore', 'this')|1
Maverick SOB|('this', 'guy')|1
Maverick SOB|('guy', 'he')|1
Maverick SOB|('he', "'s")|1
Maverick SOB|("'s", 'just')|1
Maverick SOB|('just', 'nutz')|1
Maverick SOB|('nutz', '(')|1
Maverick SOB|('(', 'wink')|2
Maverick SOB|('wink', ')')|2
Maverick SOB|('nan', 'Someone')|1
Maverick SOB|('Someone', 'told')|1
Maverick SOB|('told', 'me')|1
Maverick SOB|('me', 'they')|1
Maverick SOB|('they', 'thought')|1
Maverick SOB|('thought', 'you')|1
Maverick SOB|('were', 'a')|1
Maverick SOB|('bit', 'of')|1
Maverick SOB|('of', 'a')|1
Maverick SOB|('a', 'prick')|1
Maverick SOB|('prick', '?')|1
Maverick SOB|('Yer', 'bugger')|1
Maverick SOB|('bugger', 'off')|1
Maverick SOB|('off', 'muppet')|1
Maverick SOB|('muppet', 'nan')|1
Maverick SOB|('This', 'kid')|1
Maverick SOB|('kid', 'is')|1
Maverick SOB|('is', 'everywhere')|1
Maverick SOB|('everywhere', 'nan')|1
Maverick SOB|('Yer', 'that')|1
Maverick SOB|("'s", 'nice')|1
Maverick SOB|('nice', 'Stay')|1
Maverick SOB|('Stay', 'at')|1
Maverick SOB|('at', 'home')|1
Maverick SOB|('am', 'off')|1
Maverick SOB|('off', 'out')|1
Maverick SOB|('out', 'with')|1
Maverick SOB|('with', 'Gold')|1
Maverick SOB|('Gold', 'Finger')|1
Maverick SOB|('Finger', '....')|1
Maverick SOB|('....', 'That')|1
Maverick SOB|('That', 'would')|1
Maverick SOB|('would', 'be')|1
Maverick SOB|('be', 'telling')|1
Maverick SOB|('telling', '....')|1
Maverick SOB|('....', 'Maybe')|1
Maverick SOB|('Maybe', 'try')|1
Maverick SOB|('try', 'selling')|1
Maverick SOB|('selling', 'crack')|1
Maverick SOB|('crack', 'instead')|1
Maverick SOB|('instead', '?')|1
Maverick SOB|('Maybe', 'later')|1
Maverick SOB|('later', '?')|1
Maverick SOB|('should', 'set')|1
Maverick SOB|('set', 'off')|1
Maverick SOB|('off', 'some')|1
Maverick SOB|('some', 'alarm')|1
Maverick SOB|('alarm', 'bells')|1
Maverick SOB|('bells', '....')|1
Maverick SOB|('Nice', '.')|1
Maverick SOB|('Did', 'you')|1
Maverick SOB|('you', 'check')|1
Maverick SOB|('check', 'out')|1
Maverick SOB|('out', 'the')|1
Maverick SOB|('the', 'industrial')|1
Maverick SOB|('industrial', 'estate')|1
Maverick SOB|('estate', '?')|1
Maverick SOB|('?', 'Cool')|1
Maverick SOB|('Cool', 'nan')|1
Maverick SOB|('nan', 'Where')|1
Maverick SOB|('you', 'muppet')|1
Maverick SOB|('muppet', '?')|1
Maverick SOB|('nan', 'Found')|1
Maverick SOB|('Found', 'you')|1
Maverick SOB|('you', 'some')|1
Maverick SOB|('some', 'new')|1
Maverick SOB|('new', 'accommodation')|1
Maverick SOB|('accommodation', 'nan')|1
Maverick SOB|('nan', 'Some')|1
Maverick SOB|('Some', 'good')|1
Maverick SOB|('here', 'we')|1
Maverick SOB|('to', 'go')|1
Maverick SOB|('go', 'through')|1
Maverick SOB|('through', 'Every')|1
Maverick SOB|('Every', 'other')|1
Maverick SOB|('other', 'day')|1
Maverick SOB|('day', '.')|1
Maverick SOB|('.', 'Must')|1
Maverick SOB|('Must', 'be')|1
Maverick SOB|('be', 'expensive')|1
Maverick SOB|('expensive', 'around')|1
Maverick SOB|('.', 'Its')|1
Maverick SOB|('Its', 'so')|1
Maverick SOB|('so', 'dear')|1
Maverick SOB|('dear', '!')|1
Maverick SOB|('nan', 'Did')|1
Maverick SOB|('Did', 'u')|1
Maverick SOB|('u', 'c')|1
Maverick SOB|('c', 'my')|1
Maverick SOB|('my', 'wheels')|1
Maverick SOB|('wheels', '?')|1
Maverick SOB|('?', 'Got')|1
Maverick SOB|('Got', 'to')|1
Maverick SOB|('to', 'meet')|1
Maverick SOB|('meet', 'Mr')|1
Maverick SOB|('Big', 'Boss')|1
Maverick SOB|('Boss', '20')|1
Maverick SOB|('20', 'mins')|1
Maverick SOB|('You', 'about')|1
Maverick SOB|('about', '?')|1
Maverick SOB|('?', 'Cheeky')|1
Maverick SOB|('Cheeky', 'bastard')|1
Maverick SOB|('bastard', 'More')|1
Maverick SOB|('More', 'like')|1
Maverick SOB|('like', 'always')|1
Maverick SOB|('always', '....')|1
Maverick SOB|('I', 'want')|1
Maverick SOB|('want', 'this')|1
Maverick SOB|('this', 'truck')|1
Maverick SOB|('truck', '....')|1
Maverick SOB|('nan', 'Ooh')|1
Maverick SOB|('Ooh', 'yer')|1
Maverick SOB|('yer', 'good')|1
Maverick SOB|('good', 'call')|1
Maverick SOB|('call', 'You')|1
Maverick SOB|('?', 'Split')|1
Maverick SOB|('...', 'Damn')|1
Maverick.4444|('No', 'thanks')|2
Maverick.4444|('thanks', 'Should')|2
Maverick.4444|('Should', 'u')|2
Maverick.4444|('u', 'be')|2
Maverick.4444|('be', 'using')|2
Maverick.4444|('using', 'this')|2
Maverick.4444|('this', 'channel')|2
Maverick.4444|('channel', '?')|2
Maverick.4444|('?', 'Oh')|1
Maverick.4444|('Oh', 'you')|1
Maverick.4444|('you', 'cheeky')|1
Maverick.4444|('cheeky', 'bastard')|1
Maverick.4444|('bastard', '.')|1
Maverick.4444|('.', 'Be')|1
Maverick.4444|('Be', 'nice')|1
Maverick.4444|('nice', 'for')|1
Maverick.4444|('for', 'once')|1
Maverick.4444|('once', 'in')|1
Maverick.4444|('in', 'your')|1
Maverick.4444|('your', 'life')|1
Maverick.4444|('life', '!')|1
Maverick.4444|('!', 'nan')|1
Maverick.4444|('nan', 'Meet')|1
Maverick.4444|('Meet', 'me')|1
Maverick.4444|('me', 'hete')|1
Maverick.4444|('hete', 'nan')|1
Maverick.4444|('nan', 'Dude')|1
Maverick.4444|('Dude', 'stop')|1
Maverick.4444|('stop', 'being')|1
Maverick.4444|('being', 'a')|1
Maverick.4444|('a', 'moron')|1
Maverick.4444|('moron', '.')|1
Maverick.4444|('.', 'Grab')|1
Maverick.4444|('Grab', 'the')|1
Maverick.4444|('the', 'stolen')|1
Maverick.4444|('stolen', 'goods')|1
Maverick.4444|('goods', 'and')|1
Maverick.4444|('and', 'get')|1
Maverick.4444|('get', 'back')|1
Maverick.4444|('back', 'to')|1
Maverick.4444|('to', 'base')|1
Maverick.4444|('base', '.')|1
Maverick.4444|('.', 'So')|1
Maverick.4444|('So', 'why')|1
Maverick.4444|('why', 'is')|1
Maverick.4444|('is', 'KiK')|1
Maverick.4444|('KiK', 'any')|1
Maverick.4444|('any', 'good')|1
Maverick.4444|('good', 'then')|1
Maverick.4444|('then', '?')|1
Maverick.4444|('?', 'Seems')|1
Maverick.4444|('Seems', 'a')|1
Maverick.4444|('a', 'bit')|2
Maverick.4444|('bit', 'shit')|1
Maverick.4444|('shit', 'to')|1
Maverick.4444|('to', 'me')|4
Maverick.4444|('me', '?')|2
Maverick.4444|('?', 'nan')|2
Maverick.4444|('nan', 'Yes')|1
Maverick.4444|('Yes', 'tasty')|1
Maverick.4444|('tasty', 'goodness')|1
Maverick.4444|('goodness', '😋')|1
Maverick.4444|('😋', 'Nice')|1
Maverick.4444|('Nice', 'nice')|1
Maverick.4444|('nice', 'nan')|1
Maverick.4444|('nan', 'Robbery')|1
Maverick.4444|('Robbery', '?')|1
Maverick.4444|('?', 'B')|1
Maverick.4444|('B', ')')|2
Maverick.4444|(')', 'LMAO')|1
Maverick.4444|('LMAO', '.')|1
Maverick.4444|('.', 'I')|9
Maverick.4444|('I', 'did')|1
Maverick.4444|('did', 'the')|1
Maverick.4444|('the', 'work')|1
Maverick.4444|('work', 'dude')|1
Maverick.4444|('dude', 'not')|1
Maverick.4444|('not', 'you')|1
Maverick.4444|('you', '...')|1
Maverick.4444|('...', 'nan')|1
Maverick.4444|('nan', 'These')|1
Maverick.4444|('These', 'are')|1
Maverick.4444|('are', 'all')|1
Maverick.4444|('all', 'signs')|1
Maverick.4444|('signs', 'nan')|1
Maverick.4444|('nan', 'nan')|3
Maverick.4444|('nan', 'Love')|1
Maverick.4444|('Love', 'the')|1
Maverick.4444|('the', 'look')|1
Maverick.4444|('look', 'of')|1
Maverick.4444|('of', 'this')|1
Maverick.4444|('this', 'one')|1
Maverick.4444|('one', '....')|1
Maverick.4444|('....', 'OK')|1
Maverick.4444|('OK', '👌')|1
Maverick.4444|('👌', 'You')|1
Maverick.4444|('You', 'up')|1
Maverick.4444|('up', 'yet')|1
Maverick.4444|('yet', 'Goose')|1
Maverick.4444|('Goose', '?')|1
Maverick.4444|('?', '?')|5
Maverick.4444|('?', 'I')|2
Maverick.4444|('I', "'m")|2
Maverick.4444|("'m", 'out')|1
Maverick.4444|('out', 'in')|1
Maverick.4444|('in', 'the')|1
Maverick.4444|('the', 'woods')|1
Maverick.4444|('woods', 'looking')|1
Maverick.4444|('looking', 'for')|1
Maverick.4444|('for', 'easy')|1
Maverick.4444|('easy', 'access')|1
Maverick.4444|('access', 'points')|1
Maverick.4444|('points', 'to')|1
Maverick.4444|('to', 'houses')|1
Maverick.4444|('houses', 'Yes')|1
Maverick.4444|('Yes', 'you')|1
Maverick.4444|('you', 'are')|1
Maverick.4444|('are', 'nan')|1
Maverick.4444|('nan', '[')|1
Maverick.4444|('[', 'KakaoTalk')|1
Maverick.4444|('KakaoTalk', ']')|1
Maverick.4444|(']', 'Let')|1
Maverick.4444|('Let', '’')|1
Maverick.4444|('’', 's')|1
Maverick.4444|('s', 'chat')|1
Maverick.4444|('chat', 'on')|1
Maverick.4444|('on', 'KakaoTalk')|1
Maverick.4444|('KakaoTalk', '!')|1
Maverick.4444|('!', 'Download')|1
Maverick.4444|('Download', 'it')|1
Maverick.4444|('it', 'now')|1
Maverick.4444|('now', 'at')|1
Maverick.4444|('at', 'http')|1
Maverick.4444|('http', ':')|1
Maverick.4444|(':', '//dn.kakao.com')|1
Maverick.4444|('//dn.kakao.com', 'and')|1
Maverick.4444|('and', 'add')|1
Maverick.4444|('add', 'me')|1
Maverick.4444|('me', '.')|3
Maverick.4444|('I', 'might')|1
Maverick.4444|('might', 'know')|1
Maverick.4444|('know', 'someone')|1
Maverick.4444|('someone', '.')|1
Maverick.4444|('.', 'But')|1
Maverick.4444|('But', 'you')|1
Maverick.4444|('you', 'could')|1
Maverick.4444|('could', 'be')|1
Maverick.4444|('be', 'digging')|1
Maverick.4444|('digging', 'your')|1
Maverick.4444|('your', 'own')|1
Maverick.4444|('own', 'hole')|1
Maverick.4444|('hole', 'by')|1
Maverick.4444|('by', 'selling')|1
Maverick.4444|('selling', 'it')|1
Maverick.4444|('it', 'off')|1
Maverick.4444|('off', ':')|1
Maverick.4444|(':', 'D')|1
Maverick.4444|('D', 'nan')|1
Maverick.4444|('nan', 'Be')|1
Maverick.4444|('Be', 'there')|1
Maverick.4444|('there', 'and')|1
Maverick.4444|('and', 'do')|1
Maverick.4444|('do', "n't")|2
Maverick.4444|("n't", 'be')|1
Maverick.4444|('be', 'rude')|1
Maverick.4444|('rude', 'to')|1
Maverick.4444|('to', 'boss')|1
Maverick.4444|('boss', 'man')|1
Maverick.4444|('man', '😄')|1
Maverick.4444|('😄', 'haha')|1
Maverick.4444|('haha', 'Oh')|1
Maverick.4444|('Oh', 'groan')|1
Maverick.4444|('groan', '....')|1
Maverick.4444|('....', 'nan')|1
Maverick.4444|('nan', 'Will')|1
Maverick.4444|('Will', 'you')|1
Maverick.4444|('you', 'talk')|1
Maverick.4444|('talk', 'to')|1
Maverick.4444|('me', 'please')|1
Maverick.4444|('please', '?')|1
Maverick.4444|('?', 'Hello')|2
Maverick.4444|('Hello', 'Goosey')|1
Maverick.4444|('Goosey', 'boy')|1
Maverick.4444|('boy', 'nan')|1
Maverick.4444|('nan', 'Hello')|1
Maverick.4444|('Hello', 'wonderful')|1
Maverick.4444|('wonderful', 'B')|1
Maverick.4444|(')', 'nan')|2
Maverick.4444|('nan', 'Got')|1
Maverick.4444|('Got', 'any')|1
Maverick.4444|('any', 'letters')|1
Maverick.4444|('letters', '?')|1
Maverick.4444|('nan', ':')|1
Maverick.4444|(':', ')')|2
Maverick.4444|('nan', 'More')|1
Maverick.4444|('More', 'white.lines')|1
Maverick.4444|('white.lines', 'No')|1
Maverick.4444|('Hello', 'obvious')|1
Maverick.4444|('obvious', 'chat')|1
Maverick.4444|('chat', 'bot')|1
Maverick.4444|('bot', 'scam')|1
Maverick.4444|('scam', 'thing')|1
Maverick.4444|('thing', 'Oh')|1
Maverick.4444|('Oh', 'wow')|1
Maverick.4444|('wow', 'what')|1
Maverick.4444|('what', 'a')|1
Maverick.4444|('a', 'wonderful')|2
Maverick.4444|('wonderful', 'surprise')|1
Maverick.4444|('surprise', 'that')|1
Maverick.4444|('that', 'you')|1
Maverick.4444|('you', 'have')|1
Maverick.4444|('have', 'the')|1
Maverick.4444|('the', 'perfect')|1
Maverick.4444|('perfect', 'excuse')|1
Maverick.4444|('excuse', 'to')|1
Maverick.4444|('to', 'reach')|1
Maverick.4444|('reach', 'out')|2
Maverick.4444|('out', 'to')|2
Maverick.4444|('me', 'for')|3
Maverick.4444|('for', 'no')|1
Maverick.4444|('no', 'good')|1
Maverick.4444|('good', 'reason')|1
Maverick.4444|('reason', '.')|1
Maverick.4444|('I', 'especially')|1
Maverick.4444|('especially', 'like')|1
Maverick.4444|('like', 'your')|1
Maverick.4444|('your', 'click')|1
Maverick.4444|('click', 'bait')|1
Maverick.4444|('bait', 'photo')|1
Maverick.4444|('photo', 'designed')|1
Maverick.4444|('designed', 'for')|1
Maverick.4444|('for', 'muppets')|1
Maverick.4444|('muppets', '.')|1
Maverick.4444|('.', 'When')|1
Maverick.4444|('When', 'do')|1
Maverick.4444|('do', 'you')|1
Maverick.4444|('you', 'get')|1
Maverick.4444|('get', 'to')|2
Maverick.4444|('to', 'the')|3
Maverick.4444|('the', 'point')|2
Maverick.4444|('point', 'of')|1
Maverick.4444|('of', 'asking')|1
Maverick.4444|('asking', 'me')|1
Maverick.4444|('for', 'personal')|1
Maverick.4444|('personal', 'information')|1
Maverick.4444|('information', 'or')|1
Maverick.4444|('or', 'money')|1
Maverick.4444|('money', '?')|2
Maverick.4444|('?', 'Well')|4
Maverick.4444|('Well', 'clearly')|1
Maverick.4444|('clearly', 'I')|1
Maverick.4444|('I', 'have')|6
Maverick.4444|('have', 'spent')|1
Maverick.4444|('spent', 'my')|1
Maverick.4444|('my', 'whole')|1
Maverick.4444|('whole', 'life')|1
Maverick.4444|('life', 'waiting')|1
Maverick.4444|('waiting', 'for')|1
Maverick.4444|('for', 'you')|2
Maverick.4444|('you', 'and')|2
Maverick.4444|('and', 'your')|2
Maverick.4444|('your', 'roomie')|1
Maverick.4444|('roomie', 'to')|1
Maverick.4444|('to', 'randomly')|1
Maverick.4444|('randomly', 'reach')|1
Maverick.4444|('I', 'ca')|3
Maverick.4444|('ca', "n't")|3
Maverick.4444|("n't", 'wait')|3
Maverick.4444|('wait', 'to')|1
Maverick.4444|('to', 'see')|2
Maverick.4444|('see', 'what')|2
Maverick.4444|('what', 'this')|1
Maverick.4444|('this', 'algorithm')|1
Maverick.4444|('algorithm', 'sends')|1
Maverick.4444|('sends', 'me')|1
Maverick.4444|('me', 'next')|1
Maverick.4444|('next', '.')|3
Maverick.4444|('.', 'You')|1
Maverick.4444|('You', 'could')|1
Maverick.4444|('could', "n't")|2
Maverick.4444|("n't", 'have')|1
Maverick.4444|('have', 'picked')|1
Maverick.4444|('picked', 'a')|1
Maverick.4444|('a', 'better')|1
Maverick.4444|('better', 'phone')|1
Maverick.4444|('phone', 'to')|1
Maverick.4444|('to', 'contact')|1
Maverick.4444|('contact', ':')|1
Maverick.4444|(')', 'I')|1
Maverick.4444|('I', 'like')|1
Maverick.4444|('like', 'to')|2
Maverick.4444|('to', 'knit')|1
Maverick.4444|('knit', 'and')|1
Maverick.4444|('and', 'also')|1
Maverick.4444|('also', 'crochet')|1
Maverick.4444|('crochet', 'in')|1
Maverick.4444|('in', 'my')|1
Maverick.4444|('my', 'time')|2
Maverick.4444|('time', 'off')|1
Maverick.4444|('off', '.')|1
Maverick.4444|('.', 'After')|1
Maverick.4444|('After', 'I')|1
Maverick.4444|('have', 'finished')|1
Maverick.4444|('finished', 'volunteering')|1
Maverick.4444|('volunteering', 'my')|1
Maverick.4444|('time', 'at')|1
Maverick.4444|('at', 'the')|3
Maverick.4444|('the', 'injured')|1
Maverick.4444|('injured', 'pet')|1
Maverick.4444|('pet', 'rescue')|1
Maverick.4444|('rescue', 'centre')|1
Maverick.4444|('centre', '.')|1
Maverick.4444|('.', 'What')|1
Maverick.4444|('What', 'with')|1
Maverick.4444|('with', 'that')|1
Maverick.4444|('that', 'and')|1
Maverick.4444|('and', 'Jesus')|1
Maverick.4444|('Jesus', ',')|1
Maverick.4444|(',', 'there')|1
Maverick.4444|('there', 'is')|1
Maverick.4444|('is', 'little')|1
Maverick.4444|('little', 'time')|1
Maverick.4444|('time', 'for')|1
Maverick.4444|('for', 'anything')|1
Maverick.4444|('anything', 'else')|1
Maverick.4444|('else', '.')|1
Maverick.4444|('.', 'Preferably')|1
Maverick.4444|('Preferably', 'real')|1
Maverick.4444|('real', 'ones')|1
Maverick.4444|('ones', 'who')|1
Maverick.4444|('who', 'would')|1
Maverick.4444|('would', 'have')|1
Maverick.4444|('have', 'obviously')|1
Maverick.4444|('obviously', 'picked')|1
Maverick.4444|('picked', 'up')|1
Maverick.4444|('up', 'my')|1
Maverick.4444|('my', 'deep')|1
Maverick.4444|('deep', 'level')|1
Maverick.4444|('level', 'sarcasm')|1
Maverick.4444|('sarcasm', 'by')|1
Maverick.4444|('by', 'now')|1
Maverick.4444|('now', '.')|1
Maverick.4444|('.', 'Instead')|1
Maverick.4444|('Instead', 'I')|1
Maverick.4444|("'m", 'stuck')|1
Maverick.4444|('stuck', 'chatting')|1
Maverick.4444|('chatting', 'to')|1
Maverick.4444|('to', 'a')|1
Maverick.4444|('bit', 'which')|1
Maverick.4444|('which', 'is')|1
Maverick.4444|('is', 'ignoring')|1
Maverick.4444|('ignoring', 'my')|1
Maverick.4444|('my', 'brilliant')|1
Maverick.4444|('brilliant', 'humour')|1
Maverick.4444|('humour', '...')|1
Maverick.4444|('...', 'OK')|1
Maverick.4444|('OK', 'yes')|1
Maverick.4444|('yes', 'please')|2
Maverick.4444|('please', 'do')|1
Maverick.4444|('do', '.')|1
Maverick.4444|('wait', 'for')|1
Maverick.4444|('for', 'the')|2
Maverick.4444|('the', 'bit')|1
Maverick.4444|('bit', 'where')|1
Maverick.4444|('where', 'I')|2
Maverick.4444|('have', 'to')|4
Maverick.4444|('to', 'strip')|1
Maverick.4444|('strip', 'naked')|1
Maverick.4444|('naked', 'and')|1
Maverick.4444|('and', 'photograph')|1
Maverick.4444|('photograph', 'myself')|1
Maverick.4444|('myself', 'for')|1
Maverick.4444|('your', 'roomier')|1
Maverick.4444|('roomier', 'Bob')|1
Maverick.4444|('Bob', '.')|1
Maverick.4444|('I', 'particularly')|1
Maverick.4444|('particularly', 'like')|1
Maverick.4444|('like', 'the')|1
Maverick.4444|('the', 'way')|1
Maverick.4444|('way', 'this')|1
Maverick.4444|('this', 'bot')|1
Maverick.4444|('bot', 'has')|1
Maverick.4444|('has', 'a')|1
Maverick.4444|('a', 'delay')|1
Maverick.4444|('delay', 'of')|1
Maverick.4444|('of', '3')|1
Maverick.4444|('3', 'minutes')|1
Maverick.4444|('minutes', 'between')|1
Maverick.4444|('between', 'replies')|1
Maverick.4444|('replies', 'to')|1
Maverick.4444|('to', 'make')|2
Maverick.4444|('make', 'it')|1
Maverick.4444|('it', 'look')|1
Maverick.4444|('look', 'like')|1
Maverick.4444|('like', 'its')|1
Maverick.4444|('its', 'a')|1
Maverick.4444|('a', 'real')|3
Maverick.4444|('real', 'human')|3
Maverick.4444|('human', 'considering')|1
Maverick.4444|('considering', 'what')|1
Maverick.4444|('what', 'to')|2
Maverick.4444|('to', 'reply')|1
Maverick.4444|('reply', 'before')|1
Maverick.4444|('before', 'sending')|1
Maverick.4444|('sending', 'out')|1
Maverick.4444|('out', 'a')|1
Maverick.4444|('a', 'prescription')|1
Maverick.4444|('prescription', 'response')|1
Maverick.4444|('response', '.')|1
Maverick.4444|('.', 'And')|1
Maverick.4444|('And', 'here')|1
Maverick.4444|('here', 'it')|1
Maverick.4444|('it', 'is')|1
Maverick.4444|('is', 'the')|1
Maverick.4444|('the', 'immediate')|1
Maverick.4444|('immediate', 'pointer')|1
Maverick.4444|('pointer', 'towards')|1
Maverick.4444|('towards', 'sex')|1
Maverick.4444|('sex', 'in')|1
Maverick.4444|('in', 'a')|1
Maverick.4444|('a', 'desperate')|1
Maverick.4444|('desperate', 'attempt')|1
Maverick.4444|('attempt', 'to')|1
Maverick.4444|('to', 'illicit')|1
Maverick.4444|('illicit', 'a')|1
Maverick.4444|('a', 'response')|1
Maverick.4444|('response', 'where')|1
Maverick.4444|('I', 'lose')|1
Maverick.4444|('lose', 'all')|1
Maverick.4444|('all', 'control')|1
Maverick.4444|('control', 'and')|1
Maverick.4444|('and', 'send')|1
Maverick.4444|('send', 'you')|1
Maverick.4444|('you', 'naked')|1
Maverick.4444|('naked', 'pics')|1
Maverick.4444|('pics', 'so')|1
Maverick.4444|('so', 'you')|1
Maverick.4444|('you', 'can')|2
Maverick.4444|('can', 'blackmail')|1
Maverick.4444|('blackmail', 'me')|1
Maverick.4444|('me', 'and')|1
Maverick.4444|('and', 'ruin')|1
Maverick.4444|('ruin', 'my')|1
Maverick.4444|('my', 'life')|1
Maverick.4444|('life', '😜')|1
Maverick.4444|('😜', 'let')|1
Maverick.4444|('let', "'s")|2
Maverick.4444|("'s", 'go')|2
Maverick.4444|('go', 'for')|1
Maverick.4444|('for', 'it')|1
Maverick.4444|('it', 'Oh')|1
Maverick.4444|('Oh', 'good')|1
Maverick.4444|('good', 'bot')|1
Maverick.4444|('bot', '.')|1
Maverick.4444|('.', 'Well')|1
Maverick.4444|('Well', 'spotted')|1
Maverick.4444|('spotted', '.')|1
Maverick.4444|('.', 'Has')|1
Maverick.4444|('Has', 'a')|1
Maverick.4444|('human', 'joined')|1
Maverick.4444|('joined', 'the')|1
Maverick.4444|('the', 'conversation')|1
Maverick.4444|('conversation', 'because')|1
Maverick.4444|('because', 'this')|1
Maverick.4444|('this', 'exchange')|1
Maverick.4444|('exchange', 'has')|1
Maverick.4444|('has', 'gone')|1
Maverick.4444|('gone', 'on')|1
Maverick.4444|('on', 'long')|1
Maverick.4444|('long', 'enough')|1
Maverick.4444|('enough', 'to')|1
Maverick.4444|('to', 'warrant')|1
Maverick.4444|('warrant', 'investing')|1
Maverick.4444|('investing', 'some')|1
Maverick.4444|('some', 'real')|1
Maverick.4444|('real', 'time')|1
Maverick.4444|('time', 'and')|1
Maverick.4444|('and', 'energy')|1
Maverick.4444|('energy', 'into')|1
Maverick.4444|('into', 'scamming')|1
Maverick.4444|('scamming', 'me')|1
Maverick.4444|('?', 'Or')|1
Maverick.4444|('Or', 'should')|1
Maverick.4444|('should', 'I')|2
Maverick.4444|('I', 'just')|2
Maverick.4444|('just', 'reply')|1
Maverick.4444|('reply', 'yes')|1
Maverick.4444|('please', '...')|1
Maverick.4444|('...', 'sex')|1
Maverick.4444|('sex', ',')|1
Maverick.4444|(',', 'see')|1
Maverick.4444|('see', ',')|1
Maverick.4444|(',', 'sex')|1
Maverick.4444|('sex', '😏')|1
Maverick.4444|('😏', 'No')|1
Maverick.4444|('No', 'of')|1
Maverick.4444|('of', 'course')|2
Maverick.4444|('course', 'not')|1
Maverick.4444|('not', '.')|1
Maverick.4444|('I', 'am')|3
Maverick.4444|('am', 'so')|1
Maverick.4444|('so', 'sorry')|1
Maverick.4444|('sorry', 'but')|1
Maverick.4444|('but', 'I')|2
Maverick.4444|('I', 'had')|1
Maverick.4444|('had', 'to')|1
Maverick.4444|('to', 'know')|2
Maverick.4444|('know', 'you')|1
Maverick.4444|('you', 'were')|1
Maverick.4444|('were', 'real')|1
Maverick.4444|('real', '.')|1
Maverick.4444|('.', 'Now')|1
Maverick.4444|('Now', 'I')|1
Maverick.4444|('I', 'know')|1
Maverick.4444|('know', 'that')|1
Maverick.4444|('that', 'please')|1
Maverick.4444|('please', 'let')|1
Maverick.4444|('go', 'to')|1
Maverick.4444|('the', 'next')|1
Maverick.4444|('next', 'stage')|1
Maverick.4444|('stage', '.')|1
Maverick.4444|('.', 'Tell')|1
Maverick.4444|('Tell', 'me')|1
Maverick.4444|('me', 'what')|1
Maverick.4444|('what', 'I')|1
Maverick.4444|('to', 'do')|2
Maverick.4444|('do', 'next')|2
Maverick.4444|('I', 'want')|1
Maverick.4444|('want', 'to')|1
Maverick.4444|('know', 'what')|1
Maverick.4444|('do', '?')|1
Maverick.4444|('Well', 'I')|1
Maverick.4444|('I', 'do')|1
Maverick.4444|("n't", 'like')|1
Maverick.4444|('to', 'brag')|1
Maverick.4444|('brag', '-')|1
Maverick.4444|('-', 'but')|1
Maverick.4444|('but', 'if')|1
Maverick.4444|('if', 'I')|3
Maverick.4444|('I', 'buy')|1
Maverick.4444|('buy', 'you')|1
Maverick.4444|('you', 'plane')|1
Maverick.4444|('plane', 'tickets')|1
Maverick.4444|('tickets', ',')|1
Maverick.4444|(',', 'then')|1
Maverick.4444|('then', 'I')|1
Maverick.4444|('am', 'pretty')|1
Maverick.4444|('pretty', 'sure')|1
Maverick.4444|('sure', 'you')|1
Maverick.4444|('you', 'will')|1
Maverick.4444|('will', 'come')|1
Maverick.4444|('come', '.')|1
Maverick.4444|('.', 'Yes')|2
Maverick.4444|('Yes', 'of')|1
Maverick.4444|('course', '.')|1
Maverick.4444|('.', 'Whatever')|1
Maverick.4444|('Whatever', 'photo')|1
Maverick.4444|('photo', 'library')|1
Maverick.4444|('library', 'you')|1
Maverick.4444|('can', 'access')|1
Maverick.4444|('access', 'is')|1
Maverick.4444|('is', 'fine')|1
Maverick.4444|('fine', 'by')|1
Maverick.4444|('by', 'me')|1
Maverick.4444|('.', 'It')|1
Maverick.4444|('It', 'will')|1
Maverick.4444|('will', 'be')|1
Maverick.4444|('be', 'a')|1
Maverick.4444|('a', 'shame')|2
Maverick.4444|('shame', 'if')|1
Maverick.4444|('to', 'edit')|1
Maverick.4444|('edit', 'this')|1
Maverick.4444|('this', 'but')|1
Maverick.4444|('but', 'in')|1
Maverick.4444|('in', 'order')|1
Maverick.4444|('order', 'to')|1
Maverick.4444|('to', 'keep')|1
Maverick.4444|('keep', 'it')|1
Maverick.4444|('it', 'going')|1
Maverick.4444|('going', '.')|1
Maverick.4444|('.', 'Let')|1
Maverick.4444|('Let', "'s")|1
Maverick.4444|("'s", 'see')|1
Maverick.4444|('what', 'you')|1
Maverick.4444|('you', 'do')|1
Maverick.4444|('wait', '....')|1
Maverick.4444|('....', 'More')|1
Maverick.4444|('More', 'pics')|1
Maverick.4444|('pics', '?')|1
Maverick.4444|('I', 'must')|1
Maverick.4444|('must', 'have')|1
Maverick.4444|('have', 'missed')|1
Maverick.4444|('missed', 'the')|1
Maverick.4444|('the', 'first')|1
Maverick.4444|('first', 'lot')|1
Maverick.4444|('lot', '?')|1
Maverick.4444|('?', 'What')|1
Maverick.4444|('What', 'a')|1
Maverick.4444|('wonderful', 'way')|1
Maverick.4444|('way', 'to')|1
Maverick.4444|('make', 'me')|1
Maverick.4444|('me', 'ask')|1
Maverick.4444|('ask', 'you')|1
Maverick.4444|('you', '.')|1
Maverick.4444|('Yes', 'please')|1
Maverick.4444|('please', ',')|1
Maverick.4444|(',', 'I')|2
Maverick.4444|('see', 'how')|1
Maverick.4444|('how', 'this')|1
Maverick.4444|('this', 'is')|1
Maverick.4444|('is', 'meant')|1
Maverick.4444|('meant', 'to')|1
Maverick.4444|('to', 'work')|1
Maverick.4444|('work', 'by')|1
Maverick.4444|('by', 'keeping')|1
Maverick.4444|('keeping', 'the')|1
Maverick.4444|('the', 'chat')|2
Maverick.4444|('chat', 'going')|2
Maverick.4444|('going', 'for')|1
Maverick.4444|('for', 'as')|1
Maverick.4444|('as', 'long')|1
Maverick.4444|('long', 'as')|1
Maverick.4444|('as', 'possible')|1
Maverick.4444|('possible', '...')|1
Maverick.4444|('...', 'Oh')|1
Maverick.4444|('Oh', 'I')|1
Maverick.4444|('I', 'see')|1
Maverick.4444|('see', 'that')|1
Maverick.4444|('that', "'s")|2
Maverick.4444|("'s", 'interesting')|1
Maverick.4444|('interesting', '.')|1
Maverick.4444|('.', 'OK')|1
Maverick.4444|('OK', 'pretty')|1
Maverick.4444|('pretty', ',')|1
Maverick.4444|(',', 'pretty')|1
Maverick.4444|('pretty', 'please')|1
Maverick.4444|('please', 'with')|1
Maverick.4444|('with', 'sugar')|1
Maverick.4444|('sugar', 'on')|1
Maverick.4444|('on', 'top')|1
Maverick.4444|('top', 'can')|1
Maverick.4444|('can', 'you')|1
Maverick.4444|('you', '?')|1
Maverick.4444|('?', 'OK')|1
Maverick.4444|('OK', 'so')|1
Maverick.4444|('so', 'when')|1
Maverick.4444|('when', 'do')|1
Maverick.4444|('do', 'we')|1
Maverick.4444|('we', 'get')|1
Maverick.4444|('point', 'where')|1
Maverick.4444|('where', 'you')|1
Maverick.4444|('you', 'ask')|1
Maverick.4444|('ask', 'me')|1
Maverick.4444|('for', 'money')|1
Maverick.4444|('Well', 'if')|1
Maverick.4444|('am', 'being')|1
Maverick.4444|('being', 'honest')|1
Maverick.4444|('honest', ',')|1
Maverick.4444|('I', 'will')|1
Maverick.4444|('will', 'probably')|1
Maverick.4444|('probably', 'capture')|1
Maverick.4444|('capture', 'this')|1
Maverick.4444|('this', 'entire')|1
Maverick.4444|('entire', 'discussion')|1
Maverick.4444|('discussion', 'on')|1
Maverick.4444|('on', 'a')|1
Maverick.4444|('a', 'mobile')|1
Maverick.4444|('mobile', 'forensics')|1
Maverick.4444|('forensics', 'extraction')|1
Maverick.4444|('extraction', 'and')|1
Maverick.4444|('and', 'have')|1
Maverick.4444|('have', 'hundreds')|1
Maverick.4444|('hundreds', 'of')|1
Maverick.4444|('of', 'cops')|1
Maverick.4444|('cops', 'look')|1
Maverick.4444|('look', 'at')|1
Maverick.4444|('the', 'contents')|1
Maverick.4444|('contents', 'as')|1
Maverick.4444|('as', 'a')|1
Maverick.4444|('a', 'training')|1
Maverick.4444|('training', 'exercise')|1
Maverick.4444|('exercise', 'in')|1
Maverick.4444|('in', 'digital')|1
Maverick.4444|('digital', 'evidence')|1
Maverick.4444|('evidence', 'for')|1
Maverick.4444|('the', 'FORMOBILE')|1
Maverick.4444|('FORMOBILE', 'project')|1
Maverick.4444|('project', '.')|1
Maverick.4444|('.', 'Or')|1
Maverick.4444|('Or', 'instead')|1
Maverick.4444|('instead', 'should')|1
Maverick.4444|('just', 'say')|1
Maverick.4444|('say', 'sexy')|1
Maverick.4444|('sexy', 'seines')|1
Maverick.4444|('seines', 'stuff')|1
Maverick.4444|('stuff', '?')|1
Maverick.4444|('?', 'Sexy')|1
Maverick.4444|('Sexy', ',')|1
Maverick.4444|(',', 'sexiness')|1
Maverick.4444|('sexiness', 'and')|1
Maverick.4444|('and', 'more')|1
Maverick.4444|('more', 'sex')|1
Maverick.4444|('sex', '?')|1
Maverick.4444|('Well', 'that')|1
Maverick.4444|("'s", 'a')|1
Maverick.4444|('shame', ',')|1
Maverick.4444|(',', 'but')|1
Maverick.4444|('I', 'guess')|1
Maverick.4444|('guess', 'proof')|1
Maverick.4444|('proof', 'enough')|1
Maverick.4444|('enough', 'that')|1
Maverick.4444|('that', 'a')|1
Maverick.4444|('human', 'took')|1
Maverick.4444|('took', 'over')|1
Maverick.4444|('over', 'the')|1
Maverick.4444|('the', 'discussion')|1
Maverick.4444|('discussion', 'at')|1
Maverick.4444|('the', 'end')|1
Maverick.4444|('end', '.')|1
Maverick.4444|('.', 'Disappointed')|1
Maverick.4444|('Disappointed', 'we')|1
Maverick.4444|('we', 'could')|1
Maverick.4444|("n't", 'keep')|1
Maverick.4444|('keep', 'the')|1
Maverick.4444|('going', 'longer')|1
Maverick.4444|('longer', 'but')|1
Maverick.4444|('but', 'great')|1
Maverick.4444|('great', 'to')|1
Maverick.4444|('to', 'get')|1
Maverick.4444|('get', 'your')|1
Maverick.4444|('your', 'IP')|1
Maverick.4444|('IP', 'details')|1
Maverick.4444|('details', 'thanks')|1
Maverick.4444|('thanks', '👍')|1
Michael Jonson|('Is', 'that')|1
Michael Jonson|('that', 'you')|1
Michael Jonson|('you', 'Maverick')|1
Michael Jonson|('Maverick', '?')|1
Michael Jonson|('?', 'Alright')|1
Michael Jonson|('Alright', 'standby')|1
Michael Jonson|('standby', 'Mav')|1
Michael Jonson|('Mav', '.')|1
Michael Jonson|('.', 'Will')|1
Michael Jonson|('Will', 'put')|1
Michael Jonson|('put', 'a')|1
Michael Jonson|('a', 'team')|1
Michael Jonson|('team', 'together')|1
Michael Jonson|('together', 'and')|1
Michael Jonson|('and', 'get')|1
Michael Jonson|('get', 'back')|1
Michael Jonson|('back', 'to')|1
Michael Jonson|('to', 'you')|1
Michael Jonson|('you', '....')|1
Michael Jonson|('....', 'nan')|1
Michael Jonson|('nan', 'nan')|19
Michael Jonson|('nan', 'Dark')|1
Michael Jonson|('Dark', '?')|1
Michael Jonson|('?', 'Cold')|1
Michael Jonson|('Cold', '?')|1
Michael Jonson|('?', 'WTF')|1
Michael Jonson|('WTF', '...')|1
Michael Jonson|('...', 'nan')|1
Michael Jonson|('nan', 'https')|2
Michael Jonson|('https', ':')|4
Michael Jonson|(':', '//youtube.com/watch')|1
Michael Jonson|('//youtube.com/watch', '?')|1
Michael Jonson|('?', 'v=avaSdC0QOUM')|1
Michael Jonson|('v=avaSdC0QOUM', '&')|1
Michael Jonson|('&', 'feature=share')|1
Michael Jonson|('feature=share', 'nan')|1
Michael Jonson|('nan', 'This')|1
Michael Jonson|('This', 'could')|1
Michael Jonson|('could', 'be')|1
Michael Jonson|('be', 'a')|1
Michael Jonson|('a', 'good')|1
Michael Jonson|('good', 'place')|1
Michael Jonson|('place', 'to')|1
Michael Jonson|('to', 'visit')|1
Michael Jonson|('visit', '...')|1
Michael Jonson|('...', 'https')|1
Michael Jonson|(':', '//www.knightfrank.co.uk/property-for-sale/sidmouth')|1
Michael Jonson|('//www.knightfrank.co.uk/property-for-sale/sidmouth', 'nan')|1
Michael Jonson|(':', '//www.youtube.com/watch')|1
Michael Jonson|('//www.youtube.com/watch', '?')|1
Michael Jonson|('?', 'v=RidKpZEJj4E')|1
Michael Jonson|('v=RidKpZEJj4E', 'https')|1
Michael Jonson|(':', '//www.theguardian.com/us-news/2020/sep/24/man-licorice-dies-massachusetts')|1
Michael Jonson|('//www.theguardian.com/us-news/2020/sep/24/man-licorice-dies-massachusetts', 'nan')|1
Mike Jonson|('Sure', '.')|1
Mike Jonson|('.', 'But')|1
Mike Jonson|('But', 'due')|1
Mike Jonson|('due', 'to')|1
Mike Jonson|('to', 'Brexit')|1
Mike Jonson|('Brexit', ',')|1
Mike Jonson|(',', 'my')|1
Mike Jonson|('my', 'prices')|1
Mike Jonson|('prices', 'have')|1
Mike Jonson|('have', 'gone')|1
Mike Jonson|('gone', 'up')|1
Mike Jonson|('up', '...')|1
Mike Jonson|('...', 'nan')|2
Mike Jonson|('nan', 'Got')|1
Mike Jonson|('Got', 'that')|1
Mike Jonson|('that', 'stuff')|1
Mike Jonson|('stuff', 'you')|1
Mike Jonson|('you', 'asked')|1
Mike Jonson|('asked', 'for')|1
Mike Jonson|('for', '...')|1
Mike Jonson|('...', 'Nothing')|1
Mike Jonson|('Nothing', 'man')|1
Mike Jonson|('man', '.')|1
Mike Jonson|('.', 'Just')|1
Mike Jonson|('Just', 'waiting')|1
Mike Jonson|('waiting', 'for')|1
Mike Jonson|('for', 'the')|1
Mike Jonson|('the', 'next')|1
Mike Jonson|('next', 'shipment')|1
Mike Jonson|('shipment', '.')|1
Mike Jonson|('.', 'Are')|1
Mike Jonson|('Are', 'you')|1
Mike Jonson|('you', 'interested')|1
Mike Jonson|('interested', '?')|1
Mike Jonson|('?', 'Usual')|1
Mike Jonson|('Usual', 'place')|1
Mike Jonson|('place', ',')|1
Mike Jonson|(',', 'usual')|1
Mike Jonson|('usual', 'time')|1
Mike Jonson|('time', ',')|1
Mike Jonson|(',', 'no')|1
Mike Jonson|('no', 'more')|1
Mike Jonson|('more', 'online')|1
Mike Jonson|('online', 'questions')|1
Mike Jonson|('questions', '.')|1
Mike Jonson|('.', 'Call')|1
Mike Jonson|('Call', 'me')|1
Mike Jonson|('me', 'when')|1
Mike Jonson|('when', 'u')|1
Mike Jonson|('u', 'r')|1
Mike Jonson|('r', 'ready')|1
Mike Jonson|('ready', '.')|1
Mike Jonson|('.', 'This')|2
Mike Jonson|('This', 'should')|1
Mike Jonson|('should', 'be')|1
Mike Jonson|('be', 'fun')|1
Mike Jonson|('fun', '...')|1
Mike Jonson|('nan', 'Dude')|1
Mike Jonson|('Dude', 'are')|1
Mike Jonson|('are', 'you')|1
Mike Jonson|('you', 'crazy')|1
Mike Jonson|('crazy', '?')|1
Mike Jonson|('?', '1')|1
Mike Jonson|('1', '.')|1
Mike Jonson|('.', 'Never')|1
Mike Jonson|('Never', 'discuss')|1
Mike Jonson|('discuss', 'that')|1
Mike Jonson|('that', 'type')|1
Mike Jonson|('type', 'of')|1
Mike Jonson|('of', 'business')|1
Mike Jonson|('business', 'in')|1
Mike Jonson|('in', 'chat')|1
Mike Jonson|('chat', '2')|1
Mike Jonson|('2', '.')|1
Mike Jonson|('.', 'There')|1
Mike Jonson|('There', 'is')|1
Mike Jonson|('is', 'a')|1
Mike Jonson|('a', 'global')|1
Mike Jonson|('global', 'pandemic')|1
Mike Jonson|('pandemic', 'on')|1
Mike Jonson|('on', ',')|1
Mike Jonson|(',', 'bit')|1
Mike Jonson|('bit', 'hard')|1
Mike Jonson|('hard', 'to')|1
Mike Jonson|('to', 'travel')|1
Mike Jonson|('travel', 'at')|1
Mike Jonson|('at', 'short')|1
Mike Jonson|('short', 'notice')|1
Mike Jonson|('notice', '.')|1
Mike Jonson|('This', 'is')|1
Mike Jonson|('is', 'something')|1
Mike Jonson|('something', 'you')|1
Mike Jonson|('you', 'need')|1
Mike Jonson|('need', 'to')|1
Mike Jonson|('to', 'fix')|1
Mike Jonson|('fix', 'yourself')|1
Mike Jonson|('yourself', 'locally')|1
Mike Jonson|('locally', '.')|1
Mike Jonson|('.', 'No')|1
Mike Jonson|('No', 'can')|1
Mike Jonson|('can', 'do')|1
Mike Jonson|('do', '.')|1
Mike.Jonson|('Yet', 'maybe')|2
Mike.Jonson|('maybe', 'not')|2
Mike.Jonson|('not', 'smart')|2
Mike.Jonson|('smart', '.')|2
Mike.Jonson|('.', 'Good')|2
Mike.Jonson|('Good', 'point')|2
Mike.Jonson|('point', '.')|2
Mike.Jonson|('.', 'nan')|2
Mike.Jonson|('nan', 'So')|2
Mike.Jonson|('So', 'what')|2
Mike.Jonson|('what', "'s")|2
Mike.Jonson|("'s", 'up')|2
Mike.Jonson|('up', 'dog')|2
Mike.Jonson|('dog', '?')|2
Mike.Jonson|('?', 'Hi')|1
Mike.Jonson|('Hi', 'Sadie')|1
Mike.Jonson|('Sadie', '.')|1
Mike.Jonson|('.', 'I')|4
Mike.Jonson|('I', 'am')|2
Mike.Jonson|('am', 'shy')|1
Mike.Jonson|('shy', '.')|1
Mike.Jonson|('.', 'No')|1
Mike.Jonson|('No', 'sorry')|1
Mike.Jonson|('sorry', '.')|1
Mike.Jonson|('I', 'do')|4
Mike.Jonson|('do', "n't")|3
Mike.Jonson|("n't", 'know')|2
Mike.Jonson|('know', 'many')|1
Mike.Jonson|('many', 'ladies')|1
Mike.Jonson|('ladies', '.')|1
Mike.Jonson|('.', 'This')|2
Mike.Jonson|('This', 'is')|2
Mike.Jonson|('is', 'a')|1
Mike.Jonson|('a', 'wild')|1
Mike.Jonson|('wild', 'guess')|1
Mike.Jonson|('guess', 'but')|1
Mike.Jonson|('but', 'do')|1
Mike.Jonson|('do', 'you')|2
Mike.Jonson|('you', 'have')|1
Mike.Jonson|('have', 'a')|1
Mike.Jonson|('a', 'roomie')|1
Mike.Jonson|('roomie', '...')|1
Mike.Jonson|('...', '?')|1
Mike.Jonson|('?', 'Bingo')|1
Mike.Jonson|('Bingo', 'buzzword')|1
Mike.Jonson|('buzzword', 'quarantine')|1
Mike.Jonson|('quarantine', 'and')|1
Mike.Jonson|('and', 'social')|1
Mike.Jonson|('social', 'distance')|1
Mike.Jonson|('distance', '?')|1
Mike.Jonson|('?', 'What')|2
Mike.Jonson|('What', 'do')|1
Mike.Jonson|('do', 'u')|1
Mike.Jonson|('u', 'like')|1
Mike.Jonson|('like', 'to')|1
Mike.Jonson|('to', 'do')|1
Mike.Jonson|('do', 'to')|1
Mike.Jonson|('to', 'kill')|1
Mike.Jonson|('kill', 'time')|1
Mike.Jonson|('time', '?')|1
Mike.Jonson|('What', 'sort')|1
Mike.Jonson|('sort', 'of')|1
Mike.Jonson|('of', '``')|1
Mike.Jonson|('``', 'humans')|1
Mike.Jonson|('humans', "''")|1
Mike.Jonson|("''", 'are')|1
Mike.Jonson|('are', 'you')|1
Mike.Jonson|('you', 'in')|1
Mike.Jonson|('in', '2')|1
Mike.Jonson|('2', '?')|1
Mike.Jonson|('?', 'Do')|1
Mike.Jonson|('Do', 'you')|1
Mike.Jonson|('you', 'want')|2
Mike.Jonson|('want', 'to')|2
Mike.Jonson|('to', 'ask')|1
Mike.Jonson|('ask', 'me')|1
Mike.Jonson|('me', 'a')|1
Mike.Jonson|('a', 'serious')|1
Mike.Jonson|('serious', 'question')|1
Mike.Jonson|('question', '?')|1
Mike.Jonson|('?', 'Talk')|1
Mike.Jonson|('Talk', 'to')|1
Mike.Jonson|('to', 'chat')|1
Mike.Jonson|('chat', 'bots')|1
Mike.Jonson|('bots', 'who')|1
Mike.Jonson|('who', 'will')|1
Mike.Jonson|('will', 'attempt')|1
Mike.Jonson|('attempt', 'to')|1
Mike.Jonson|('to', 'compromise')|1
Mike.Jonson|('compromise', 'me')|1
Mike.Jonson|('me', 'The')|1
Mike.Jonson|('The', 'sort')|1
Mike.Jonson|('sort', 'who')|1
Mike.Jonson|('who', 'manipulate')|1
Mike.Jonson|('manipulate', 'me')|1
Mike.Jonson|('me', '.')|1
Mike.Jonson|('.', 'Sure')|1
Mike.Jonson|('Sure', '.')|1
Mike.Jonson|('I', 'guess')|1
Mike.Jonson|('guess', 'it')|1
Mike.Jonson|('it', 'will')|1
Mike.Jonson|('will', 'be')|1
Mike.Jonson|('be', 'something')|1
Mike.Jonson|('something', 'naughty')|1
Mike.Jonson|('naughty', 'now')|1
Mike.Jonson|('now', '?')|1
Mike.Jonson|('?', 'Nope')|1
Mike.Jonson|('Nope', '.')|1
Mike.Jonson|('am', 'useless')|1
Mike.Jonson|('useless', 'in')|1
Mike.Jonson|('in', 'bed')|1
Mike.Jonson|('bed', '.')|1
Mike.Jonson|('.', 'How')|1
Mike.Jonson|('How', 'exciting')|1
Mike.Jonson|('exciting', 'from')|1
Mike.Jonson|('from', 'a')|1
Mike.Jonson|('a', 'complete')|1
Mike.Jonson|('complete', 'stranger')|1
Mike.Jonson|('stranger', 'I')|1
Mike.Jonson|('know', '.')|1
Mike.Jonson|('is', 'all')|1
Mike.Jonson|('all', 'a')|1
Mike.Jonson|('a', 'bit')|1
Mike.Jonson|('bit', 'new')|1
Mike.Jonson|('new', 'and')|1
Mike.Jonson|('and', 'confusing')|1
Mike.Jonson|('confusing', 'to')|1
Mike.Jonson|('to', 'me')|1
Mike.Jonson|('me', '...')|1
Mike.Jonson|('...', 'I')|1
Mike.Jonson|("n't", 'mind')|1
Mike.Jonson|('mind', 'Yes')|1
Mike.Jonson|('Yes', 'please')|1
Mike.Jonson|('please', 'and')|1
Mike.Jonson|('and', 'thank')|1
Mike.Jonson|('thank', 'you')|1
Mike.Jonson|('you', 'Yes')|2
Mike.Jonson|('Yes', 'I')|1
Mike.Jonson|('I', 'need')|1
Mike.Jonson|('need', 'it')|1
Mike.Jonson|('it', '.')|1
Mike.Jonson|('.', 'With')|1
Mike.Jonson|('With', 'sugar')|1
Mike.Jonson|('sugar', 'on')|1
Mike.Jonson|('on', 'top')|1
Mike.Jonson|('top', '.')|1
Mike.Jonson|('.', 'Oh')|1
Mike.Jonson|('Oh', 'wow')|1
Mike.Jonson|('wow', '.')|1
Mike.Jonson|('.', 'Thank')|1
Mike.Jonson|('Thank', 'you')|2
Mike.Jonson|('you', 'so')|1
Mike.Jonson|('so', 'much')|1
Mike.Jonson|('much', '.')|1
Mike.Jonson|('.', 'So')|1
Mike.Jonson|('So', 'now')|1
Mike.Jonson|('now', 'what')|1
Mike.Jonson|('what', 'do')|2
Mike.Jonson|('do', 'I')|1
Mike.Jonson|('do', '?')|1
Mike.Jonson|('?', 'Oh')|1
Mike.Jonson|('Oh', 'no')|1
Mike.Jonson|('no', 'have')|1
Mike.Jonson|('have', 'I')|1
Mike.Jonson|('I', 'lost')|1
Mike.Jonson|('lost', 'you')|1
Mike.Jonson|('you', 'already')|1
Mike.Jonson|('already', '?')|1
Mike.Jonson|('?', '?')|2
Mike.Jonson|('?', 'Look')|1
Mike.Jonson|('Look', 'longingly')|1
Mike.Jonson|('longingly', 'at')|1
Mike.Jonson|('at', 'you')|1
Mike.Jonson|('Yes', 'Thank')|1
Mike.Jonson|('you', 'Ok')|1
Mike.Jonson|('Ok', 'what')|1
Mike.Jonson|('to', 'see')|1
Mike.Jonson|('see', '?')|1
Mike.Jonson|('?', 'Ok')|1
Mike.Jonson|('Ok', 'That')|1
Mike.Jonson|('That', "'s")|1
Mike.Jonson|("'s", 'your')|1
Mike.Jonson|('your', 'back')|1
Mike.Jonson|('back', 'side')|1
Mike.Jonson|('side', '?')|1
Mike.Jonson|('?', 'Yet')|1
Rupert Beae|('nan', 'Yes')|4
Rupert Beae|('Yes', 'good')|2
Rupert Beae|('good', 'thinking')|2
Rupert Beae|('thinking', '.')|2
Rupert Beae|('.', 'Be')|2
Rupert Beae|('Be', 'stupid')|2
Rupert Beae|('stupid', 'to')|2
Rupert Beae|('to', 'get')|2
Rupert Beae|('get', 'caught')|2
Rupert Beae|('caught', 'with')|2
Rupert Beae|('with', 'our')|2
Rupert Beae|('our', 'real')|2
Rupert Beae|('real', 'phones')|2
Rupert Beae|('phones', '....')|2
Rupert Beae|('....', 'nan')|4
Rupert Beae|('nan', 'What')|2
Rupert Beae|('What', "'s")|2
Rupert Beae|("'s", 'up')|2
Rupert Beae|('up', '.')|2
Rupert Beae|('.', 'You')|2
Rupert Beae|('You', 'busy')|2
Rupert Beae|('busy', 'tonight')|2
Rupert Beae|('tonight', '?')|2
Rupert Beae|('?', 'U')|2
Rupert Beae|('U', 'like')|3
Rupert Beae|('like', '?')|6
Rupert Beae|('?', 'nan')|18
Rupert Beae|('nan', 'nan')|31
Rupert Beae|('nan', 'Easy')|2
Rupert Beae|('Easy', 'access')|2
Rupert Beae|('access', 'nan')|2
Rupert Beae|('nan', 'Thanks')|2
Rupert Beae|('Thanks', 'will')|2
Rupert Beae|('will', 'set')|2
Rupert Beae|('set', 'up')|2
Rupert Beae|('up', 'sometime')|2
Rupert Beae|('sometime', 'this')|2
Rupert Beae|('this', 'week')|2
Rupert Beae|('week', '👍')|2
Rupert Beae|('👍', 'Tunnelbana')|2
Rupert Beae|('Tunnelbana', '?')|2
Rupert Beae|('?', 'Bunny')|2
Rupert Beae|('Bunny', 'girl')|2
Rupert Beae|('girl', '?')|2
Rupert Beae|('nan', 'You')|3
Rupert Beae|('You', 'like')|3
Rupert Beae|('?', 'Bugger')|2
Rupert Beae|('Bugger', '.')|2
Rupert Beae|('.', 'nan')|6
Rupert Beae|('nan', 'I')|2
Rupert Beae|('I', 'grabbed')|2
Rupert Beae|('grabbed', 'and')|2
Rupert Beae|('and', 'got')|2
Rupert Beae|('got', '.')|2
Rupert Beae|('.', 'Come')|2
Rupert Beae|('Come', 'get')|2
Rupert Beae|('get', 'it😁')|2
Rupert Beae|('it😁', 'Golden')|2
Rupert Beae|('Golden', 'balls')|2
Rupert Beae|('balls', '?')|2
Rupert Beae|('nan', 'Business')|2
Rupert Beae|('Business', 'class')|2
Rupert Beae|('class', 'waste')|2
Rupert Beae|('waste', '?')|2
Rupert Beae|('?', 'Sell')|2
Rupert Beae|('Sell', 'it')|2
Rupert Beae|('it', '...')|2
Rupert Beae|('...', 'we')|2
Rupert Beae|('we', 'need')|2
Rupert Beae|('need', 'the')|2
Rupert Beae|('the', 'cash')|2
Rupert Beae|('cash', '💸')|2
Rupert Beae|('💸', 'Right')|2
Rupert Beae|('Right', '.')|2
Rupert Beae|('.', 'OK')|2
Rupert Beae|('OK', 'next')|2
Rupert Beae|('next', 'time')|2
Rupert Beae|('time', '.')|2
Rupert Beae|('.', 'U')|2
Rupert Beae|('U', 'likey')|2
Rupert Beae|('likey', 'da')|2
Rupert Beae|('da', 'bling')|2
Rupert Beae|('bling', 'baby')|2
Rupert Beae|('baby', '?')|2
Rupert Beae|('?', 'Whatever')|2
Rupert Beae|('Whatever', 'u')|2
Rupert Beae|('u', 'like')|2
Rupert Beae|('like', 'Angel')|2
Rupert Beae|('Angel', '....')|2
Rupert Beae|('nan', 'Gazelle')|2
Rupert Beae|('Gazelle', 'head')|2
Rupert Beae|('head', 'on')|2
Rupert Beae|('on', 'a')|2
Rupert Beae|('a', 'wall')|2
Rupert Beae|('wall', 'in')|2
Rupert Beae|('in', 'a')|2
Rupert Beae|('a', 'house')|2
Rupert Beae|('house', 'round')|2
Rupert Beae|('round', 'here')|2
Rupert Beae|('here', '.')|2
Rupert Beae|('.', 'More')|2
Rupert Beae|('More', 'money')|2
Rupert Beae|('money', 'than')|2
Rupert Beae|('than', 'sense')|2
Rupert Beae|('sense', '?')|2
Rupert Beae|('nan', 'Do')|2
Rupert Beae|('Do', 'you')|2
Rupert Beae|('you', 'want')|2
Rupert Beae|('want', 'to')|2
Rupert Beae|('to', 'build')|2
Rupert Beae|('build', 'a')|2
Rupert Beae|('a', 'snowman')|2
Rupert Beae|('snowman', '?')|2
Rupert Beae|('nan', 'Celebrate')|2
Rupert Beae|('Celebrate', 'with')|2
Rupert Beae|('with', 'a')|2
Rupert Beae|('a', 'pair')|2
Rupert Beae|('pair', 'of')|2
Rupert Beae|('of', 'diamond')|2
Rupert Beae|('diamond', 'earrings')|2
Rupert Beae|('earrings', '?')|2
Rupert Beae|('nan', 'Naxos')|2
Rupert Beae|('Naxos', 'in')|2
Rupert Beae|('in', 'Greece')|2
Rupert Beae|('Greece', 'or')|2
Rupert Beae|('or', 'Nacka')|2
Rupert Beae|('Nacka', 'in')|2
Rupert Beae|('in', 'Sweden')|2
Rupert Beae|('Sweden', '?')|2
Rupert Beae|('nan', 'Seeing')|2
Rupert Beae|('Seeing', 'the')|2
Rupert Beae|('the', 'sights')|2
Rupert Beae|('sights', 'So')|2
Rupert Beae|('So', 'exotic')|2
Rupert Beae|('exotic', '😍')|2
Rupert Beae|('😍', 'nan')|2
Rupert Beae|('nan', 'Depression')|2
Rupert Beae|('Depression', 'era')|2
Rupert Beae|('era', '.')|2
Rupert Beae|('nan', 'Zoom')|2
Rupert Beae|('Zoom', ',')|2
Rupert Beae|(',', 'zoom')|4
Rupert Beae|('zoom', ',')|2
Rupert Beae|('zoom', '...')|2
Rupert Beae|('...', 'Want')|2
Rupert Beae|('Want', 'this')|2
Rupert Beae|('this', 'one')|2
Rupert Beae|('one', '?')|2
Rupert Beae|('?', 'https')|2
Rupert Beae|('https', ':')|2
Rupert Beae|(':', '//variadesign.se/vikingasmycken/61-halsband-golden-wolf')|2
Rupert Beae|('//variadesign.se/vikingasmycken/61-halsband-golden-wolf', '?')|2
Rupert Beae|('?', 'fbclid=IwAR2Nx8kGgB8gvkmlSAfH1fTklSFRqLxxxagB5miTeTEYts5J9Gog6SDN1zE')|2
Rupert Beae|('fbclid=IwAR2Nx8kGgB8gvkmlSAfH1fTklSFRqLxxxagB5miTeTEYts5J9Gog6SDN1zE', '#')|2
Rupert Beae|('#', '&')|2
Rupert Beae|('&', 'gid=1')|2
Rupert Beae|('gid=1', '&')|2
Rupert Beae|('&', 'pid=1')|2
Rupert Beae|('pid=1', 'On')|2
Rupert Beae|('On', 'ya')|2
Rupert Beae|('ya', 'bike')|2
Rupert Beae|('bike', '!')|2
Rupert Beae|('!', 'nan')|2
Rupert Beae|('nan', 'Also')|2
Rupert Beae|('Also', 'getaway')|2
Rupert Beae|('getaway', 'thingy')|2
Rupert Beae|('thingy', 'in')|2
Rupert Beae|('in', 'the')|3
Rupert Beae|('the', 'city')|2
Rupert Beae|('city', 'nan')|2
Rupert Beae|('Yes', 'who')|2
Rupert Beae|('who', 'hoo')|2
Rupert Beae|('hoo', 'Absolutely')|1
Rupert Beae|('Absolutely', '.')|1
Rupert Beae|('.', 'Rocking')|1
Rupert Beae|('Rocking', 'and')|1
Rupert Beae|('and', 'rolling')|1
Rupert Beae|('rolling', 'in')|1
Rupert Beae|('the', 'sleepy')|1
Rupert Beae|('sleepy', 'Stockholm')|1
Rupert Beae|('Stockholm', 'suburbs')|1
Rupert Beae|('suburbs', 'looking')|1
Rupert Beae|('looking', 'for')|1
Rupert Beae|('for', 'a')|1
Rupert Beae|('a', 'job')|1
Rupert Beae|('job', 'man')|1
Rupert Beae|('man', '.')|1
Rupert Beae|('.', 'What')|1
Rupert Beae|('What', 'you')|1
Rupert Beae|('you', 'got')|1
Rupert Beae|('got', 'for')|1
Rupert Beae|('for', 'me')|2
Rupert Beae|('me', '?')|2
Rupert Beae|('?', '😉')|1
Rupert Beae|('😉', 'nan')|1
Rupert Beae|('nan', '?')|1
Rupert Beae|('nan', 'LMAO')|1
Rupert Beae|('LMAO', 'you')|1
Rupert Beae|('you', 'are')|1
Rupert Beae|('are', 'everywhere')|1
Rupert Beae|('everywhere', '🤣')|1
Rupert Beae|('🤣', 'nan')|1
Rupert Beae|('nan', 'Damn')|1
Rupert Beae|('Damn', 'u')|1
Rupert Beae|('u', 'silly')|1
Rupert Beae|('silly', 'Yep')|1
Rupert Beae|('Yep', 'going')|1
Rupert Beae|('going', 'back')|1
Rupert Beae|('back', 'there')|1
Rupert Beae|('there', 'soon')|1
Rupert Beae|('soon', '.')|1
Rupert Beae|('.', 'Know')|1
Rupert Beae|('Know', 'a')|1
Rupert Beae|('a', 'guy')|1
Rupert Beae|('guy', 'who')|1
Rupert Beae|('who', 'will')|1
Rupert Beae|('will', 'take')|1
Rupert Beae|('take', 'it')|1
Rupert Beae|('it', 'off')|1
Rupert Beae|('off', 'our')|1
Rupert Beae|('our', 'hands')|1
Rupert Beae|('hands', 'after')|1
Rupert Beae|('after', 'the')|1
Rupert Beae|('the', 'job')|1
Rupert Beae|('job', 'is')|1
Rupert Beae|('is', 'done')|1
Rupert Beae|('done', '.')|1
Rupert Beae|('.', 'Make')|1
Rupert Beae|('Make', 'some')|1
Rupert Beae|('some', 'extra')|1
Rupert Beae|('extra', 'cash')|1
Rupert Beae|('cash', 'on')|1
Rupert Beae|('on', 'top')|1
Rupert Beae|('top', 'of')|1
Rupert Beae|('of', 'the')|1
Rupert Beae|('the', 'big')|1
Rupert Beae|('big', 'loot')|1
Rupert Beae|('loot', '.')|1
Rupert Beae|('nan', 'Score')|1
Rupert Beae|('Score', '!')|1
Rupert Beae|('!', 'Worth')|1
Rupert Beae|('Worth', 'a')|1
Rupert Beae|('a', 'lot')|1
Rupert Beae|('lot', 'of')|1
Rupert Beae|('of', 'money')|1
Rupert Beae|('money', '💰')|1
Rupert Beae|('💰', 'for')|1
Rupert Beae|('for', 'sure')|1
Rupert Beae|('sure', 'nan')|1
Rupert Beae|('nan', 'Stash')|1
Rupert Beae|('Stash', 'location')|1
Rupert Beae|('location', 'is')|1
Rupert Beae|('is', 'cool')|1
Rupert Beae|('cool', 'nan')|1
Rupert Beae|('nan', 'Naturally')|1
Rupert Beae|('Naturally', '😁')|1
Rupert Beae|('😁', 'nan')|2
Rupert Beae|('nan', '😁')|1
Rupert Beae|('nan', 'Can')|1
Rupert Beae|('Can', 'you')|1
Rupert Beae|('you', 'meet')|1
Rupert Beae|('meet', 'me')|1
Rupert Beae|('me', 'here')|1
Rupert Beae|('here', 'dude')|1
Rupert Beae|('dude', '?')|1
Rupert Beae|('nan', 'Working')|1
Rupert Beae|('Working', 'nan')|1
Rupert Beae|('hoo', 'Oh')|1
Rupert Beae|('Oh', 'hello')|1
Rupert Beae|('hello', 'world')|1
Rupert Beae|('world', "'s")|1
Rupert Beae|("'s", 'best')|1
Rupert Beae|('best', 'international')|1
Rupert Beae|('international', 'jewel')|1
Rupert Beae|('jewel', 'thief')|1
Rupert Beae|('thief', 'nan')|1
Rupert Beae|('nan', 'It')|1
Rupert Beae|('It', 'was')|1
Rupert Beae|('was', 'thanks')|1
Rupert Beae|('thanks', '.')|1
Rupert Beae|('nan', 'U')|1
Rupert Beae|('?', '5000')|1
Rupert Beae|('5000', 'sek')|1
Rupert Beae|('sek', 'u')|1
Rupert Beae|('u', 'can')|1
Rupert Beae|('can', 'sell')|1
Rupert Beae|('sell', 'for')|1
Telegram|('Telegram', 'surpassed')|2
Telegram|('surpassed', '500')|2
Telegram|('500', 'million')|2
Telegram|('million', 'active')|2
Telegram|('active', 'users')|2
Telegram|('users', '.')|2
Telegram|('.', 'In')|2
Telegram|('In', '2021')|1
Telegram|('2021', ',')|2
Telegram|(',', 'more')|2
Telegram|('more', 'than')|2
Telegram|('than', '150')|1
Telegram|('150', 'million')|1
Telegram|('million', 'new')|2
Telegram|('new', 'users')|2
Telegram|('users', 'from')|2
Telegram|('from', 'around')|2
Telegram|('around', 'the')|2
Telegram|('the', 'world')|2
Telegram|('world', 'joined')|2
Telegram|('joined', 'Telegram')|2
Telegram|('Telegram', '.')|5
Telegram|('.', 'Thank')|2
Telegram|('Thank', 'you')|2
Telegram|('you', '!')|2
Telegram|('!', 'These')|2
Telegram|('These', 'milestones')|2
Telegram|('milestones', 'were')|2
Telegram|('were', 'made')|2
Telegram|('made', 'possible')|2
Telegram|('possible', 'by')|2
Telegram|('by', 'users')|2
Telegram|('users', 'like')|2
Telegram|('like', 'you')|2
Telegram|('you', 'who')|2
Telegram|('who', 'invite')|2
Telegram|('invite', 'their')|2
Telegram|('their', 'friends')|2
Telegram|('friends', 'to')|2
Telegram|('to', 'Telegram')|2
Telegram|('.', 'If')|2
Telegram|('If', 'you')|2
Telegram|('you', 'have')|2
Telegram|('have', 'contacts')|2
Telegram|('contacts', 'that')|2
Telegram|('that', 'joined')|2
Telegram|('joined', 'in')|2
Telegram|('in', 'the')|2
Telegram|('the', 'last')|2
Telegram|('last', 'few')|2
Telegram|('few', 'days')|2
Telegram|('days', ',')|2
Telegram|(',', 'you')|2
Telegram|('you', 'can')|2
Telegram|('can', 'welcome')|2
Telegram|('welcome', 'them')|2
Telegram|('them', 'using')|2
Telegram|('using', 'one')|2
Telegram|('one', 'of')|4
Telegram|('of', 'Telegram')|2
Telegram|('Telegram', '’')|2
Telegram|('’', 's')|2
Telegram|('s', 'unique')|2
Telegram|('unique', 'features')|2
Telegram|('features', ',')|4
Telegram|(',', 'such')|2
Telegram|('such', 'as')|2
Telegram|('as', 'an')|2
Telegram|('an', 'animated')|2
Telegram|('animated', 'sticker')|2
Telegram|('sticker', 'or')|2
Telegram|('or', 'a')|3
Telegram|('a', 'video')|2
Telegram|('video', 'message')|2
Telegram|('message', '.')|2
Telegram|('.', 'To')|2
Telegram|('To', 'find')|2
Telegram|('find', 'out')|2
Telegram|('out', 'more')|2
Telegram|('more', 'about')|2
Telegram|('about', 'Telegram')|2
Telegram|('Telegram', 'features')|2
Telegram|(',', 'have')|2
Telegram|('have', 'a')|2
Telegram|('a', 'look')|2
Telegram|('look', 'at')|2
Telegram|('at', 'https')|2
Telegram|('https', ':')|5
Telegram|(':', '//t.me/TelegramTips/233')|2
Telegram|('//t.me/TelegramTips/233', 'Voice')|1
Telegram|('Voice', 'Chats')|6
Telegram|('Chats', '2.0')|2
Telegram|('2.0', ':')|2
Telegram|(':', 'Channels')|2
Telegram|('Channels', ',')|2
Telegram|(',', 'Millions')|2
Telegram|('Millions', 'of')|4
Telegram|('of', 'Listeners')|2
Telegram|('Listeners', ',')|2
Telegram|(',', 'Recorded')|2
Telegram|('Recorded', 'Chats')|2
Telegram|('Chats', ',')|2
Telegram|(',', 'Admin')|2
Telegram|('Admin', 'Tools')|2
Telegram|('Tools', 'Millions')|2
Telegram|('of', 'Concurrent')|2
Telegram|('Concurrent', 'Listeners')|2
Telegram|('Listeners', '•')|2
Telegram|('•', 'Start')|2
Telegram|('Start', 'limitless')|2
Telegram|('limitless', 'Voice')|2
Telegram|('Chats', 'in')|2
Telegram|('in', 'Groups')|2
Telegram|('Groups', 'and')|3
Telegram|('and', 'Channels')|3
Telegram|('Channels', '.')|2
Telegram|('.', '•')|16
Telegram|('•', 'Host')|2
Telegram|('Host', 'discussions')|2
Telegram|('discussions', 'that')|2
Telegram|('that', 'can')|2
Telegram|('can', 'be')|2
Telegram|('be', 'listened')|2
Telegram|('listened', 'to')|2
Telegram|('to', 'by')|2
Telegram|('by', 'millions')|2
Telegram|('millions', 'of')|2
Telegram|('of', 'people')|2
Telegram|('people', 'simultaneously')|2
Telegram|('simultaneously', '.')|2
Telegram|('.', 'Voice')|2
Telegram|('Voice', 'Chat')|6
Telegram|('Chat', 'Recordings')|2
Telegram|('Recordings', '•')|2
Telegram|('•', 'Record')|2
Telegram|('Record', 'voice')|2
Telegram|('voice', 'chats')|2
Telegram|('chats', 'to')|2
Telegram|('to', 'share')|2
Telegram|('share', 'or')|2
Telegram|('or', 'publish')|2
Telegram|('publish', 'in')|2
Telegram|('in', 'Channels')|2
Telegram|('Channels', 'later')|2
Telegram|('later', '.')|2
Telegram|('•', 'See')|5
Telegram|('See', 'that')|2
Telegram|('that', 'a')|2
Telegram|('a', 'chat')|4
Telegram|('chat', 'is')|2
Telegram|('is', 'being')|2
Telegram|('being', 'recorded')|2
Telegram|('recorded', 'from')|2
Telegram|('from', 'the')|4
Telegram|('the', 'red')|2
Telegram|('red', 'dot')|2
Telegram|('dot', 'next')|2
Telegram|('next', 'to')|2
Telegram|('to', 'its')|2
Telegram|('its', 'title')|2
Telegram|('title', '.')|2
Telegram|('.', 'Improved')|3
Telegram|('Improved', 'List')|2
Telegram|('List', 'of')|2
Telegram|('of', 'Participants')|2
Telegram|('Participants', '•')|2
Telegram|('See', 'user')|2
Telegram|('user', 'bio')|2
Telegram|('bio', 'texts')|2
Telegram|('texts', 'right')|2
Telegram|('right', 'from')|3
Telegram|('the', 'list')|2
Telegram|('list', 'of')|2
Telegram|('of', 'participants')|2
Telegram|('participants', '.')|2
Telegram|('•', 'Raise')|2
Telegram|('Raise', 'your')|2
Telegram|('your', 'hand')|2
Telegram|('hand', 'to')|2
Telegram|('to', 'show')|2
Telegram|('show', 'admins')|2
Telegram|('admins', 'you')|2
Telegram|('you', 'want')|2
Telegram|('want', 'to')|2
Telegram|('to', 'speak')|2
Telegram|('speak', '.')|2
Telegram|('.', 'Tools')|2
Telegram|('Tools', 'for')|2
Telegram|('for', 'Organizers')|2
Telegram|('Organizers', '•')|2
Telegram|('•', 'Create')|3
Telegram|('Create', 'separate')|2
Telegram|('separate', 'Voice')|2
Telegram|('Chat', 'Invite')|2
Telegram|('Invite', 'Links')|5
Telegram|('Links', 'for')|3
Telegram|('for', 'listeners')|2
Telegram|('listeners', 'or')|2
Telegram|('or', 'speakers')|2
Telegram|('speakers', '.')|2
Telegram|('•', 'Change')|2
Telegram|('Change', 'the')|2
Telegram|('the', 'title')|2
Telegram|('title', 'of')|2
Telegram|('of', 'your')|5
Telegram|('your', 'Voice')|2
Telegram|('Chat', 'to')|2
Telegram|('to', 'give')|2
Telegram|('give', 'people')|2
Telegram|('people', 'an')|2
Telegram|('an', 'idea')|2
Telegram|('idea', 'of')|2
Telegram|('of', 'the')|2
Telegram|('the', 'current')|2
Telegram|('current', 'topic')|2
Telegram|('topic', '.')|2
Telegram|('•', 'Join')|2
Telegram|('Join', 'Voice')|2
Telegram|('Chats', 'as')|2
Telegram|('as', 'one')|2
Telegram|('your', 'Channels')|2
Telegram|('Channels', 'to')|2
Telegram|('to', 'hide')|2
Telegram|('hide', 'your')|2
Telegram|('your', 'personal')|2
Telegram|('personal', 'account')|2
Telegram|('account', '.')|2
Telegram|('.', 'Swipe')|2
Telegram|('Swipe', 'Action')|2
Telegram|('Action', 'Settings')|2
Telegram|('Settings', '•')|2
Telegram|('•', 'Choose')|2
Telegram|('Choose', 'which')|2
Telegram|('which', 'action')|2
Telegram|('action', 'is')|2
Telegram|('is', 'performed')|2
Telegram|('performed', 'when')|2
Telegram|('when', 'you')|2
Telegram|('you', 'swipe')|2
Telegram|('swipe', 'left')|2
Telegram|('left', 'on')|2
Telegram|('on', 'a')|2
Telegram|('chat', 'in')|2
Telegram|('in', 'your')|2
Telegram|('your', 'list')|2
Telegram|('list', ':')|2
Telegram|(':', 'Pin')|2
Telegram|('Pin', ',')|2
Telegram|(',', 'Mark')|2
Telegram|('Mark', 'as')|2
Telegram|('as', 'Read')|2
Telegram|('Read', ',')|2
Telegram|(',', 'Archive')|2
Telegram|('Archive', ',')|2
Telegram|(',', 'Mute')|2
Telegram|('Mute', 'or')|2
Telegram|('or', 'Delete')|2
Telegram|('Delete', '.')|2
Telegram|('.', 'More')|3
Telegram|('More', 'about')|3
Telegram|('about', 'this')|3
Telegram|('this', 'update')|3
Telegram|('update', ':')|3
Telegram|(':', 'https')|3
Telegram|(':', '//telegram.org/blog/voice-chats-on-steroids')|2
Telegram|('//telegram.org/blog/voice-chats-on-steroids', 'Telegram')|1
Telegram|('In', 'January')|1
Telegram|('January', '2021')|1
Telegram|('than', '100')|1
Telegram|('100', 'million')|1
Telegram|('//t.me/TelegramTips/233', 'Auto-Delete')|1
Telegram|('Auto-Delete', ',')|1
Telegram|(',', 'Widgets')|1
Telegram|('Widgets', ',')|1
Telegram|(',', 'Expiring')|1
Telegram|('Expiring', 'Invite')|2
Telegram|('Links', 'and')|1
Telegram|('and', 'More')|1
Telegram|('More', 'Auto-Delete')|1
Telegram|('Auto-Delete', 'Messages')|1
Telegram|('Messages', '•')|1
Telegram|('•', 'Set')|1
Telegram|('Set', 'messages')|1
Telegram|('messages', 'to')|1
Telegram|('to', 'auto-delete')|1
Telegram|('auto-delete', 'for')|1
Telegram|('for', 'everyone')|1
Telegram|('everyone', '24')|1
Telegram|('24', 'hours')|1
Telegram|('hours', 'or')|1
Telegram|('or', '7')|1
Telegram|('7', 'days')|1
Telegram|('days', 'after')|1
Telegram|('after', 'sending')|1
Telegram|('sending', '.')|1
Telegram|('•', 'Control')|1
Telegram|('Control', 'auto-delete')|1
Telegram|('auto-delete', 'settings')|1
Telegram|('settings', 'in')|1
Telegram|('in', 'any')|1
Telegram|('any', 'of')|1
Telegram|('your', 'chats')|2
Telegram|('chats', ',')|1
Telegram|(',', 'as')|1
Telegram|('as', 'well')|1
Telegram|('well', 'as')|1
Telegram|('as', 'in')|1
Telegram|('in', 'groups')|1
Telegram|('groups', 'and')|1
Telegram|('and', 'channels')|1
Telegram|('channels', 'where')|1
Telegram|('where', 'you')|1
Telegram|('you', 'are')|1
Telegram|('are', 'an')|1
Telegram|('an', 'admin')|1
Telegram|('admin', '.')|1
Telegram|('•', 'To')|3
Telegram|('To', 'enable')|1
Telegram|('enable', 'auto-delete')|1
Telegram|('auto-delete', ',')|1
Telegram|(',', 'tap')|1
Telegram|('tap', '⋮')|1
Telegram|('⋮', '>')|1
Telegram|('>', 'Clear')|1
Telegram|('Clear', 'History')|1
Telegram|('History', '>')|1
Telegram|('>', 'choose')|1
Telegram|('choose', 'a')|1
Telegram|('a', 'duration')|1
Telegram|('duration', '>')|1
Telegram|('>', 'Enable')|1
Telegram|('Enable', 'Auto-Delete')|1
Telegram|('Auto-Delete', '.')|1
Telegram|('.', 'Expiring')|1
Telegram|('for', 'Groups')|1
Telegram|('Channels', '•')|1
Telegram|('Create', 'invite')|1
Telegram|('invite', 'links')|3
Telegram|('links', 'that')|1
Telegram|('that', 'work')|1
Telegram|('work', 'for')|1
Telegram|('for', 'a')|1
Telegram|('a', 'limited')|2
Telegram|('limited', 'time')|1
Telegram|('time', 'or')|1
Telegram|('limited', 'number')|1
Telegram|('number', 'of')|1
Telegram|('of', 'uses')|1
Telegram|('uses', '.')|1
Telegram|('See', 'which')|1
Telegram|('which', 'users')|1
Telegram|('users', 'joined')|1
Telegram|('joined', 'using')|1
Telegram|('using', 'your')|1
Telegram|('your', ',')|1
Telegram|(',', 'or')|1
Telegram|('or', 'your')|1
Telegram|('your', 'admins')|1
Telegram|('admins', '’')|1
Telegram|('’', ',')|1
Telegram|(',', 'invite')|1
Telegram|('links', '.')|1
Telegram|('•', 'Turn')|1
Telegram|('Turn', 'any')|1
Telegram|('any', 'invite')|1
Telegram|('invite', 'link')|1
Telegram|('link', 'into')|1
Telegram|('into', 'a')|1
Telegram|('a', 'QR')|1
Telegram|('QR', 'code')|1
Telegram|('code', 'users')|1
Telegram|('users', 'can')|1
Telegram|('can', 'scan')|1
Telegram|('scan', 'with')|1
Telegram|('with', 'their')|1
Telegram|('their', 'phone')|1
Telegram|('phone', 'cameras')|1
Telegram|('cameras', '.')|1
Telegram|('To', 'manage')|1
Telegram|('manage', 'invite')|1
Telegram|('links', ',')|1
Telegram|(',', 'open')|1
Telegram|('open', 'your')|1
Telegram|('your', 'Group')|1
Telegram|('Group', 'or')|1
Telegram|('or', 'Channel')|1
Telegram|('Channel', 'Profile')|1
Telegram|('Profile', '>')|1
Telegram|('>', 'tap')|1
Telegram|('tap', 'the')|1
Telegram|('the', 'Pencil')|1
Telegram|('Pencil', 'Button')|1
Telegram|('Button', '>')|1
Telegram|('>', 'Invite')|1
Telegram|('Links', '.')|1
Telegram|('.', 'Home')|1
Telegram|('Home', 'Screen')|1
Telegram|('Screen', 'Widgets')|1
Telegram|('Widgets', '•')|1
Telegram|('•', 'Access')|1
Telegram|('Access', 'your')|1
Telegram|('chats', 'quickly')|1
Telegram|('quickly', 'right')|1
Telegram|('from', 'your')|1
Telegram|('your', 'home')|2
Telegram|('home', 'screen')|2
Telegram|('screen', '.')|1
Telegram|('To', 'add')|1
Telegram|('add', 'a')|1
Telegram|('a', 'widget')|1
Telegram|('widget', ',')|1
Telegram|(',', 'press')|1
Telegram|('press', 'and')|1
Telegram|('and', 'hold')|1
Telegram|('hold', 'the')|1
Telegram|('the', 'wallpaper')|1
Telegram|('wallpaper', 'on')|1
Telegram|('on', 'your')|1
Telegram|('screen', ',')|1
Telegram|(',', 'then')|1
Telegram|('then', 'tap')|1
Telegram|('tap', 'Widgets')|1
Telegram|('Widgets', 'and')|1
Telegram|('and', 'find')|1
Telegram|('find', 'Telegram')|1
Telegram|('.', 'Groups')|1
Telegram|('Groups', 'with')|1
Telegram|('with', 'Unlimited')|1
Telegram|('Unlimited', 'Members')|1
Telegram|('Members', '•')|1
Telegram|('•', 'Convert')|1
Telegram|('Convert', 'groups')|1
Telegram|('groups', 'that')|1
Telegram|('that', 'have')|1
Telegram|('have', 'reached')|1
Telegram|('reached', 'the')|1
Telegram|('the', '200,000')|1
Telegram|('200,000', 'member')|1
Telegram|('member', 'limit')|1
Telegram|('limit', 'into')|1
Telegram|('into', 'unlimited')|1
Telegram|('unlimited', 'Broadcast')|1
Telegram|('Broadcast', 'Groups')|1
Telegram|('Groups', '.')|1
Telegram|('Improved', 'Chat')|1
Telegram|('Chat', 'Import')|1
Telegram|('Import', '•')|1
Telegram|('•', 'Keep')|1
Telegram|('Keep', 'messages')|1
Telegram|('messages', 'sorted')|1
Telegram|('sorted', 'by')|1
Telegram|('by', 'their')|1
Telegram|('their', 'original')|1
Telegram|('original', 'sending')|1
Telegram|('sending', 'date')|1
Telegram|('date', 'when')|1
Telegram|('when', 'moving')|1
Telegram|('moving', 'chat')|1
Telegram|('chat', 'history')|1
Telegram|('history', 'from')|1
Telegram|('from', 'other')|1
Telegram|('other', 'apps')|1
Telegram|('apps', '.')|1
Telegram|('.', 'Works')|1
Telegram|('Works', 'if')|1
Telegram|('if', 'the')|1
Telegram|('the', 'target')|1
Telegram|('target', 'chat')|1
Telegram|('chat', 'on')|1
Telegram|('on', 'Telegram')|1
Telegram|('Telegram', 'is')|1
Telegram|('is', 'new')|1
Telegram|('new', 'or')|1
Telegram|('or', 'has')|1
Telegram|('has', 'fewer')|1
Telegram|('fewer', 'than')|1
Telegram|('than', '1000')|1
Telegram|('1000', 'messages')|1
Telegram|('messages', '.')|1
Telegram|(':', '//telegram.org/blog/autodelete-inv2')|1
Telegram|('//telegram.org/blog/autodelete-inv2', 'Voice')|1
Twi Grey|('Hey', 'nan')|1
Twi Grey|('nan', 'Yum')|1
Twi Grey|('Yum', 'Good')|1
Twi Grey|('Good', 'Yes')|1
Twi Grey|('Yes', 'that')|1
Twi Grey|('that', 'looks')|1
Twi Grey|('looks', 'like')|1
Twi Grey|('like', 'it')|1
Twi Grey|('it', 'could')|1
Twi Grey|('could', 'get')|1
Twi Grey|('get', 'ours')|1
Twi Grey|('ours', 'some')|1
Twi Grey|('some', 'money')|1
Twi Grey|('money', 'I')|1
Twi Grey|('I', "'ll")|1
Twi Grey|("'ll", 'try')|1
Twi Grey|('try', 'The')|1
Twi Grey|('The', 'tunnel')|1
Twi Grey|('tunnel', '...')|1
Twi Grey|('...', 'Party')|1
Twi Grey|('Party', 'Ooh')|1
Twi Grey|('Ooh', 'Easter')|1
Twi Grey|('Easter', 'soon😍')|1
Twi Grey|('soon😍', 'mucho')|1
Twi Grey|('mucho', 'sweets')|1
Twi Grey|('sweets', 'then')|1
Twi Grey|('then', 'That')|1
Twi Grey|('That', "'s")|1
Twi Grey|("'s", 'my')|1
Twi Grey|('my', 'jam🤗')|1
Twi Grey|('jam🤗', 'I')|1
Twi Grey|('I', 'ca')|1
Twi Grey|('ca', "n't")|1
Twi Grey|("n't", 'see')|1
Twi Grey|('see', 'what')|1
Twi Grey|('what', 'you')|1
Twi Grey|('you', "'ve")|1
Twi Grey|("'ve", 'sent')|1
Twilight G|('Yes', 'boss')|1
Twilight G|('boss', '.')|1
Twilight G|('.', 'Here')|1
Twilight G|('Here', 'and')|1
Twilight G|('and', 'ready')|1
Twilight G|('ready', 'to')|1
Twilight G|('to', 'go')|1
Twilight G|('go', '.')|1
Twilight G|('.', 'Where')|1
Twilight G|('Where', 'we')|1
Twilight G|('we', 'going')|1
Twilight G|('going', '?')|1
Twilight G|('?', 'Very')|1
Twilight G|('Very', 'busy')|1
Twilight G|('busy', ',')|1
Twilight G|(',', 'sorry')|1
Twilight G|('sorry', 'boss🥺')|1
Twilight G|('boss🥺', 'Absolutely')|1
Twilight G|('Absolutely', '🤑')|1
Twilight G|('🤑', 'What')|1
Twilight G|('What', 'can')|1
Twilight G|('can', 'I')|1
Twilight G|('I', 'say')|1
Twilight G|('say', ',')|1
Twilight G|(',', 'I')|1
Twilight G|('I', "'m")|1
Twilight G|("'m", 'the')|1
Twilight G|('the', 'coolest')|1
Twilight G|('coolest', 'in')|1
Twilight G|('in', 'the')|2
Twilight G|('the', 'gang😈')|1
Twilight G|('gang😈', '😎')|1
Twilight G|('😎', 'Wow')|1
Twilight G|('Wow', 'you')|1
Twilight G|('you', 'have')|1
Twilight G|('have', 'the')|1
Twilight G|('the', 'best')|1
Twilight G|('best', '📷')|1
Twilight G|('📷', 'nan')|1
Twilight G|('nan', 'Scary😬')|1
Twilight G|('Scary😬', 'nan')|1
Twilight G|('nan', 'nan')|1
Twilight G|('nan', 'Oh')|1
Twilight G|('Oh', 'no')|1
Twilight G|('no', 'Yes')|1
Twilight G|('Yes', 'you')|1
Twilight G|('you', 'are😅')|1
Twilight G|('are😅', 'Could')|1
Twilight G|('Could', 'be')|1
Twilight G|('be', 'Where')|1
Twilight G|('Where', 'you')|1
Twilight G|('you', 'belong😝')|1
Twilight G|('belong😝', 'Of')|1
Twilight G|('Of', 'course')|1
Twilight G|('course', 'you')|1
Twilight G|('you', 'miss')|1
Twilight G|('miss', 'me🤗')|1
Twilight G|('me🤗', 'Just')|1
Twilight G|('Just', 'been')|1
Twilight G|('been', 'out')|1
Twilight G|('out', 'and')|1
Twilight G|('and', 'might')|1
Twilight G|('might', 'have')|1
Twilight G|('have', 'done')|1
Twilight G|('done', 'a')|1
Twilight G|('a', 'bit')|1
Twilight G|('bit', 'of')|1
Twilight G|('of', 'stealing🙊')|1
Twilight G|('stealing🙊', 'Sometimes😝')|1
Twilight G|('Sometimes😝', 'I')|1
Twilight G|('I', 'like')|1
Twilight G|('like', 'to')|1
Twilight G|('to', 'work')|1
Twilight G|('work', 'in')|1
Twilight G|('the', 'unknown')|1
Twilight G|('unknown', 'nan')|1
Twilight G|('nan', 'Ha')|1
Twilight G|('Ha', 'ha')|1
Twilight G|('ha', 'Snow😕')|1
Twilight G|('Snow😕', 'Yes')|1
Twilight G|('Yes', 'I')|1
Twilight G|('I', 'have')|1
Twilight G|('have', 'eyes')|1
Twilight G|('eyes', 'I')|1
Twilight G|('I', 'can')|1
Twilight G|('can', 'see')|1
Twilight G|('see', 'that')|1
Twilight G|('that', '😝')|1
Twilight G|('😝', 'Just')|1
Twilight G|('Just', 'why')|1
Twilight G|('why', '?')|1
Twilight G|('?', 'You')|1
Twilight G|('You', 'are')|1
Twilight G|('are', 'a')|1
Twilight G|('a', 'such')|1
Twilight G|('such', 'a')|1
Twilight G|('a', 'comedian')|1
Twilight G|('comedian', 'Nice')|1
Twilight G|('Nice', 'What')|1
Twilight G|('What', 'are')|1
Twilight G|('are', 'you')|1
Twilight G|('you', 'trying')|1
Twilight G|('trying', 'to')|1
Twilight G|('to', 'say')|1
Twilight G|('say', '?')|1
Twilight G|('?', 'Doll')|1
Twilight G|('Doll', ',')|1
Twilight G|(',', 'weals')|1
Twilight G|('weals', 'and')|1
Twilight G|('and', 'stop')|1
Twilight G|('stop', '?')|1
Twilight G|('?', 'Haha')|1
Twilight G|('Haha', 'wow')|1
Twilight G|('wow', 'so')|1
Twilight G|('so', 'there')|1
Twilight G|('there', 'was')|1
Twilight G|('was', 'a')|1
Twilight G|('a', 'story')|1
Twilight G|('story', 'behind')|1
Twilight G|('behind', 'it👏👏')|1
Twilight G|('it👏👏', 'Namaste')|1
Twilight G|('Namaste', 'Thank')|1
Twilight G|('Thank', 'you')|1
Twilight G|('you', 'Oh')|1
Twilight G|('Oh', 'thank')|1
Twilight G|('thank', 'you')|1
Twilight G|('you', 'for')|1
Twilight G|('for', 'saying')|1
Twilight G|('saying', 'thank')|1
Twilight G|('thank', 'you😉')|1
Twilight G|('you😉', 'Drugs')|1
Twilight G|('Drugs', '?')|1
Twilight G|('?', 'Great')|1
Twilight G|('Great', 'nan')|1
Twilight G|('nan', 'Yeah')|1
Twilight G|('Yeah', 'I')|1
Twilight G|('I', 'saw')|1
Twilight G|('saw', 'it')|1
Twilight G|('it', 'But')|1
Twilight G|('But', 'even')|1
Twilight G|('even', 'better')|1
Twilight G|('better', ',')|1
Twilight G|(',', 'can')|1
Twilight G|('can', 'you')|1
Twilight G|('you', 'hear')|1
Twilight G|('hear', 'all')|1
Twilight G|('all', 'the')|1
Twilight G|('the', 'birds')|1
Twilight G|('birds', '?')|1
Twilight G|('?', 'Here')|1
Twilight G|('Here', 'I')|1
Twilight G|('I', 'we')|1
Twilight G|('we', 'can')|1
Twilight G|('can', 'find')|1
Twilight G|('find', 'money')|1
Twilight G|('money', 'nan')|1
Twilight G|('nan', 'You😂')|1
Twilight G|('You😂', 'Have')|1
Twilight G|('Have', 'you')|1
Twilight G|('you', 'done')|1
Twilight G|('done', 'anything')|1
Twilight G|('anything', 'to')|1
Twilight G|('to', 'make')|1
Twilight G|('make', 'Goose')|1
Twilight G|('Goose', 'upset')|1
Twilight G|('upset', '?')|1
Twilight G|('?', 'Oh')|1
Twilight G|('Oh', 'ok')|1
Twilight G|('ok', 'hope')|1
Twilight G|('hope', 'you')|1
Twilight G|('you', 'solve')|1
Twilight G|('solve', 'the')|1
Twilight G|('the', 'problems')|1
Twilight Grey|('nan', 'Oh')|6
Twilight Grey|('Oh', 'yes🤩')|2
Twilight Grey|('yes🤩', 'You')|2
Twilight Grey|('You', 'are')|2
Twilight Grey|('are', 'such')|2
Twilight Grey|('such', 'a')|2
Twilight Grey|('a', 'diva😝')|2
Twilight Grey|('diva😝', 'Just')|2
Twilight Grey|('Just', 'awesome')|2
Twilight Grey|('awesome', 'Never😝')|2
Twilight Grey|('Never😝', 'nan')|2
Twilight Grey|('nan', 'nan')|4
Twilight Grey|('nan', 'I')|2
Twilight Grey|('I', 'think')|2
Twilight Grey|('think', 'he')|2
Twilight Grey|('he', 'has')|2
Twilight Grey|('has', 'it😝')|2
Twilight Grey|('it😝', 'Look')|2
Twilight Grey|('Look', 'what')|2
Twilight Grey|('what', 'a')|2
Twilight Grey|('a', 'beautiful')|2
Twilight Grey|('beautiful', 'drawing')|2
Twilight Grey|('drawing', 'I')|2
Twilight Grey|('I', 'found😂')|2
Twilight Grey|('found😂', 'Ooh')|2
Twilight Grey|('Ooh', 'good')|2
Twilight Grey|('good', 'shit👌')|2
Twilight Grey|('shit👌', 'Oh')|2
Twilight Grey|('Oh', 'looked')|2
Twilight Grey|('looked', 'great👌')|2
Twilight Grey|('great👌', 'nan')|2
Twilight Grey|('Oh', 'yes')|2
Twilight Grey|('yes', 'Maybe')|2
Twilight Grey|('Maybe', 'soon')|2
Twilight Grey|('soon', 'At')|2
Twilight Grey|('At', 'a')|2
Twilight Grey|('a', 'nice')|2
Twilight Grey|('nice', 'restaurant')|2
Twilight Grey|('restaurant', 'since')|2
Twilight Grey|('since', 'I')|2
Twilight Grey|('I', "'ve")|4
Twilight Grey|("'ve", 'got')|4
Twilight Grey|('got', 'some')|4
Twilight Grey|('some', 'money')|4
Twilight Grey|('money', 'now👌')|2
Twilight Grey|('now👌', 'You')|2
Twilight Grey|('You', 'wish😝')|2
Twilight Grey|('wish😝', 'Pizza')|2
Twilight Grey|('Pizza', 'a')|2
Twilight Grey|('a', 'la')|2
Twilight Grey|('la', 'Twilight')|2
Twilight Grey|('Twilight', 'sister')|2
Twilight Grey|('sister', 'Sadly')|2
Twilight Grey|('Sadly', 'I')|2
Twilight Grey|('I', 'did')|2
Twilight Grey|('did', 'not')|2
Twilight Grey|('not', 'pay')|2
Twilight Grey|('pay', 'in')|2
Twilight Grey|('in', 'bitcoin')|2
Twilight Grey|('bitcoin', '.')|2
Twilight Grey|('.', 'I')|4
Twilight Grey|('I', "'m")|8
Twilight Grey|("'m", 'not')|2
Twilight Grey|('not', 'as')|2
Twilight Grey|('as', 'cool')|2
Twilight Grey|('cool', 'as')|2
Twilight Grey|('as', 'you😉😎')|2
Twilight Grey|('you😉😎', 'nan')|2
Twilight Grey|('nan', 'Some')|2
Twilight Grey|('Some', 'nice')|2
Twilight Grey|('nice', 'sun')|2
Twilight Grey|('sun', 'for')|2
Twilight Grey|('for', 'my')|2
Twilight Grey|('my', 'coolness😎')|2
Twilight Grey|('coolness😎', 'Yeah')|2
Twilight Grey|('Yeah', 'we')|2
Twilight Grey|('we', 'must')|2
Twilight Grey|('must', 'have')|2
Twilight Grey|('have', 'just')|2
Twilight Grey|('just', 'missed')|2
Twilight Grey|('missed', 'each')|2
Twilight Grey|('each', 'other😅')|2
Twilight Grey|('other😅', 'Oh')|2
Twilight Grey|('Oh', 'he')|2
Twilight Grey|('he', "'s")|2
Twilight Grey|("'s", 'a')|4
Twilight Grey|('a', 'shadowhunter')|2
Twilight Grey|('shadowhunter', 'now👌')|2
Twilight Grey|('now👌', 'Yes')|2
Twilight Grey|('Yes', 'you')|2
Twilight Grey|('you', 'are😎')|2
Twilight Grey|('are😎', 'That')|2
Twilight Grey|('That', "'s")|2
Twilight Grey|("'s", 'the')|2
Twilight Grey|('the', 'perfect')|2
Twilight Grey|('perfect', 'dance')|2
Twilight Grey|('dance', 'for')|2
Twilight Grey|('for', 'when')|2
Twilight Grey|('when', 'I')|2
Twilight Grey|('I', 'can')|2
Twilight Grey|('can', 'go')|2
Twilight Grey|('go', 'out')|2
Twilight Grey|('out', 'and')|2
Twilight Grey|('and', 'party')|2
Twilight Grey|('party', 'again')|2
Twilight Grey|('again', 'after')|2
Twilight Grey|('after', 'corona')|2
Twilight Grey|('corona', 'Oh')|2
Twilight Grey|('Oh', 'yeeees')|2
Twilight Grey|('yeeees', 'nan')|2
Twilight Grey|('nan', 'Wow')|2
Twilight Grey|('Wow', 'that')|3
Twilight Grey|('that', "'s")|3
Twilight Grey|("'s", 'awesome')|2
Twilight Grey|('awesome', 'nan')|2
Twilight Grey|('nan', 'Nice')|2
Twilight Grey|('Nice', 'nan')|2
Twilight Grey|('nan', 'Horses🐎')|2
Twilight Grey|('Horses🐎', 'Great')|2
Twilight Grey|('Great', 'job')|2
Twilight Grey|('job', 'you')|2
Twilight Grey|('you', 'guys')|2
Twilight Grey|('guys', 'Give')|2
Twilight Grey|('Give', 'me')|2
Twilight Grey|('me', 'the')|2
Twilight Grey|('the', 'rings😍😍')|2
Twilight Grey|('rings😍😍', 'Haha')|2
Twilight Grey|('Haha', 'okej')|2
Twilight Grey|('okej', ',')|2
Twilight Grey|(',', 'guess')|2
Twilight Grey|('guess', 'I')|2
Twilight Grey|('I', "'ll")|6
Twilight Grey|("'ll", 'have')|4
Twilight Grey|('have', 'to')|2
Twilight Grey|('to', 'wait')|2
Twilight Grey|('wait', 'till')|2
Twilight Grey|('till', 'I')|2
Twilight Grey|('I', 'got')|2
Twilight Grey|('got', 'the')|2
Twilight Grey|('the', 'money')|2
Twilight Grey|('money', 'This')|2
Twilight Grey|('This', 'house')|2
Twilight Grey|('house', 'is')|2
Twilight Grey|('is', 'quite')|2
Twilight Grey|('quite', 'isolated')|2
Twilight Grey|('isolated', 'and')|2
Twilight Grey|('and', 'surrounded')|2
Twilight Grey|('surrounded', 'by')|2
Twilight Grey|('by', 'trees')|2
Twilight Grey|('trees', ',')|2
Twilight Grey|(',', 'so')|4
Twilight Grey|('so', 'maybe')|2
Twilight Grey|('maybe', 'it')|2
Twilight Grey|('it', "'s")|2
Twilight Grey|('a', 'good')|4
Twilight Grey|('good', 'house')|2
Twilight Grey|('house', 'to')|2
Twilight Grey|('to', 'brake')|2
Twilight Grey|('brake', 'in')|2
Twilight Grey|('in', 'to')|2
Twilight Grey|('to', '.')|2
Twilight Grey|('.', 'It')|2
Twilight Grey|('It', 'even')|2
Twilight Grey|('even', 'has')|2
Twilight Grey|('has', 'a')|2
Twilight Grey|('a', 'door')|2
Twilight Grey|('door', 'on')|2
Twilight Grey|('on', 'the')|4
Twilight Grey|('the', 'back')|2
Twilight Grey|('back', '.')|2
Twilight Grey|('.', 'Should')|2
Twilight Grey|('Should', 'I')|2
Twilight Grey|('I', 'give')|2
Twilight Grey|('give', 'it')|2
Twilight Grey|('it', 'a')|2
Twilight Grey|('a', 'try')|2
Twilight Grey|('try', '?')|2
Twilight Grey|('?', 'Found')|2
Twilight Grey|('Found', 'nothing')|2
Twilight Grey|('nothing', 'today')|2
Twilight Grey|('today', 'sadly')|2
Twilight Grey|('sadly', '.')|2
Twilight Grey|('.', 'Maybe')|2
Twilight Grey|('Maybe', 'I')|2
Twilight Grey|('have', 'better')|2
Twilight Grey|('better', 'luck')|2
Twilight Grey|('luck', 'tomorrow')|2
Twilight Grey|('tomorrow', 'Yes')|2
Twilight Grey|('Yes', 'Maverick')|2
Twilight Grey|('Maverick', 'Ha')|2
Twilight Grey|('Ha', 'ha')|2
Twilight Grey|('ha', ',')|2
Twilight Grey|('so', 'funny')|2
Twilight Grey|('funny', '...')|2
Twilight Grey|('...', '🤨')|2
Twilight Grey|('🤨', 'No')|2
Twilight Grey|('No', 'sorry')|2
Twilight Grey|('sorry', ',')|2
Twilight Grey|(',', 'ca')|2
Twilight Grey|('ca', "n't")|2
Twilight Grey|("n't", 'think')|3
Twilight Grey|('think', 'oh')|2
Twilight Grey|('oh', 'anyone')|2
Twilight Grey|('anyone', 'I')|2
Twilight Grey|('got', 'two')|2
Twilight Grey|('two', 'so')|2
Twilight Grey|('so', 'could')|2
Twilight Grey|('could', 'be')|2
Twilight Grey|('be', 'a')|2
Twilight Grey|('good', 'amount')|2
Twilight Grey|('amount', 'of')|2
Twilight Grey|('of', 'money')|2
Twilight Grey|('money', '24K')|2
Twilight Grey|('24K', 'do')|2
Twilight Grey|('do', 'you')|2
Twilight Grey|('you', 'know')|2
Twilight Grey|('know', 'anyone')|2
Twilight Grey|('anyone', 'who')|2
Twilight Grey|('who', 'might')|2
Twilight Grey|('might', 'buy')|2
Twilight Grey|('buy', 'it')|2
Twilight Grey|('it', '?')|2
Twilight Grey|('?', 'Thank')|2
Twilight Grey|('Thank', 'you')|2
Twilight Grey|('you', 'Your')|2
Twilight Grey|('Your', 'chance')|2
Twilight Grey|('chance', 'will')|2
Twilight Grey|('will', 'come')|2
Twilight Grey|('come', '🤨')|2
Twilight Grey|('🤨', 'Yeeeeesssss')|2
Twilight Grey|('Yeeeeesssss', 'Love')|2
Twilight Grey|('Love', 'that')|2
Twilight Grey|('that', 'idea')|2
Twilight Grey|('idea', 'Okey')|2
Twilight Grey|('Okey', 'good')|2
Twilight Grey|('good', 'for')|2
Twilight Grey|('for', 'you')|2
Twilight Grey|('you', 'Wow')|2
Twilight Grey|('Wow', 'super')|2
Twilight Grey|('super', 'cool')|2
Twilight Grey|('cool', 'that')|2
Twilight Grey|('that', 'you')|2
Twilight Grey|('you', 'got')|2
Twilight Grey|('got', 'in')|2
Twilight Grey|('in', 'Wow')|2
Twilight Grey|('Wow', 'Gold')|2
Twilight Grey|('Gold', 'Finger')|4
Twilight Grey|('Finger', 'got')|2
Twilight Grey|('some', 'moves')|2
Twilight Grey|('moves', 'up')|2
Twilight Grey|('up', 'her')|2
Twilight Grey|('her', 'sleeve')|2
Twilight Grey|('sleeve', '😎👏')|2
Twilight Grey|('😎👏', 'It')|2
Twilight Grey|('It', "'s")|2
Twilight Grey|("'s", 'so')|2
Twilight Grey|('so', 'grey')|2
Twilight Grey|('grey', 'today')|2
Twilight Grey|('today', 'Me')|2
Twilight Grey|('Me', 'tooo')|2
Twilight Grey|('tooo', 'Jerry')|2
Twilight Grey|('Jerry', 'is')|2
Twilight Grey|('is', 'in')|2
Twilight Grey|('in', 'my')|2
Twilight Grey|('my', 'room😂')|2
Twilight Grey|('room😂', 'Oh')|2
Twilight Grey|('Oh', 'gosh')|2
Twilight Grey|('gosh', 'Loosing')|2
Twilight Grey|('Loosing', 'money🥺')|2
Twilight Grey|('money🥺', 'You')|2
Twilight Grey|('You', 'guys')|2
Twilight Grey|('guys', 'are')|2
Twilight Grey|('are', 'doing')|2
Twilight Grey|('doing', 'good')|2
Twilight Grey|('good', 'Very')|2
Twilight Grey|('Very', 'true')|2
Twilight Grey|('true', 'But')|2
Twilight Grey|('But', 'every')|2
Twilight Grey|('every', 'job')|2
Twilight Grey|('job', 'can')|2
Twilight Grey|('can', 'be')|4
Twilight Grey|('be', 'Very')|2
Twilight Grey|('Very', 'good')|4
Twilight Grey|('good', 'Me')|2
Twilight Grey|('Me', 'me')|2
Twilight Grey|('me', 'me')|2
Twilight Grey|('me', 'You')|2
Twilight Grey|('You', 'are😝')|2
Twilight Grey|('are😝', 'Now')|2
Twilight Grey|('Now', 'I')|2
Twilight Grey|("'m", 'scared')|2
Twilight Grey|('scared', 'I')|2
Twilight Grey|('I', 'know')|2
Twilight Grey|('know', 'it')|2
Twilight Grey|('it', 'can')|2
Twilight Grey|('be', 'scary')|2
Twilight Grey|('scary', 'Oh')|2
Twilight Grey|('Oh', 'nice')|2
Twilight Grey|('nice', 'things👌')|2
Twilight Grey|('things👌', 'I')|2
Twilight Grey|("'m", 'on')|4
Twilight Grey|('the', 'train')|2
Twilight Grey|('train', 'Wow')|2
Twilight Grey|('Wow', 'nice')|2
Twilight Grey|('nice', 'work')|2
Twilight Grey|('work', 'Haha')|2
Twilight Grey|('Haha', 'yes')|2
Twilight Grey|('yes', 'Gold')|2
Twilight Grey|('Finger', '😂')|2
Twilight Grey|('😂', 'Worth')|2
Twilight Grey|('Worth', 'a')|2
Twilight Grey|('a', 'try👌')|2
Twilight Grey|('try👌', 'Sounds')|2
Twilight Grey|('Sounds', 'like')|2
Twilight Grey|('like', 'a')|2
Twilight Grey|('a', 'plan')|2
Twilight Grey|('plan', 'Good')|2
Twilight Grey|('Good', 'job')|2
Twilight Grey|('job', 'Very')|2
Twilight Grey|('good', 'But')|2
Twilight Grey|('But', 'you')|2
Twilight Grey|('you', 'did')|2
Twilight Grey|('did', "n't")|2
Twilight Grey|("n't", 'get')|2
Twilight Grey|('get', 'to')|2
Twilight Grey|('to', 'enjoy')|2
Twilight Grey|('enjoy', 'this')|2
Twilight Grey|('this', 'beautiful')|2
Twilight Grey|('beautiful', 'day')|2
Twilight Grey|('day', 'in')|2
Twilight Grey|('in', 'the')|2
Twilight Grey|('the', 'sun')|2
Twilight Grey|('sun', ',')|2
Twilight Grey|(',', 'by')|2
Twilight Grey|('by', 'the')|2
Twilight Grey|('the', 'water')|2
Twilight Grey|('water', 'Wop')|2
Twilight Grey|('Wop', 'wop🙌🙌')|2
Twilight Grey|('wop🙌🙌', '💰💰')|2
Twilight Grey|('💰💰', 'Wohooo')|2
Twilight Grey|('Wohooo', 'Ice')|1
Twilight Grey|('Ice', 'cream')|2
Twilight Grey|('cream', '😍')|2
Twilight Grey|('😍', 'nan')|1
Twilight Grey|('nan', 'Haha')|1
Twilight Grey|('Haha', 'nan')|2
Twilight Grey|('Oh', 'no')|3
Twilight Grey|('no', 'run')|2
Twilight Grey|('run', 'But')|2
Twilight Grey|('But', 'today')|2
Twilight Grey|('today', 'is')|2
Twilight Grey|('is', 'a')|2
Twilight Grey|('a', 'new')|2
Twilight Grey|('new', 'day')|2
Twilight Grey|('day', 'with')|2
Twilight Grey|('with', 'better')|2
Twilight Grey|('better', 'weather')|2
Twilight Grey|('weather', '.')|2
Twilight Grey|("'ll", 'go')|2
Twilight Grey|('go', 'to')|2
Twilight Grey|('to', 'the')|2
Twilight Grey|('the', 'café')|2
Twilight Grey|('café', 'and')|2
Twilight Grey|('and', 'make')|2
Twilight Grey|('make', 'some')|2
Twilight Grey|('some', 'good')|2
Twilight Grey|('good', 'deals')|2
Twilight Grey|('deals', 'Okey')|2
Twilight Grey|('Okey', 'Btw')|2
Twilight Grey|('Btw', 'I')|2
Twilight Grey|('on', 'my')|2
Twilight Grey|('my', 'way')|2
Twilight Grey|('way', ',')|2
Twilight Grey|(',', 'and')|2
Twilight Grey|('and', 'I')|2
Twilight Grey|('I', 'have')|2
Twilight Grey|('have', 'some')|2
Twilight Grey|('money', 'for')|2
Twilight Grey|('for', 'us')|2
Twilight Grey|('us', 'all😎')|2
Twilight Grey|('all😎', 'I')|2
Twilight Grey|('I', 'want')|2
Twilight Grey|('want', 'that')|2
Twilight Grey|('that', 'car')|2
Twilight Grey|('car', 'thank')|2
Twilight Grey|('thank', 'you😍😍')|2
Twilight Grey|('you😍😍', 'nan')|2
Twilight Grey|('nan', 'U')|1
Twilight Grey|('U', 'Der')|1
Twilight Grey|('Der', '?')|1
Twilight Grey|('?', 'What')|1
Twilight Grey|('What', "'s")|1
Twilight Grey|("'s", 'up')|1
Twilight Grey|('up', '?')|1
Twilight Grey|('?', 'nan')|2
Twilight Grey|('nan', 'Hihi')|1
Twilight Grey|('Hihi', 'I')|1
Twilight Grey|('I', 'thought')|1
Twilight Grey|('thought', 'so')|1
Twilight Grey|('so', 'Yes')|1
Twilight Grey|('Yes', 'that')|1
Twilight Grey|('that', 'looks')|1
Twilight Grey|('looks', 'nice')|1
Twilight Grey|('nice', 'Yeah')|1
Twilight Grey|('Yeah', 'a')|1
Twilight Grey|('a', 'little')|1
Twilight Grey|('little', ',')|1
Twilight Grey|(',', 'but')|1
Twilight Grey|('but', 'could')|1
Twilight Grey|('could', 'always')|1
Twilight Grey|('always', 'use')|1
Twilight Grey|('use', 'some')|1
Twilight Grey|('some', 'more')|1
Twilight Grey|('more', 'Great')|1
Twilight Grey|('Great', 'Oh')|1
Twilight Grey|('no', ',')|1
Twilight Grey|(',', 'no')|1
Twilight Grey|('no', 'goodie')|1
Twilight Grey|('goodie', 'Today')|1
Twilight Grey|('Today', 'also')|1
Twilight Grey|('also', 'my')|1
Twilight Grey|('my', 'day')|1
Twilight Grey|('day', 'since')|1
Twilight Grey|('since', 'it')|1
Twilight Grey|('it', 'is')|1
Twilight Grey|('is', 'grey😂')|1
Twilight Grey|('grey😂', '?')|1
Twilight Grey|('?', '?')|1
Twilight Grey|('Wohooo', 'nan')|1
Twilight Grey|('nan', 'Ice')|1
Twilight Grey|('😍', 'Haha')|1
Twilight Grey|('nan', '🤪')|1
Twilight Grey|('🤪', 'Looking')|1
Twilight Grey|('Looking', 'good👌')|1
Twilight Grey|('good👌', 'Not')|1
Twilight Grey|('Not', 'much')|1
Twilight Grey|('much', ',')|1
Twilight Grey|(',', 'you')|1
Twilight Grey|('you', '?')|1
Twilight Grey|('?', 'This')|1
Twilight Grey|('This', 'is')|1
Twilight Grey|('is', 'where')|1
Twilight Grey|('where', 'the')|1
Twilight Grey|('the', 'buy')|1
Twilight Grey|('buy', 'bitcoin')|1
Twilight Grey|('bitcoin', 'car')|1
Twilight Grey|('car', 'was😉')|1
Twilight Grey|('was😉', 'My')|1
Twilight Grey|('My', 'thoughts')|1
Twilight Grey|('thoughts', 'exactly')|1
Twilight Grey|('exactly', '😅')|1
Twilight Grey|('😅', 'Oh')|1
Twilight Grey|('Oh', 'I')|2
Twilight Grey|('I', 'like')|3
Twilight Grey|('like', 'Oh')|1
Twilight Grey|('Oh', 'nononono')|1
Twilight Grey|('nononono', 'Wow')|1
Twilight Grey|("'s", 'cool')|1
Twilight Grey|('cool', '😅')|1
Twilight Grey|('😅', 'No')|1
Twilight Grey|('No', 'I')|1
Twilight Grey|('I', 'do')|2
Twilight Grey|('do', "n't")|2
Twilight Grey|('think', 'so')|1
Twilight Grey|('so', 'I')|1
Twilight Grey|('I', 'will')|1
Twilight Grey|('will', 'Oh')|1
Twilight Grey|('like', 'it')|1
Twilight Grey|('it', 'Wohoo')|1
Twilight Grey|('Wohoo', 'nan')|1
Twilight Grey|('nan', 'Nooooooo')|1
Twilight Grey|('Nooooooo', 'No')|1
Twilight Grey|('No', 'all')|1
Twilight Grey|('all', 'mine')|1
Twilight Grey|('mine', 'Hello')|1
Twilight Grey|('Hello', 'to')|1
Twilight Grey|('to', 'you')|1
Twilight Grey|('you', 'to')|1
Twilight Grey|('to', 'Wood')|1
Twilight Grey|('Wood', 'wood')|1
Twilight Grey|('wood', 'wood')|2
Twilight Grey|('wood', 'Yeah')|1
Twilight Grey|('Yeah', 'I')|1
Twilight Grey|("n't", 'know')|1
Twilight Grey|('know', 'A')|1
Twilight Grey|('A', 'wonky')|1
Twilight Grey|('wonky', 'tonky')|1
Twilight Grey|('tonky', 'smelly')|1
Twilight Grey|('smelly', 'donkey')|1
Twilight Grey|('donkey', 'Yes')|1
Twilight Grey|('Yes', 'I')|1
Twilight Grey|('like', 'my')|1
Twilight Grey|('my', 'answer')|1
Twilight Grey|('answer', 'better😂')|1
Twilight Grey|('better😂', 'Haha')|1
Twilight Grey|('Haha', 'you')|1
Twilight Grey|('you', 'wish😝')|1
Twilight Grey|('wish😝', 'You')|1
Twilight Grey|('You', 'mad😅')|1
Twilight Grey|('mad😅', '👍')|1
Twilight Grey|('👍', 'Oh')|1
Twilight Grey|('Oh', 'lovely')|1
Twilight Grey|('lovely', 'Lots')|1
Twilight Grey|('Lots', 'of')|1
Twilight Grey|('of', 'stones')|1
Twilight Grey|('stones', '💁')|1
Twilight Grey|('💁', '😂')|1
Twilight Grey|('😂', 'Nice')|1
Twilight Grey|('Nice', 'new')|1
Twilight Grey|('new', 'wheels')|1
Twilight Grey|('wheels', 'Sorry')|1
Twilight Grey|('Sorry', 'for')|1
Twilight Grey|('for', 'the')|1
Twilight Grey|('the', 'late')|1
Twilight Grey|('late', 'answer')|1
Twilight Grey|('answer', 'but')|1
Twilight Grey|('but', 'you')|1
Twilight Grey|('you', 'already')|1
Twilight Grey|('already', 'know')|1
Twilight Grey|('know', '😂😂')|1
TwilightGrey|('😇', 'Oh')|1
TwilightGrey|('Oh', 'thank')|1
TwilightGrey|('thank', 'you')|1
TwilightGrey|('you', 'Not')|1
TwilightGrey|('Not', 'at')|1
TwilightGrey|('at', 'the')|1
TwilightGrey|('the', 'moment')|1
TwilightGrey|('moment', 'Lovely')|1
TwilightGrey|('Lovely', 'nan')|1
TwilightGrey|('nan', 'Adventure')|1
TwilightGrey|('Adventure', 'time')|1
TwilightGrey|('time', 'Hey')|1
TwilightGrey|('Hey', 'friend')|1
Unmatched Telegram User|('Mini-Game', 'Emoji')|1
Unmatched Telegram User|('Emoji', '.')|1
Unmatched Telegram User|('.', 'There')|1
Unmatched Telegram User|('There', 'are')|1
Unmatched Telegram User|('are', 'several')|1
Unmatched Telegram User|('several', 'emoji')|1
Unmatched Telegram User|('emoji', 'which')|1
Unmatched Telegram User|('which', 'you')|1
Unmatched Telegram User|('you', 'can')|5
Unmatched Telegram User|('can', 'send')|1
Unmatched Telegram User|('send', 'in')|1
Unmatched Telegram User|('in', 'chat')|1
Unmatched Telegram User|('chat', 'to')|2
Unmatched Telegram User|('to', 'test')|1
Unmatched Telegram User|('test', 'your')|1
Unmatched Telegram User|('your', 'luck')|1
Unmatched Telegram User|('luck', ':')|1
Unmatched Telegram User|(':', '🎰')|1
Unmatched Telegram User|('🎰', ',')|1
Unmatched Telegram User|(',', '🎲')|1
Unmatched Telegram User|('🎲', ',')|1
Unmatched Telegram User|(',', '🎯')|1
Unmatched Telegram User|('🎯', ',')|1
Unmatched Telegram User|(',', '⚽️')|1
Unmatched Telegram User|('⚽️', 'and')|1
Unmatched Telegram User|('and', '🏀')|1
Unmatched Telegram User|('🏀', '.')|1
Unmatched Telegram User|('.', 'Go')|2
Unmatched Telegram User|('Go', 'for')|1
Unmatched Telegram User|('for', 'the')|3
Unmatched Telegram User|('the', 'jackpot')|1
Unmatched Telegram User|('jackpot', ',')|1
Unmatched Telegram User|(',', 'goal')|1
Unmatched Telegram User|('goal', 'or')|1
Unmatched Telegram User|('or', 'bullseye')|1
Unmatched Telegram User|('bullseye', '–')|1
Unmatched Telegram User|('–', 'but')|1
Unmatched Telegram User|('but', 'try')|1
Unmatched Telegram User|('try', 'not')|1
Unmatched Telegram User|('not', 'to')|1
Unmatched Telegram User|('to', 'roll')|1
Unmatched Telegram User|('roll', 'snake')|1
Unmatched Telegram User|('snake', 'eyes')|1
Unmatched Telegram User|('eyes', '😉')|1
Unmatched Telegram User|('😉', 'Animated')|1
Unmatched Telegram User|('Animated', 'emoji')|1
Unmatched Telegram User|('emoji', '.')|1
Unmatched Telegram User|('.', 'Sending')|1
Unmatched Telegram User|('Sending', 'a')|1
Unmatched Telegram User|('a', 'single')|1
Unmatched Telegram User|('single', 'emoji')|1
Unmatched Telegram User|('emoji', 'in')|2
Unmatched Telegram User|('in', 'a')|1
Unmatched Telegram User|('a', 'message')|3
Unmatched Telegram User|('message', 'will')|1
Unmatched Telegram User|('will', 'display')|1
Unmatched Telegram User|('display', 'a')|1
Unmatched Telegram User|('a', 'stylish')|1
Unmatched Telegram User|('stylish', 'animated')|1
Unmatched Telegram User|('animated', 'version')|1
Unmatched Telegram User|('version', '.')|1
Unmatched Telegram User|('.', 'We')|1
Unmatched Telegram User|('We', 'keep')|1
Unmatched Telegram User|('keep', 'expanding')|1
Unmatched Telegram User|('expanding', 'the')|1
Unmatched Telegram User|('the', 'animated')|1
Unmatched Telegram User|('animated', 'emoji')|1
Unmatched Telegram User|('emoji', 'army')|1
Unmatched Telegram User|('army', ',')|1
Unmatched Telegram User|(',', 'adding')|1
Unmatched Telegram User|('adding', 'new')|1
Unmatched Telegram User|('new', 'ones')|1
Unmatched Telegram User|('ones', 'with')|1
Unmatched Telegram User|('with', 'every')|1
Unmatched Telegram User|('every', 'update')|1
Unmatched Telegram User|('update', '.')|1
Unmatched Telegram User|('.', 'Sticker')|1
Unmatched Telegram User|('Sticker', 'Suggestions')|1
Unmatched Telegram User|('Suggestions', '.')|2
Unmatched Telegram User|('.', 'Type')|1
Unmatched Telegram User|('Type', 'any')|1
Unmatched Telegram User|('any', 'emoji')|1
Unmatched Telegram User|('emoji', 'and')|1
Unmatched Telegram User|('and', 'Telegram')|1
Unmatched Telegram User|('Telegram', 'will')|1
Unmatched Telegram User|('will', 'suggest')|1
Unmatched Telegram User|('suggest', 'stickers')|1
Unmatched Telegram User|('stickers', 'relevant')|1
Unmatched Telegram User|('relevant', 'for')|1
Unmatched Telegram User|('for', 'your')|1
Unmatched Telegram User|('your', 'situation')|1
Unmatched Telegram User|('situation', '–')|1
Unmatched Telegram User|('–', 'from')|1
Unmatched Telegram User|('from', '😍')|1
Unmatched Telegram User|('😍', 'to')|1
Unmatched Telegram User|('to', '😱')|1
Unmatched Telegram User|('😱', 'Subscribe')|1
Unmatched Telegram User|('Subscribe', 'to')|1
Unmatched Telegram User|('to', '@')|1
Unmatched Telegram User|('@', 'TrendingStickers')|1
Unmatched Telegram User|('TrendingStickers', 'to')|1
Unmatched Telegram User|('to', 'get')|2
Unmatched Telegram User|('get', 'the')|1
Unmatched Telegram User|('the', 'latest')|1
Unmatched Telegram User|('latest', 'packs')|1
Unmatched Telegram User|('packs', 'first')|1
Unmatched Telegram User|('first', '.')|1
Unmatched Telegram User|('.', 'Emoji')|1
Unmatched Telegram User|('Emoji', 'Suggestions')|1
Unmatched Telegram User|('.', 'Android')|1
Unmatched Telegram User|('Android', 'users')|1
Unmatched Telegram User|('users', 'can')|1
Unmatched Telegram User|('can', 'type')|1
Unmatched Telegram User|('type', 'any')|1
Unmatched Telegram User|('any', 'word')|1
Unmatched Telegram User|('word', 'in')|1
Unmatched Telegram User|('in', 'the')|5
Unmatched Telegram User|('the', 'message')|2
Unmatched Telegram User|('message', 'field')|1
Unmatched Telegram User|('field', 'to')|1
Unmatched Telegram User|('get', 'relevant')|1
Unmatched Telegram User|('relevant', 'emoji')|1
Unmatched Telegram User|('emoji', 'suggestions')|1
Unmatched Telegram User|('suggestions', '.')|1
Unmatched Telegram User|('.', 'On')|4
Unmatched Telegram User|('On', 'all')|1
Unmatched Telegram User|('all', 'platforms')|1
Unmatched Telegram User|('platforms', ',')|1
Unmatched Telegram User|(',', 'you')|3
Unmatched Telegram User|('can', 'also')|4
Unmatched Telegram User|('also', 'type')|1
Unmatched Telegram User|('type', ':')|1
Unmatched Telegram User|(':', 'followed')|1
Unmatched Telegram User|('followed', 'by')|1
Unmatched Telegram User|('by', 'a')|1
Unmatched Telegram User|('a', 'keyword')|2
Unmatched Telegram User|('keyword', 'to')|1
Unmatched Telegram User|('to', 'search')|1
Unmatched Telegram User|('search', 'for')|1
Unmatched Telegram User|('for', 'emoji')|1
Unmatched Telegram User|('emoji', 'like')|1
Unmatched Telegram User|('like', ':')|1
Unmatched Telegram User|(':', 'heart')|1
Unmatched Telegram User|('heart', 'If')|1
Unmatched Telegram User|('If', 'we')|1
Unmatched Telegram User|('we', '’')|1
Unmatched Telegram User|('’', 're')|1
Unmatched Telegram User|('re', 'missing')|1
Unmatched Telegram User|('missing', 'a')|1
Unmatched Telegram User|('keyword', 'for')|1
Unmatched Telegram User|('for', 'an')|1
Unmatched Telegram User|('an', 'emoji')|1
Unmatched Telegram User|('in', 'your')|2
Unmatched Telegram User|('your', 'language')|1
Unmatched Telegram User|('language', ',')|1
Unmatched Telegram User|(',', 'feel')|1
Unmatched Telegram User|('feel', 'free')|1
Unmatched Telegram User|('free', 'to')|1
Unmatched Telegram User|('to', 'suggest')|1
Unmatched Telegram User|('suggest', 'it')|1
Unmatched Telegram User|('it', 'here')|1
Unmatched Telegram User|('here', '.')|1
Unmatched Telegram User|('.', 'Partial')|1
Unmatched Telegram User|('Partial', 'Selection')|1
Unmatched Telegram User|('Selection', '.')|1
Unmatched Telegram User|('.', 'You')|6
Unmatched Telegram User|('You', 'can')|7
Unmatched Telegram User|('can', 'select')|1
Unmatched Telegram User|('select', 'any')|1
Unmatched Telegram User|('any', 'portion')|1
Unmatched Telegram User|('portion', 'of')|1
Unmatched Telegram User|('of', 'a')|1
Unmatched Telegram User|('message', 'to')|2
Unmatched Telegram User|('to', 'copy')|1
Unmatched Telegram User|('copy', 'or')|1
Unmatched Telegram User|('or', 'share')|1
Unmatched Telegram User|('share', ',')|1
Unmatched Telegram User|(',', 'instead')|1
Unmatched Telegram User|('instead', 'of')|2
Unmatched Telegram User|('of', 'only')|1
Unmatched Telegram User|('only', 'the')|1
Unmatched Telegram User|('the', 'full')|2
Unmatched Telegram User|('full', 'text')|1
Unmatched Telegram User|('text', '.')|1
Unmatched Telegram User|('.', 'Here')|2
Unmatched Telegram User|('Here', '’')|1
Unmatched Telegram User|('’', 's')|1
Unmatched Telegram User|('s', 'how')|1
Unmatched Telegram User|('how', 'it')|1
Unmatched Telegram User|('it', 'looks')|1
Unmatched Telegram User|('looks', 'on')|1
Unmatched Telegram User|('on', 'Android')|3
Unmatched Telegram User|('Android', '.')|1
Unmatched Telegram User|('.', 'Unsend')|1
Unmatched Telegram User|('Unsend', 'anything')|1
Unmatched Telegram User|('anything', '.')|1
Unmatched Telegram User|('On', 'Telegram')|1
Unmatched Telegram User|('Telegram', 'you')|1
Unmatched Telegram User|('can', '“')|1
Unmatched Telegram User|('“', 'unsend')|1
Unmatched Telegram User|('unsend', '”')|1
Unmatched Telegram User|('”', 'messages')|1
Unmatched Telegram User|('messages', 'you')|1
Unmatched Telegram User|('you', 'have')|1
Unmatched Telegram User|('have', 'sent')|1
Unmatched Telegram User|('sent', 'or')|1
Unmatched Telegram User|('or', 'received')|1
Unmatched Telegram User|('received', 'for')|1
Unmatched Telegram User|('for', 'both')|1
Unmatched Telegram User|('both', 'sides')|1
Unmatched Telegram User|('sides', ',')|1
Unmatched Telegram User|(',', 'and')|3
Unmatched Telegram User|('and', 'there')|1
Unmatched Telegram User|('there', 'is')|1
Unmatched Telegram User|('is', 'no')|1
Unmatched Telegram User|('no', 'time')|1
Unmatched Telegram User|('time', 'limit')|1
Unmatched Telegram User|('limit', '.')|1
Unmatched Telegram User|('also', 'delete')|1
Unmatched Telegram User|('delete', 'any')|1
Unmatched Telegram User|('any', 'private')|1
Unmatched Telegram User|('private', 'chat')|1
Unmatched Telegram User|('chat', 'entirely')|1
Unmatched Telegram User|('entirely', 'from')|1
Unmatched Telegram User|('from', 'both')|1
Unmatched Telegram User|('both', 'your')|1
Unmatched Telegram User|('your', 'and')|1
Unmatched Telegram User|('and', 'the')|1
Unmatched Telegram User|('the', 'other')|1
Unmatched Telegram User|('other', 'person')|1
Unmatched Telegram User|('person', "'s")|1
Unmatched Telegram User|("'s", 'device')|1
Unmatched Telegram User|('device', 'with')|1
Unmatched Telegram User|('with', 'just')|1
Unmatched Telegram User|('just', 'two')|1
Unmatched Telegram User|('two', 'taps')|1
Unmatched Telegram User|('taps', '.')|1
Unmatched Telegram User|('.', 'Edit')|1
Unmatched Telegram User|('Edit', 'or')|1
Unmatched Telegram User|('or', 'Delete')|1
Unmatched Telegram User|('Delete', 'Messages')|1
Unmatched Telegram User|('Messages', 'to')|1
Unmatched Telegram User|('to', 'fix')|1
Unmatched Telegram User|('fix', 'typos')|1
Unmatched Telegram User|('typos', 'or')|1
Unmatched Telegram User|('or', 'remove')|1
Unmatched Telegram User|('remove', 'anything')|1
Unmatched Telegram User|('anything', 'you')|1
Unmatched Telegram User|('you', 'send')|1
Unmatched Telegram User|('send', 'by')|1
Unmatched Telegram User|('by', 'accident')|1
Unmatched Telegram User|('accident', '.')|1
Unmatched Telegram User|('.', 'Edited')|1
Unmatched Telegram User|('Edited', 'messages')|1
Unmatched Telegram User|('messages', 'show')|1
Unmatched Telegram User|('show', 'an')|1
Unmatched Telegram User|('an', 'edited')|1
Unmatched Telegram User|('edited', 'label')|1
Unmatched Telegram User|('label', ',')|1
Unmatched Telegram User|('and', 'deleted')|1
Unmatched Telegram User|('deleted', 'messages')|1
Unmatched Telegram User|('messages', 'leave')|1
Unmatched Telegram User|('leave', 'no')|2
Unmatched Telegram User|('no', 'trace')|2
Unmatched Telegram User|('trace', 'and')|1
Unmatched Telegram User|('and', 'no')|1
Unmatched Telegram User|('no', 'placeholder')|1
Unmatched Telegram User|('placeholder', 'in')|1
Unmatched Telegram User|('the', 'chat')|2
Unmatched Telegram User|('chat', '.')|1
Unmatched Telegram User|('.', 'Cloud')|1
Unmatched Telegram User|('Cloud', 'Themes')|1
Unmatched Telegram User|('Themes', 'sync')|1
Unmatched Telegram User|('sync', 'across')|1
Unmatched Telegram User|('across', 'your')|1
Unmatched Telegram User|('your', 'devices')|2
Unmatched Telegram User|('devices', 'and')|1
Unmatched Telegram User|('and', 'have')|1
Unmatched Telegram User|('have', 'unique')|1
Unmatched Telegram User|('unique', ',')|1
Unmatched Telegram User|(',', 'shareable')|1
Unmatched Telegram User|('shareable', 'links')|1
Unmatched Telegram User|('links', '.')|1
Unmatched Telegram User|('.', 'Everyone')|1
Unmatched Telegram User|('Everyone', 'can')|1
Unmatched Telegram User|('can', 'make')|1
Unmatched Telegram User|('make', 'them')|1
Unmatched Telegram User|('them', 'in')|1
Unmatched Telegram User|('in', 'our')|1
Unmatched Telegram User|('our', 'Theme')|1
Unmatched Telegram User|('Theme', 'Editor')|2
Unmatched Telegram User|('Editor', '.')|1
Unmatched Telegram User|('.', 'If')|3
Unmatched Telegram User|('If', 'you')|3
Unmatched Telegram User|('you', 'want')|2
Unmatched Telegram User|('want', 'to')|1
Unmatched Telegram User|('to', 'take')|1
Unmatched Telegram User|('take', 'a')|1
Unmatched Telegram User|('a', 'trip')|1
Unmatched Telegram User|('trip', 'down')|1
Unmatched Telegram User|('down', 'memory')|1
Unmatched Telegram User|('memory', 'lane')|1
Unmatched Telegram User|('lane', ',')|1
Unmatched Telegram User|(',', 'our')|1
Unmatched Telegram User|('our', 'designers')|1
Unmatched Telegram User|('designers', 'put')|1
Unmatched Telegram User|('put', 'together')|1
Unmatched Telegram User|('together', 'this')|1
Unmatched Telegram User|('this', 'tribute')|1
Unmatched Telegram User|('tribute', 'to')|1
Unmatched Telegram User|('to', 'an')|1
Unmatched Telegram User|('an', 'app')|1
Unmatched Telegram User|('app', 'that')|1
Unmatched Telegram User|('that', 'used')|1
Unmatched Telegram User|('used', 'to')|1
Unmatched Telegram User|('to', 'be')|2
Unmatched Telegram User|('be', 'independent')|1
Unmatched Telegram User|('independent', ':')|1
Unmatched Telegram User|(':', 'https')|1
Unmatched Telegram User|('https', ':')|1
Unmatched Telegram User|(':', '//t.me/addtheme/RetroGreen')|1
Unmatched Telegram User|('//t.me/addtheme/RetroGreen', 'Change')|1
Unmatched Telegram User|('Change', 'Colors')|1
Unmatched Telegram User|('Colors', '.')|1
Unmatched Telegram User|('can', 'choose')|1
Unmatched Telegram User|('choose', 'from')|1
Unmatched Telegram User|('from', 'dozens')|1
Unmatched Telegram User|('dozens', 'of')|1
Unmatched Telegram User|('of', 'color')|1
Unmatched Telegram User|('color', 'schemes')|1
Unmatched Telegram User|('schemes', 'in')|1
Unmatched Telegram User|('in', 'Chat')|1
Unmatched Telegram User|('Chat', 'Settings')|1
Unmatched Telegram User|('Settings', '(')|1
Unmatched Telegram User|('(', 'Appearance')|1
Unmatched Telegram User|('Appearance', 'Settings')|1
Unmatched Telegram User|('Settings', 'on')|1
Unmatched Telegram User|('on', 'iOS')|2
Unmatched Telegram User|('iOS', ')')|1
Unmatched Telegram User|(')', '.')|2
Unmatched Telegram User|('.', 'For')|1
Unmatched Telegram User|('For', 'more')|1
Unmatched Telegram User|('more', 'artistic')|1
Unmatched Telegram User|('artistic', 'freedom')|1
Unmatched Telegram User|('freedom', ',')|1
Unmatched Telegram User|(',', 'try')|1
Unmatched Telegram User|('try', 'the')|1
Unmatched Telegram User|('full', 'Theme')|1
Unmatched Telegram User|('Editor', '–')|1
Unmatched Telegram User|('–', 'or')|2
Unmatched Telegram User|('or', 'find')|1
Unmatched Telegram User|('find', 'links')|1
Unmatched Telegram User|('links', 'to')|1
Unmatched Telegram User|('to', 'themes')|1
Unmatched Telegram User|('themes', 'created')|1
Unmatched Telegram User|('created', 'by')|1
Unmatched Telegram User|('by', 'others')|1
Unmatched Telegram User|('others', '.')|1
Unmatched Telegram User|('.', 'Over')|1
Unmatched Telegram User|('Over', 'the')|1
Unmatched Telegram User|('the', 'last')|1
Unmatched Telegram User|('last', '7')|1
Unmatched Telegram User|('7', 'years')|1
Unmatched Telegram User|('years', ',')|1
Unmatched Telegram User|(',', 'Telegram')|1
Unmatched Telegram User|('Telegram', 'has')|1
Unmatched Telegram User|('has', 'protected')|1
Unmatched Telegram User|('protected', 'the')|1
Unmatched Telegram User|('the', 'private')|1
Unmatched Telegram User|('private', 'data')|1
Unmatched Telegram User|('data', 'of')|1
Unmatched Telegram User|('of', 'people')|1
Unmatched Telegram User|('people', 'all')|1
Unmatched Telegram User|('all', 'over')|1
Unmatched Telegram User|('over', 'the')|1
Unmatched Telegram User|('the', 'world')|1
Unmatched Telegram User|('world', 'and')|1
Unmatched Telegram User|('and', 'redefined')|1
Unmatched Telegram User|('redefined', 'what')|1
Unmatched Telegram User|('what', 'a')|1
Unmatched Telegram User|('a', 'messaging')|1
Unmatched Telegram User|('messaging', 'app')|1
Unmatched Telegram User|('app', 'can')|1
Unmatched Telegram User|('can', 'do')|1
Unmatched Telegram User|('do', '.')|1
Unmatched Telegram User|('Here', 'are')|1
Unmatched Telegram User|('are', 'some')|1
Unmatched Telegram User|('some', 'of')|1
Unmatched Telegram User|('of', 'its')|1
Unmatched Telegram User|('its', 'features')|1
Unmatched Telegram User|('features', ':')|1
Unmatched Telegram User|(':', '•')|1
Unmatched Telegram User|('•', 'Editing')|1
Unmatched Telegram User|('Editing', 'messages')|1
Unmatched Telegram User|('messages', '•')|4
Unmatched Telegram User|('•', 'Moving')|1
Unmatched Telegram User|('Moving', 'chat')|1
Unmatched Telegram User|('chat', 'history')|3
Unmatched Telegram User|('history', 'from')|1
Unmatched Telegram User|('from', 'other')|2
Unmatched Telegram User|('other', 'apps')|2
Unmatched Telegram User|('apps', '•')|2
Unmatched Telegram User|('•', 'Sending')|1
Unmatched Telegram User|('Sending', 'documents')|1
Unmatched Telegram User|('documents', 'and')|1
Unmatched Telegram User|('and', 'videos')|1
Unmatched Telegram User|('videos', 'up')|1
Unmatched Telegram User|('up', 'to')|4
Unmatched Telegram User|('to', '2GB')|2
Unmatched Telegram User|('2GB', '•')|1
Unmatched Telegram User|('•', 'Deleting')|1
Unmatched Telegram User|('Deleting', 'messages')|1
Unmatched Telegram User|('messages', 'without')|1
Unmatched Telegram User|('without', 'a')|1
Unmatched Telegram User|('a', 'trace')|1
Unmatched Telegram User|('trace', '•')|1
Unmatched Telegram User|('•', 'Native')|1
Unmatched Telegram User|('Native', 'desktop')|1
Unmatched Telegram User|('desktop', 'and')|1
Unmatched Telegram User|('and', 'tablet')|1
Unmatched Telegram User|('tablet', 'apps')|1
Unmatched Telegram User|('•', 'Multiple')|1
Unmatched Telegram User|('Multiple', 'accounts')|1
Unmatched Telegram User|('accounts', 'and')|1
Unmatched Telegram User|('and', 'Chat')|1
Unmatched Telegram User|('Chat', 'folders')|1
Unmatched Telegram User|('folders', '•')|1
Unmatched Telegram User|('•', 'Usernames')|1
Unmatched Telegram User|('Usernames', 'instead')|1
Unmatched Telegram User|('of', 'phone')|1
Unmatched Telegram User|('phone', 'numbers')|1
Unmatched Telegram User|('numbers', '•')|1
Unmatched Telegram User|('•', 'Granular')|1
Unmatched Telegram User|('Granular', 'privacy')|1
Unmatched Telegram User|('privacy', 'settings')|1
Unmatched Telegram User|('settings', '•')|1
Unmatched Telegram User|('•', 'Group')|1
Unmatched Telegram User|('Group', 'chats')|1
Unmatched Telegram User|('chats', 'of')|1
Unmatched Telegram User|('of', 'up')|2
Unmatched Telegram User|('to', '200,000')|1
Unmatched Telegram User|('200,000', 'members')|1
Unmatched Telegram User|('members', '•')|1
Unmatched Telegram User|('•', 'Admin')|1
Unmatched Telegram User|('Admin', 'tools')|1
Unmatched Telegram User|('tools', 'and')|1
Unmatched Telegram User|('and', 'stats')|1
Unmatched Telegram User|('stats', 'for')|1
Unmatched Telegram User|('for', 'group')|1
Unmatched Telegram User|('group', 'owners')|1
Unmatched Telegram User|('owners', '•')|1
Unmatched Telegram User|('•', 'Voice')|1
Unmatched Telegram User|('Voice', 'Chats')|1
Unmatched Telegram User|('Chats', 'for')|1
Unmatched Telegram User|('for', 'up')|1
Unmatched Telegram User|('to', '5,000')|1
Unmatched Telegram User|('5,000', 'participants')|1
Unmatched Telegram User|('participants', '•')|1
Unmatched Telegram User|('•', '20,000+')|1
Unmatched Telegram User|('20,000+', 'high-quality')|1
Unmatched Telegram User|('high-quality', 'Animated')|1
Unmatched Telegram User|('Animated', 'stickers')|1
Unmatched Telegram User|('stickers', '•')|1
Unmatched Telegram User|('•', 'Custom')|1
Unmatched Telegram User|('Custom', 'Color')|1
Unmatched Telegram User|('Color', 'Themes')|1
Unmatched Telegram User|('Themes', 'like')|1
Unmatched Telegram User|('like', 'Retro')|1
Unmatched Telegram User|('Retro', '•')|1
Unmatched Telegram User|('•', 'Video')|2
Unmatched Telegram User|('Video', 'messages')|2
Unmatched Telegram User|('•', 'One-to-many')|1
Unmatched Telegram User|('One-to-many', 'channels')|1
Unmatched Telegram User|('channels', '•')|1
Unmatched Telegram User|('Video', 'editing')|1
Unmatched Telegram User|('editing', 'tools')|1
Unmatched Telegram User|('tools', '•')|1
Unmatched Telegram User|('•', 'API')|1
Unmatched Telegram User|('API', 'and')|1
Unmatched Telegram User|('and', 'Bot')|1
Unmatched Telegram User|('Bot', 'platform')|1
Unmatched Telegram User|('platform', 'for')|1
Unmatched Telegram User|('for', 'developers')|1
Unmatched Telegram User|('developers', '•')|1
Unmatched Telegram User|('•', 'Programmed')|1
Unmatched Telegram User|('Programmed', 'emoji')|1
Unmatched Telegram User|('emoji', '🎯🎳⚽️🏀🎲🎰')|1
Unmatched Telegram User|('🎯🎳⚽️🏀🎲🎰', '•')|1
Unmatched Telegram User|('•', 'Disappearing')|1
Unmatched Telegram User|('Disappearing', 'photos')|1
Unmatched Telegram User|('photos', 'or')|1
Unmatched Telegram User|('or', 'videos')|1
Unmatched Telegram User|('videos', '•')|1
Unmatched Telegram User|('•', 'Self-Destructing')|1
Unmatched Telegram User|('Self-Destructing', 'end-to-end')|1
Unmatched Telegram User|('end-to-end', 'encrypted')|1
Unmatched Telegram User|('encrypted', 'Chats')|1
Unmatched Telegram User|('Chats', '•')|1
Unmatched Telegram User|('•', 'Partial')|1
Unmatched Telegram User|('Partial', 'selection')|1
Unmatched Telegram User|('selection', 'for')|1
Unmatched Telegram User|('for', 'messages')|1
Unmatched Telegram User|('•', 'Scheduled')|1
Unmatched Telegram User|('Scheduled', 'and')|1
Unmatched Telegram User|('and', 'silent')|1
Unmatched Telegram User|('silent', 'messages')|1
Unmatched Telegram User|('•', 'Pinned')|1
Unmatched Telegram User|('Pinned', 'messages')|1
Unmatched Telegram User|('messages', 'and')|2
Unmatched Telegram User|('and', 'polls')|1
Unmatched Telegram User|('polls', '•')|1
Unmatched Telegram User|('•', 'Persistent')|1
Unmatched Telegram User|('Persistent', 'chat')|1
Unmatched Telegram User|('history', '•')|1
Unmatched Telegram User|('•', 'Saved')|1
Unmatched Telegram User|('Saved', 'Messages')|5
Unmatched Telegram User|('Messages', 'and')|1
Unmatched Telegram User|('and', 'Drafts')|1
Unmatched Telegram User|('Drafts', '•')|1
Unmatched Telegram User|('•', 'Encrypted')|1
Unmatched Telegram User|('Encrypted', 'Voice')|1
Unmatched Telegram User|('Voice', 'and')|1
Unmatched Telegram User|('and', 'Video')|1
Unmatched Telegram User|('Video', 'Calls')|1
Unmatched Telegram User|('Calls', 'Scroll')|1
Unmatched Telegram User|('Scroll', 'around')|1
Unmatched Telegram User|('around', 'in')|1
Unmatched Telegram User|('in', 'this')|1
Unmatched Telegram User|('this', 'channel')|1
Unmatched Telegram User|('channel', 'for')|1
Unmatched Telegram User|('for', 'more')|1
Unmatched Telegram User|('more', 'features')|1
Unmatched Telegram User|('features', '.')|1
Unmatched Telegram User|('.', 'Delivery')|1
Unmatched Telegram User|('Delivery', 'status')|1
Unmatched Telegram User|('status', '.')|1
Unmatched Telegram User|('.', 'One')|1
Unmatched Telegram User|('One', 'check')|1
Unmatched Telegram User|('check', '=')|1
Unmatched Telegram User|('=', 'message')|2
Unmatched Telegram User|('message', 'delivered')|1
Unmatched Telegram User|('delivered', '.')|1
Unmatched Telegram User|('.', 'Two')|1
Unmatched Telegram User|('Two', 'checks')|1
Unmatched Telegram User|('checks', '=')|1
Unmatched Telegram User|('message', 'read')|1
Unmatched Telegram User|('read', '.')|1
Unmatched Telegram User|('can', 'use')|2
Unmatched Telegram User|('use', 'Telegram')|1
Unmatched Telegram User|('Telegram', 'on')|1
Unmatched Telegram User|('on', 'any')|1
Unmatched Telegram User|('any', 'number')|1
Unmatched Telegram User|('number', 'of')|1
Unmatched Telegram User|('of', 'devices')|1
Unmatched Telegram User|('devices', 'at')|1
Unmatched Telegram User|('at', 'once')|1
Unmatched Telegram User|('once', ',')|1
Unmatched Telegram User|(',', 'including')|1
Unmatched Telegram User|('including', 'computers')|1
Unmatched Telegram User|('computers', 'and')|1
Unmatched Telegram User|('and', 'tablets')|1
Unmatched Telegram User|('tablets', '.')|1
Unmatched Telegram User|('.', 'Simply')|2
Unmatched Telegram User|('Simply', 'log')|1
Unmatched Telegram User|('log', 'in')|1
Unmatched Telegram User|('in', 'using')|1
Unmatched Telegram User|('using', 'the')|1
Unmatched Telegram User|('the', 'same')|1
Unmatched Telegram User|('same', 'phone')|1
Unmatched Telegram User|('phone', 'number')|3
Unmatched Telegram User|('number', 'to')|1
Unmatched Telegram User|('to', 'access')|1
Unmatched Telegram User|('access', 'all')|1
Unmatched Telegram User|('all', 'your')|2
Unmatched Telegram User|('your', 'messages')|2
Unmatched Telegram User|('messages', '–')|1
Unmatched Telegram User|('–', 'without')|2
Unmatched Telegram User|('without', 'keeping')|1
Unmatched Telegram User|('keeping', 'your')|1
Unmatched Telegram User|('your', 'phone')|2
Unmatched Telegram User|('phone', 'connected')|1
Unmatched Telegram User|('connected', '.')|1
Unmatched Telegram User|('.', 'Video')|1
Unmatched Telegram User|('messages', '.')|2
Unmatched Telegram User|('.', 'Tap')|2
Unmatched Telegram User|('Tap', 'once')|1
Unmatched Telegram User|('once', 'on')|1
Unmatched Telegram User|('on', 'the')|1
Unmatched Telegram User|('the', 'Voice')|1
Unmatched Telegram User|('Voice', 'Message')|1
Unmatched Telegram User|('Message', 'button')|1
Unmatched Telegram User|('button', 'to')|1
Unmatched Telegram User|('to', 'switch')|1
Unmatched Telegram User|('switch', 'to')|1
Unmatched Telegram User|('to', 'video')|1
Unmatched Telegram User|('video', '.')|1
Unmatched Telegram User|('Tap', 'on')|1
Unmatched Telegram User|('on', 'a')|1
Unmatched Telegram User|('a', 'video')|1
Unmatched Telegram User|('video', 'message')|1
Unmatched Telegram User|('to', 'play')|1
Unmatched Telegram User|('play', 'it')|1
Unmatched Telegram User|('it', 'with')|1
Unmatched Telegram User|('with', 'sound')|1
Unmatched Telegram User|('sound', '.')|1
Unmatched Telegram User|('.', 'Telegram')|2
Unmatched Telegram User|('Telegram', 'apps')|1
Unmatched Telegram User|('apps', 'are')|1
Unmatched Telegram User|('are', 'standalone')|1
Unmatched Telegram User|('standalone', 'and')|1
Unmatched Telegram User|('and', 'synced')|1
Unmatched Telegram User|('synced', 'with')|1
Unmatched Telegram User|('with', 'the')|1
Unmatched Telegram User|('the', 'cloud')|1
Unmatched Telegram User|('cloud', '–')|1
Unmatched Telegram User|('–', 'all')|1
Unmatched Telegram User|('and', 'media')|1
Unmatched Telegram User|('media', 'are')|1
Unmatched Telegram User|('are', 'available')|1
Unmatched Telegram User|('available', 'everywhere')|1
Unmatched Telegram User|('everywhere', 'you')|1
Unmatched Telegram User|('you', 'go')|1
Unmatched Telegram User|('go', '.')|1
Unmatched Telegram User|('.', 'Unfinished')|1
Unmatched Telegram User|('Unfinished', 'messages')|1
Unmatched Telegram User|('messages', 'save')|1
Unmatched Telegram User|('save', 'as')|1
Unmatched Telegram User|('as', 'Cloud')|1
Unmatched Telegram User|('Cloud', 'Drafts')|1
Unmatched Telegram User|('Drafts', ',')|1
Unmatched Telegram User|(',', 'so')|1
Unmatched Telegram User|('so', 'you')|1
Unmatched Telegram User|('can', 'finish')|1
Unmatched Telegram User|('finish', 'typing')|1
Unmatched Telegram User|('typing', 'and')|1
Unmatched Telegram User|('and', 'send')|1
Unmatched Telegram User|('send', 'from')|1
Unmatched Telegram User|('from', 'any')|1
Unmatched Telegram User|('any', 'device')|1
Unmatched Telegram User|('device', '.')|2
Unmatched Telegram User|('.', 'Try')|1
Unmatched Telegram User|('Try', 'desktop.telegram.org')|1
Unmatched Telegram User|('desktop.telegram.org', 'or')|1
Unmatched Telegram User|('or', 'macos.telegram.org')|1
Unmatched Telegram User|('macos.telegram.org', 'on')|1
Unmatched Telegram User|('on', 'your')|3
Unmatched Telegram User|('your', 'computer')|1
Unmatched Telegram User|('computer', 'for')|1
Unmatched Telegram User|('the', 'best')|1
Unmatched Telegram User|('best', 'experience')|1
Unmatched Telegram User|('experience', '.')|1
Unmatched Telegram User|('use', 'the')|1
Unmatched Telegram User|('the', '‘')|2
Unmatched Telegram User|('‘', 'Saved')|2
Unmatched Telegram User|('Messages', '’')|2
Unmatched Telegram User|('’', 'chat')|1
Unmatched Telegram User|('to', 'bookmark')|1
Unmatched Telegram User|('bookmark', 'important')|1
Unmatched Telegram User|('important', 'messages')|1
Unmatched Telegram User|('messages', ',')|1
Unmatched Telegram User|(',', 'set')|1
Unmatched Telegram User|('set', 'reminders')|1
Unmatched Telegram User|('reminders', ',')|1
Unmatched Telegram User|(',', 'store')|1
Unmatched Telegram User|('store', 'media')|1
Unmatched Telegram User|('media', ',')|1
Unmatched Telegram User|(',', 'or')|1
Unmatched Telegram User|('or', 'send')|1
Unmatched Telegram User|('send', 'documents')|1
Unmatched Telegram User|('documents', 'of')|1
Unmatched Telegram User|('2GB', 'each')|1
Unmatched Telegram User|('each', 'between')|1
Unmatched Telegram User|('between', 'your')|1
Unmatched Telegram User|('devices', '.')|1
Unmatched Telegram User|('.', 'Whenever')|1
Unmatched Telegram User|('Whenever', 'you')|1
Unmatched Telegram User|('you', 'forward')|1
Unmatched Telegram User|('forward', 'a')|1
Unmatched Telegram User|('message', ',')|1
Unmatched Telegram User|(',', '‘')|1
Unmatched Telegram User|('’', 'will')|1
Unmatched Telegram User|('will', 'be')|1
Unmatched Telegram User|('be', 'at')|1
Unmatched Telegram User|('at', 'the')|1
Unmatched Telegram User|('the', 'top')|1
Unmatched Telegram User|('top', 'of')|1
Unmatched Telegram User|('of', 'the')|1
Unmatched Telegram User|('the', 'list')|1
Unmatched Telegram User|('list', '.')|1
Unmatched Telegram User|('.', 'To')|3
Unmatched Telegram User|('To', 'quickly')|1
Unmatched Telegram User|('quickly', 'access')|1
Unmatched Telegram User|('access', 'the')|1
Unmatched Telegram User|('chat', 'on')|1
Unmatched Telegram User|('Android', ',')|3
Unmatched Telegram User|(',', 'swipe')|1
Unmatched Telegram User|('swipe', 'right')|1
Unmatched Telegram User|('right', 'for')|1
Unmatched Telegram User|('the', 'Side')|1
Unmatched Telegram User|('Side', 'Menu')|1
Unmatched Telegram User|('Menu', '>')|1
Unmatched Telegram User|('>', 'Saved')|2
Unmatched Telegram User|('Messages', '.')|2
Unmatched Telegram User|('On', 'iOS')|1
Unmatched Telegram User|('iOS', 'tap')|1
Unmatched Telegram User|('tap', 'Settings')|1
Unmatched Telegram User|('Settings', '>')|2
Unmatched Telegram User|('.', 'Free')|1
Unmatched Telegram User|('Free', 'space')|1
Unmatched Telegram User|('space', '.')|1
Unmatched Telegram User|('Telegram', 'requires')|1
Unmatched Telegram User|('requires', 'next')|1
Unmatched Telegram User|('next', 'to')|1
Unmatched Telegram User|('to', 'no')|1
Unmatched Telegram User|('no', 'storage')|1
Unmatched Telegram User|('storage', 'space')|1
Unmatched Telegram User|('space', 'to')|1
Unmatched Telegram User|('to', 'run')|1
Unmatched Telegram User|('run', 'on')|1
Unmatched Telegram User|('your', 'device')|1
Unmatched Telegram User|('Go', 'to')|1
Unmatched Telegram User|('to', 'Settings')|1
Unmatched Telegram User|('>', 'Data')|1
Unmatched Telegram User|('Data', 'and')|1
Unmatched Telegram User|('and', 'Storage')|1
Unmatched Telegram User|('Storage', '>')|1
Unmatched Telegram User|('>', 'Storage')|1
Unmatched Telegram User|('Storage', 'Usage')|1
Unmatched Telegram User|('Usage', 'to')|1
Unmatched Telegram User|('to', 'selectively')|1
Unmatched Telegram User|('selectively', 'clear')|1
Unmatched Telegram User|('clear', 'your')|1
Unmatched Telegram User|('your', 'cache')|1
Unmatched Telegram User|('cache', '–')|1
Unmatched Telegram User|('or', 'set')|1
Unmatched Telegram User|('set', 'Keep')|1
Unmatched Telegram User|('Keep', 'Media')|1
Unmatched Telegram User|('Media', 'to')|1
Unmatched Telegram User|('to', 'regularly')|1
Unmatched Telegram User|('regularly', 'remove')|1
Unmatched Telegram User|('remove', 'unused')|1
Unmatched Telegram User|('unused', 'items')|1
Unmatched Telegram User|('items', '.')|1
Unmatched Telegram User|('.', 'Media')|1
Unmatched Telegram User|('Media', 'and')|1
Unmatched Telegram User|('and', 'files')|2
Unmatched Telegram User|('files', 'stay')|1
Unmatched Telegram User|('stay', 'available')|1
Unmatched Telegram User|('available', 'to')|1
Unmatched Telegram User|('to', 're-download')|1
Unmatched Telegram User|('re-download', 'whenever')|1
Unmatched Telegram User|('whenever', 'needed')|1
Unmatched Telegram User|('needed', '.')|1
Unmatched Telegram User|('On', 'Android')|1
Unmatched Telegram User|('also', 'store')|1
Unmatched Telegram User|('store', 'your')|1
Unmatched Telegram User|('your', 'Telegram')|1
Unmatched Telegram User|('Telegram', 'data')|1
Unmatched Telegram User|('data', 'on')|1
Unmatched Telegram User|('your', 'SD')|1
Unmatched Telegram User|('SD', 'Card')|1
Unmatched Telegram User|('Card', '.')|1
Unmatched Telegram User|('.', 'nan')|1
Unmatched Telegram User|('nan', 'Move')|1
Unmatched Telegram User|('Move', 'Chats')|1
Unmatched Telegram User|('Chats', 'From')|1
Unmatched Telegram User|('From', 'Other')|1
Unmatched Telegram User|('Other', 'Apps')|1
Unmatched Telegram User|('Apps', 'You')|1
Unmatched Telegram User|('can', 'bring')|1
Unmatched Telegram User|('bring', 'your')|1
Unmatched Telegram User|('your', 'chat')|1
Unmatched Telegram User|('history', 'with')|1
Unmatched Telegram User|('with', 'all')|1
Unmatched Telegram User|('all', 'media')|1
Unmatched Telegram User|('media', 'and')|1
Unmatched Telegram User|('files', 'to')|1
Unmatched Telegram User|('to', 'Telegram')|1
Unmatched Telegram User|('Telegram', 'from')|1
Unmatched Telegram User|('apps', 'like')|1
Unmatched Telegram User|('like', 'WhatsApp')|1
Unmatched Telegram User|('WhatsApp', ',')|2
Unmatched Telegram User|(',', 'Line')|1
Unmatched Telegram User|('Line', 'and')|1
Unmatched Telegram User|('and', 'KakaoTalk')|1
Unmatched Telegram User|('KakaoTalk', '.')|1
Unmatched Telegram User|('.', 'Using')|1
Unmatched Telegram User|('Using', 'the')|1
Unmatched Telegram User|('the', 'native')|1
Unmatched Telegram User|('native', 'export')|1
Unmatched Telegram User|('export', 'tool')|1
Unmatched Telegram User|('tool', 'in')|1
Unmatched Telegram User|('in', 'those')|1
Unmatched Telegram User|('those', 'apps')|1
Unmatched Telegram User|('apps', ',')|1
Unmatched Telegram User|(',', 'share')|1
Unmatched Telegram User|('share', 'the')|1
Unmatched Telegram User|('the', 'exported')|1
Unmatched Telegram User|('exported', 'file')|1
Unmatched Telegram User|('file', 'with')|1
Unmatched Telegram User|('with', 'Telegram')|1
Unmatched Telegram User|('Telegram', ',')|1
Unmatched Telegram User|('and', 'then')|1
Unmatched Telegram User|('then', 'choose')|3
Unmatched Telegram User|('choose', 'the')|1
Unmatched Telegram User|('the', 'Telegram')|1
Unmatched Telegram User|('Telegram', 'chat')|1
Unmatched Telegram User|('chat', 'where')|1
Unmatched Telegram User|('where', 'you')|1
Unmatched Telegram User|('want', 'those')|1
Unmatched Telegram User|('those', 'messages')|1
Unmatched Telegram User|('messages', 'to')|1
Unmatched Telegram User|('be', 'added')|1
Unmatched Telegram User|('added', '.')|1
Unmatched Telegram User|('To', 'move')|1
Unmatched Telegram User|('move', 'a')|1
Unmatched Telegram User|('a', 'chat')|1
Unmatched Telegram User|('chat', 'from')|1
Unmatched Telegram User|('from', 'WhatsApp')|1
Unmatched Telegram User|('WhatsApp', 'on')|2
Unmatched Telegram User|('iOS', ',')|1
Unmatched Telegram User|(',', 'open')|2
Unmatched Telegram User|('open', 'the')|2
Unmatched Telegram User|('the', 'Contact')|1
Unmatched Telegram User|('Contact', 'Info')|1
Unmatched Telegram User|('Info', 'or')|1
Unmatched Telegram User|('or', 'Group')|1
Unmatched Telegram User|('Group', 'Info')|1
Unmatched Telegram User|('Info', 'page')|1
Unmatched Telegram User|('page', 'in')|1
Unmatched Telegram User|('in', 'WhatsApp')|1
Unmatched Telegram User|(',', 'tap')|2
Unmatched Telegram User|('tap', 'Export')|1
Unmatched Telegram User|('Export', 'Chat')|2
Unmatched Telegram User|('Chat', ',')|2
Unmatched Telegram User|(',', 'then')|2
Unmatched Telegram User|('choose', 'Telegram')|2
Unmatched Telegram User|('Telegram', 'in')|2
Unmatched Telegram User|('the', 'Share')|2
Unmatched Telegram User|('Share', 'menu')|2
Unmatched Telegram User|('menu', '.')|2
Unmatched Telegram User|('.', 'From')|1
Unmatched Telegram User|('From', 'WhatsApp')|1
Unmatched Telegram User|('tap', '⋮')|1
Unmatched Telegram User|('⋮', '>')|1
Unmatched Telegram User|('>', 'More')|1
Unmatched Telegram User|('More', '>')|1
Unmatched Telegram User|('>', 'Export')|1
Unmatched Telegram User|('.', 'Polls')|2
Unmatched Telegram User|('Polls', '.')|1
Unmatched Telegram User|('To', 'create')|1
Unmatched Telegram User|('create', 'a')|2
Unmatched Telegram User|('a', 'poll')|1
Unmatched Telegram User|('poll', 'in')|1
Unmatched Telegram User|('your', 'groups')|1
Unmatched Telegram User|('groups', 'or')|1
Unmatched Telegram User|('or', 'channels')|1
Unmatched Telegram User|('channels', ',')|1
Unmatched Telegram User|('the', '📎')|1
Unmatched Telegram User|('📎', 'attachment')|1
Unmatched Telegram User|('attachment', 'menu')|1
Unmatched Telegram User|('menu', 'and')|1
Unmatched Telegram User|('and', 'choose')|1
Unmatched Telegram User|('choose', '“')|1
Unmatched Telegram User|('“', 'Poll')|1
Unmatched Telegram User|('Poll', '”')|1
Unmatched Telegram User|('”', '.')|1
Unmatched Telegram User|('Polls', 'can')|1
Unmatched Telegram User|('can', 'be')|2
Unmatched Telegram User|('be', 'anonymous')|1
Unmatched Telegram User|('anonymous', 'or')|1
Unmatched Telegram User|('or', 'have')|1
Unmatched Telegram User|('have', 'visible')|1
Unmatched Telegram User|('visible', 'votes')|1
Unmatched Telegram User|('votes', ',')|1
Unmatched Telegram User|(',', 'showing')|1
Unmatched Telegram User|('showing', 'who')|1
Unmatched Telegram User|('who', 'voted')|1
Unmatched Telegram User|('voted', 'for')|1
Unmatched Telegram User|('for', 'what')|1
Unmatched Telegram User|('what', '.')|1
Unmatched Telegram User|('also', 'create')|1
Unmatched Telegram User|('create', 'multiple')|1
Unmatched Telegram User|('multiple', 'answer')|1
Unmatched Telegram User|('answer', 'and')|1
Unmatched Telegram User|('and', 'quiz-style')|1
Unmatched Telegram User|('quiz-style', 'polls')|1
Unmatched Telegram User|('polls', '.')|1
Unmatched Telegram User|('.', 'Delete')|1
Unmatched Telegram User|('Delete', 'Without')|1
Unmatched Telegram User|('Without', 'a')|1
Unmatched Telegram User|('a', 'Trace')|1
Unmatched Telegram User|('Trace', 'Messages')|1
Unmatched Telegram User|('Messages', ',')|1
Unmatched Telegram User|(',', 'chats')|1
Unmatched Telegram User|('chats', ',')|2
Unmatched Telegram User|(',', 'call')|1
Unmatched Telegram User|('call', 'history')|1
Unmatched Telegram User|('history', 'and')|1
Unmatched Telegram User|('and', 'groups')|1
Unmatched Telegram User|('groups', 'you')|1
Unmatched Telegram User|('you', 'created')|1
Unmatched Telegram User|('created', 'can')|1
Unmatched Telegram User|('be', 'completely')|1
Unmatched Telegram User|('completely', 'deleted')|1
Unmatched Telegram User|('deleted', 'at')|1
Unmatched Telegram User|('at', 'any')|1
Unmatched Telegram User|('any', 'time')|1
Unmatched Telegram User|('time', '.')|1
Unmatched Telegram User|('Simply', 'make')|1
Unmatched Telegram User|('make', 'your')|1
Unmatched Telegram User|('your', 'selection')|1
Unmatched Telegram User|('selection', 'and')|1
Unmatched Telegram User|('and', 'check')|1
Unmatched Telegram User|('check', 'the')|1
Unmatched Telegram User|('the', 'box')|1
Unmatched Telegram User|('box', 'to')|1
Unmatched Telegram User|('to', 'delete')|1
Unmatched Telegram User|('delete', 'for')|1
Unmatched Telegram User|('for', 'all')|1
Unmatched Telegram User|('all', 'participants')|1
Unmatched Telegram User|('participants', '–')|1
Unmatched Telegram User|('–', 'deleted')|1
Unmatched Telegram User|('deleted', 'items')|1
Unmatched Telegram User|('items', 'leave')|1
Unmatched Telegram User|('trace', ',')|1
Unmatched Telegram User|(',', 'giving')|1
Unmatched Telegram User|('giving', 'you')|1
Unmatched Telegram User|('you', 'full')|1
Unmatched Telegram User|('full', 'control')|1
Unmatched Telegram User|('control', 'over')|1
Unmatched Telegram User|('over', 'your')|1
Unmatched Telegram User|('your', 'digital')|1
Unmatched Telegram User|('digital', 'footprint')|1
Unmatched Telegram User|('footprint', '.')|1
Unmatched Telegram User|('.', 'Scheduled')|1
Unmatched Telegram User|('Scheduled', 'messages')|1
Unmatched Telegram User|('.', 'Hold')|1
Unmatched Telegram User|('Hold', 'the')|1
Unmatched Telegram User|('‘', 'Send')|1
Unmatched Telegram User|('Send', '’')|1
Unmatched Telegram User|('’', 'button')|1
Unmatched Telegram User|('button', 'in')|1
Unmatched Telegram User|('in', 'any')|1
Unmatched Telegram User|('any', 'chat')|1
Unmatched Telegram User|('chat', 'and')|1
Unmatched Telegram User|('and', 'select')|1
Unmatched Telegram User|('select', '‘')|1
Unmatched Telegram User|('‘', 'Schedule')|1
Unmatched Telegram User|('Schedule', 'Message')|1
Unmatched Telegram User|('Message', '’')|1
Unmatched Telegram User|('’', 'to')|1
Unmatched Telegram User|('to', 'automatically')|1
Unmatched Telegram User|('automatically', 'send')|1
Unmatched Telegram User|('send', 'things')|1
Unmatched Telegram User|('things', 'at')|1
Unmatched Telegram User|('at', 'a')|1
Unmatched Telegram User|('a', 'specified')|1
Unmatched Telegram User|('specified', 'time')|1
Unmatched Telegram User|('time', 'in')|1
Unmatched Telegram User|('the', 'future')|1
Unmatched Telegram User|('future', '(')|1
Unmatched Telegram User|('(', 'DeLorean')|1
Unmatched Telegram User|('DeLorean', 'not')|1
Unmatched Telegram User|('not', 'included')|1
Unmatched Telegram User|('included', ')')|1
Unmatched Telegram User|('you', 'ca')|1
Unmatched Telegram User|('ca', "n't")|1
Unmatched Telegram User|("n't", 'guess')|1
Unmatched Telegram User|('guess', 'what')|1
Unmatched Telegram User|('what', 'time')|1
Unmatched Telegram User|('time', 'would')|1
Unmatched Telegram User|('would', 'be')|1
Unmatched Telegram User|('be', 'good')|1
Unmatched Telegram User|('good', ',')|1
Unmatched Telegram User|(',', 'choose')|1
Unmatched Telegram User|('choose', 'to')|1
Unmatched Telegram User|('to', 'deliver')|1
Unmatched Telegram User|('deliver', 'the')|1
Unmatched Telegram User|('message', 'when')|1
Unmatched Telegram User|('when', 'your')|1
Unmatched Telegram User|('your', 'recipient')|1
Unmatched Telegram User|('recipient', 'comes')|1
Unmatched Telegram User|('comes', 'online')|1
Unmatched Telegram User|('online', '.')|1
Unmatched Telegram User|('.', 'Your')|1
Unmatched Telegram User|('Your', 'phone')|1
Unmatched Telegram User|('number', 'is')|1
Unmatched Telegram User|('is', 'hidden')|1
Unmatched Telegram User|('hidden', '.')|1
Unmatched Telegram User|('.', 'By')|1
Unmatched Telegram User|('By', 'default')|1
Unmatched Telegram User|('default', ',')|1
Unmatched Telegram User|(',', 'it')|1
Unmatched Telegram User|('it', 'is')|1
Unmatched Telegram User|('is', 'only')|1
Unmatched Telegram User|('only', 'visible')|1
Unmatched Telegram User|('visible', 'to')|1
Unmatched Telegram User|('to', 'your')|1
Unmatched Telegram User|('your', 'contacts')|1
Unmatched Telegram User|('contacts', '.')|1
Unmatched Telegram User|('.', 'In')|1
Unmatched Telegram User|('In', 'groups')|1
Unmatched Telegram User|('groups', 'and')|1
Unmatched Telegram User|('and', 'chats')|1
Unmatched Telegram User|('you', 'will')|1
Unmatched Telegram User|('will', 'always')|1
Unmatched Telegram User|('always', 'appear')|1
Unmatched Telegram User|('appear', 'as')|1
Unmatched Telegram User|('as', 'your')|1
Unmatched Telegram User|('your', 'chosen')|1
Unmatched Telegram User|('chosen', 'name')|1
Unmatched Telegram User|('name', '.')|1
Unmatched Telegram User|('you', 'create')|1
Unmatched Telegram User|('a', 'username')|1
Unmatched Telegram User|('username', ',')|1
Unmatched Telegram User|(',', 'people')|1
Unmatched Telegram User|('people', 'can')|1
Unmatched Telegram User|('can', 'find')|1
Unmatched Telegram User|('find', 'your')|1
Unmatched Telegram User|('your', 'profile')|1
Unmatched Telegram User|('profile', 'and')|1
Unmatched Telegram User|('and', 'get')|1
Unmatched Telegram User|('get', 'in')|1
Unmatched Telegram User|('in', 'contact')|1
Unmatched Telegram User|('contact', 'with')|1
Unmatched Telegram User|('with', 'you')|1
Unmatched Telegram User|('you', '–')|1
Unmatched Telegram User|('without', 'needing')|1
Unmatched Telegram User|('needing', 'to')|1
Unmatched Telegram User|('to', 'know')|1
Unmatched Telegram User|('know', 'your')|1
Unmatched Telegram User|('number', '.')|1
blondtrip24|('Do', 'u')|1
blondtrip24|('u', 'recognize')|1
blondtrip24|('recognize', 'me')|1
blondtrip24|('me', '?')|1
blondtrip24|('?', 'iono')|1
blondtrip24|('iono', 'how')|1
blondtrip24|('how', 'i')|1
blondtrip24|('i', 'have')|1
blondtrip24|('have', 'your')|1
blondtrip24|('your', 'num')|1
blondtrip24|('num', 'in')|1
blondtrip24|('in', 'my')|1
blondtrip24|('my', 'contacts')|1
blondtrip24|('contacts', 'but')|1
blondtrip24|('but', 'it')|1
blondtrip24|('it', 'recommended')|1
blondtrip24|('recommended', 'I')|1
blondtrip24|('I', 'add')|1
blondtrip24|('add', 'ya')|1
blondtrip24|('ya', ',')|1
blondtrip24|(',', ',')|3
blondtrip24|(',', 'My')|1
blondtrip24|('My', 'girl')|1
blondtrip24|('girl', 'and')|1
blondtrip24|('and', 'i')|1
blondtrip24|('i', 'going')|1
blondtrip24|('going', 'nutty')|1
blondtrip24|('nutty', 'over')|1
blondtrip24|('over', 'here')|1
blondtrip24|('here', 'with')|1
blondtrip24|('with', 'this')|1
blondtrip24|('this', 'social')|1
blondtrip24|('social', 'isolation')|1
blondtrip24|('isolation', 'and')|1
blondtrip24|('and', 'quarantine')|1
blondtrip24|('quarantine', ',')|1
blondtrip24|(',', 'so')|1
blondtrip24|('so', 'what')|1
blondtrip24|('what', 'r')|1
blondtrip24|('r', 'you')|1
blondtrip24|('you', 'doin')|1
blondtrip24|('doin', '?')|1
blondtrip24|('?', 'What')|2
blondtrip24|('What', 'do')|1
blondtrip24|('do', 'you')|1
blondtrip24|('you', 'like')|1
blondtrip24|('like', 'to')|1
blondtrip24|('to', 'do')|1
blondtrip24|('do', 'to')|1
blondtrip24|('to', 'stay')|1
blondtrip24|('stay', 'sane')|1
blondtrip24|('sane', '?')|1
blondtrip24|('What', 'sorta')|1
blondtrip24|('sorta', 'woman')|1
blondtrip24|('woman', 'are')|1
blondtrip24|('are', 'you')|1
blondtrip24|('you', 'in')|1
blondtrip24|('in', '2')|1
blondtrip24|('2', '?')|1
blondtrip24|('?', 'im')|1
blondtrip24|('im', 'not')|1
blondtrip24|('not', 'a')|1
blondtrip24|('a', 'bot')|1
blondtrip24|('bot', 'but')|1
blondtrip24|('but', 'you')|1
blondtrip24|('you', "'re")|1
blondtrip24|("'re", 'getting')|1
blondtrip24|('getting', 'weird')|1
blondtrip24|('weird', 'so')|1
blondtrip24|('so', '...')|1
blondtrip24|('...', 'whatever')|1
blondtrip24|('whatever', '..')|1
blondtrip24|('..', 'Suppose')|1
blondtrip24|('Suppose', 'I')|1
blondtrip24|('I', 'ask')|1
blondtrip24|('ask', 'ya')|1
blondtrip24|('ya', 'a')|1
blondtrip24|('a', 'straightforward')|1
blondtrip24|('straightforward', 'question')|1
blondtrip24|('question', '?')|1
blondtrip24|('?', 'I')|2
blondtrip24|('I', 'like')|1
blondtrip24|('like', 'a')|1
blondtrip24|('a', 'someone')|1
blondtrip24|('someone', 'who')|1
blondtrip24|('who', 'knows')|1
blondtrip24|('knows', 'how')|1
blondtrip24|('how', 'to')|1
blondtrip24|('to', 'satisfy')|1
blondtrip24|('satisfy', 'a')|1
blondtrip24|('a', 'lady')|1
blondtrip24|('lady', '..')|1
blondtrip24|('..', 'Have')|1
blondtrip24|('Have', 'you')|1
blondtrip24|('you', 'ever')|1
blondtrip24|('ever', 'made')|1
blondtrip24|('made', 'a')|1
blondtrip24|('a', 'woman')|1
blondtrip24|('woman', 'orgasm')|1
blondtrip24|('orgasm', ';')|1
blondtrip24|(';', 'X')|1
blondtrip24|('X', '?')|1
blondtrip24|('?', 'haha')|1
blondtrip24|('haha', 'Wish')|1
blondtrip24|('Wish', 'I')|1
blondtrip24|('I', 'could')|1
blondtrip24|('could', 'lay')|1
blondtrip24|('lay', 'there')|1
blondtrip24|('there', 'next')|1
blondtrip24|('next', 'to')|1
blondtrip24|('to', 'you')|1
blondtrip24|('you', ';')|1
blondtrip24|(';', ')')|1
blondtrip24|(')', 'do')|1
blondtrip24|('do', 'ya')|1
blondtrip24|('ya', 'know')|1
blondtrip24|('know', 'if')|1
blondtrip24|('if', 'you')|1
blondtrip24|('you', 'would')|1
blondtrip24|('would', 'get')|1
blondtrip24|('get', 'me')|1
blondtrip24|('me', 'to')|1
blondtrip24|('to', 'climax')|1
blondtrip24|('climax', '?')|1
blondtrip24|('?', 'lol')|1
blondtrip24|('lol', 'alright')|1
blondtrip24|('alright', 'I')|1
blondtrip24|('I', 'am')|1
blondtrip24|('am', 'into')|1
blondtrip24|('into', 'u.')|1
blondtrip24|('u.', 'do')|1
blondtrip24|('do', 'u')|1
blondtrip24|('u', 'fancy')|1
blondtrip24|('fancy', 'gals')|1
blondtrip24|('gals', 'with')|1
blondtrip24|('with', 'a')|1
blondtrip24|('a', 'bunch')|1
blondtrip24|('bunch', 'of')|1
blondtrip24|('of', 'tatoos')|1
blondtrip24|('tatoos', '?')|1
blondtrip24|('I', "'m")|1
blondtrip24|("'m", 'sorta')|1
blondtrip24|('sorta', 'gettin')|1
blondtrip24|('gettin', 'a')|1
blondtrip24|('a', 'lil')|1
blondtrip24|('lil', 'horny')|1
blondtrip24|('horny', 'haha')|1
blondtrip24|('haha', '...')|1
blondtrip24|('...', 'u')|3
blondtrip24|('u', 'wan')|1
blondtrip24|('wan', 'na')|1
blondtrip24|('na', 'see')|1
blondtrip24|('see', 'some')|1
blondtrip24|('some', 'more')|1
blondtrip24|('more', 'pix')|1
blondtrip24|('pix', '?')|1
blondtrip24|('?', 'tell')|1
blondtrip24|('tell', 'me')|1
blondtrip24|('me', 'you')|1
blondtrip24|('you', 'need')|1
blondtrip24|('need', 'it')|1
blondtrip24|('it', 'sugar')|1
blondtrip24|('sugar', 'it')|1
blondtrip24|('it', 'gets')|1
blondtrip24|('gets', 'me')|1
blondtrip24|('me', 'hot')|1
blondtrip24|('hot', '..')|1
blondtrip24|('..', 'nan')|1
blondtrip24|('nan', 'Tell')|1
blondtrip24|('Tell', 'me')|1
blondtrip24|('me', 'what')|1
blondtrip24|('what', 'u')|1
blondtrip24|('u', "'d")|1
blondtrip24|("'d", 'do')|1
blondtrip24|('do', '2')|1
blondtrip24|('2', 'me')|1
blondtrip24|('me', '...')|1
blondtrip24|('u', 'want')|2
blondtrip24|('want', 'to')|1
blondtrip24|('to', 'c')|1
blondtrip24|('c', 'more')|1
blondtrip24|('more', 'this')|1
blondtrip24|('this', 'time')|1
blondtrip24|('time', '?')|1
blondtrip24|('?', '?')|2
blondtrip24|('?', 'nan')|2
blondtrip24|('nan', 'U')|1
blondtrip24|('U', 'like')|1
blondtrip24|('like', 'that')|1
blondtrip24|('that', '?')|1
blondtrip24|('?', 'Give')|1
blondtrip24|('Give', 'me')|1
blondtrip24|('me', 'one')|1
blondtrip24|('one', 'of')|1
blondtrip24|('of', 'you')|1
blondtrip24|('you', '..')|1
blondtrip24|('..', 'make')|1
blondtrip24|('make', 'it')|1
blondtrip24|('it', 'a')|1
blondtrip24|('a', 'really')|1
blondtrip24|('really', 'sexy')|1
blondtrip24|('sexy', 'one')|1
blondtrip24|('one', '!')|1
blondtrip24|('!', 'i')|1
blondtrip24|('i', "'m")|1
blondtrip24|("'m", 'honestly')|1
blondtrip24|('honestly', 'gettin')|1
blondtrip24|('gettin', 'sort')|1
blondtrip24|('sort', 'of')|1
blondtrip24|('of', 'turned')|1
blondtrip24|('turned', 'on')|1
blondtrip24|('on', '...')|1
blondtrip24|('want', '2')|1
blondtrip24|('2', 'see')|1
blondtrip24|('see', 'my')|1
blondtrip24|('my', 'back')|1
blondtrip24|('back', 'side')|1
blondtrip24|('side', '?')|1
blondtrip24|('nan', 'I')|1
blondtrip24|('I', 'can')|1
blondtrip24|('can', 'not')|1
blondtrip24|('not', 'take')|1
blondtrip24|('take', 'it')|1
blondtrip24|('it', 'nemore')|1
blondtrip24|('nemore', '...')|1
blondtrip24|('...', 'cum')|1
blondtrip24|('cum', 'see')|1
blondtrip24|('see', 'me')|1
blondtrip24|('me', 'right')|1
blondtrip24|('right', 'now')|1
blondtrip24|('now', '.')|1
blondtrip24|('.', 'check')|1
blondtrip24|('check', 'out')|1
blondtrip24|('out', 'my')|1
blondtrip24|('my', 'page')|1
blondtrip24|('page', 'here')|1
blondtrip24|('here', 'make')|1
blondtrip24|('make', 'sure')|1
blondtrip24|('sure', 'u')|1
blondtrip24|('u', 'save')|1
blondtrip24|('save', 'the')|1
blondtrip24|('the', 'invite')|1
blondtrip24|('invite', '..')|1
blondtrip24|('..', 'Hey')|1
blondtrip24|('Hey', 'safesharesecure.com/badbeach20')|1
blondtrip24|('safesharesecure.com/badbeach20', '?')|1
blondtrip24|('?', '2Er8bTR')|1
kikteam|('In', 'the')|1
kikteam|('the', 'meantime')|1
kikteam|('meantime', ',')|1
kikteam|(',', 'try')|1
kikteam|('try', 'joining')|1
kikteam|('joining', 'a')|1
kikteam|('a', 'Public')|1
kikteam|('Public', 'Group')|1
kikteam|('Group', 'that')|1
kikteam|('that', 'interests')|1
kikteam|('interests', 'you')|1
kikteam|('you', '!')|1
kikteam|('!', 'Welcome')|1
kikteam|('Welcome', 'to')|1
kikteam|('to', 'Kik')|1
kikteam|('Kik', '!')|1
kikteam|('!', 'If')|1
kikteam|('If', 'you')|1
kikteam|('you', 'have')|1
kikteam|('have', 'any')|1
kikteam|('any', 'questions')|1
kikteam|('questions', ',')|1
kikteam|(',', 'send')|1
kikteam|('send', 'me')|1
kikteam|('me', 'a')|1
kikteam|('a', 'message')|1
kikteam|('message', '.')|1
kikteam|('.', 'I')|1
kikteam|('I', "'ll")|1
kikteam|("'ll", 'do')|1
kikteam|('do', 'my')|1
kikteam|('my', 'best')|1
kikteam|('best', 'to')|1
kikteam|('to', 'help')|1
kikteam|('help', ':')|1
kikteam|(':', ')')|1
kikteam|(')', 'nan')|1
ladyancy96|('Do', 'you')|1
ladyancy96|('you', 'recognize')|1
ladyancy96|('recognize', 'me')|1
ladyancy96|('me', '?')|1
ladyancy96|('?', 'I')|1
ladyancy96|('I', 'dunno')|1
ladyancy96|('dunno', 'how')|1
ladyancy96|('how', 'i')|1
ladyancy96|('i', 'had')|1
ladyancy96|('had', 'ur')|1
ladyancy96|('ur', 'phone')|1
ladyancy96|('phone', 'num')|1
ladyancy96|('num', 'in')|1
ladyancy96|('in', 'my')|1
ladyancy96|('my', 'phone')|1
ladyancy96|('phone', 'but')|1
ladyancy96|('but', 'it')|1
ladyancy96|('it', 'recommended')|1
ladyancy96|('recommended', 'I')|1
ladyancy96|('I', 'add')|1
ladyancy96|('add', 'ya')|1
ladyancy96|('ya', ',')|1
ladyancy96|(',', ',')|3
ladyancy96|(',', 'My')|1
ladyancy96|('My', 'roomie')|1
ladyancy96|('roomie', 'and')|1
ladyancy96|('and', 'me')|1
ladyancy96|('me', 'going')|1
ladyancy96|('going', 'nutty')|1
ladyancy96|('nutty', 'over')|1
ladyancy96|('over', 'here')|1
ladyancy96|('here', 'with')|1
ladyancy96|('with', 'this')|1
ladyancy96|('this', 'social')|1
ladyancy96|('social', 'distance')|1
ladyancy96|('distance', 'and')|1
ladyancy96|('and', 'quarantine')|1
ladyancy96|('quarantine', ',')|1
ladyancy96|(',', 'what')|1
ladyancy96|('what', 'are')|1
ladyancy96|('are', 'you')|2
ladyancy96|('you', 'doin')|1
ladyancy96|('doin', '?')|1
ladyancy96|('?', 'What')|1
ladyancy96|('What', 'do')|1
ladyancy96|('do', 'u')|3
ladyancy96|('u', 'like')|1
ladyancy96|('like', 'to')|1
ladyancy96|('to', 'do')|1
ladyancy96|('do', 'to')|1
ladyancy96|('to', 'kill')|1
ladyancy96|('kill', 'time')|1
ladyancy96|('time', '?')|1
ladyancy96|('?', 'what')|2
ladyancy96|('what', 'sort')|1
ladyancy96|('sort', 'of')|1
ladyancy96|('of', 'women')|1
ladyancy96|('women', 'are')|1
ladyancy96|('you', 'in')|1
ladyancy96|('in', '2')|1
ladyancy96|('2', '?')|1
ladyancy96|('what', 'if')|1
ladyancy96|('if', 'I')|1
ladyancy96|('I', 'ask')|1
ladyancy96|('ask', 'u')|1
ladyancy96|('u', 'a')|1
ladyancy96|('a', 'serious')|1
ladyancy96|('serious', 'question')|1
ladyancy96|('question', '?')|1
ladyancy96|('?', 'i')|2
ladyancy96|('i', 'luv')|1
ladyancy96|('luv', 'a')|1
ladyancy96|('a', 'somebody')|1
ladyancy96|('somebody', 'who')|1
ladyancy96|('who', 'knows')|1
ladyancy96|('knows', 'how')|1
ladyancy96|('how', '2')|1
ladyancy96|('2', 'satisfy')|1
ladyancy96|('satisfy', 'a')|1
ladyancy96|('a', 'girl')|2
ladyancy96|('girl', '...')|1
ladyancy96|('...', 'have')|1
ladyancy96|('have', 'u')|1
ladyancy96|('u', 'ever')|1
ladyancy96|('ever', 'made')|1
ladyancy96|('made', 'a')|1
ladyancy96|('girl', 'cum')|1
ladyancy96|('cum', ':')|1
ladyancy96|(':', 'X')|1
ladyancy96|('X', '!')|1
ladyancy96|('!', '?')|1
ladyancy96|('?', 'haha')|2
ladyancy96|('haha', ';')|1
ladyancy96|(';', 'P')|1
ladyancy96|('P', 'I')|1
ladyancy96|('I', "'m")|1
ladyancy96|("'m", 'not')|1
ladyancy96|('not', 'a')|1
ladyancy96|('a', 'bot')|1
ladyancy96|('bot', 'but')|1
ladyancy96|('but', 'youre')|1
ladyancy96|('youre', 'getting')|1
ladyancy96|('getting', 'weird')|1
ladyancy96|('weird', 'so')|1
ladyancy96|('so', '..')|1
ladyancy96|('..', 'whatever')|1
ladyancy96|('whatever', '..')|1
ladyancy96|('..', 'no')|1
ladyancy96|('no', 'scam')|1
ladyancy96|('scam', 'here')|1
ladyancy96|('here', '.')|1
ladyancy96|('.', 'if')|1
ladyancy96|('if', 'you')|1
ladyancy96|('you', 'dont')|1
ladyancy96|('dont', 'want')|1
ladyancy96|('want', '2')|1
ladyancy96|('2', 'c')|1
ladyancy96|('c', 'me')|1
ladyancy96|('me', 'it')|1
ladyancy96|('it', "'s")|1
ladyancy96|("'s", 'fine')|1
ladyancy96|('fine', 'dont')|1
ladyancy96|('dont', 'get')|1
ladyancy96|('get', 'all')|1
ladyancy96|('all', 'weird')|1
ladyancy96|('weird', 'on')|1
ladyancy96|('on', 'me')|1
ladyancy96|('me', 'though')|1
ladyancy96|('though', 'ok')|1
ladyancy96|('ok', '?')|1
ladyancy96|('?', 'do')|1
ladyancy96|('u', 'suppose')|1
ladyancy96|('suppose', 'you')|1
ladyancy96|('you', 'can')|1
ladyancy96|('can', 'make')|1
ladyancy96|('make', 'me')|1
ladyancy96|('me', 'cum')|1
ladyancy96|('cum', '?')|1
ladyancy96|('haha', 'alright')|1
ladyancy96|('alright', 'I')|1
ladyancy96|('I', 'like')|1
ladyancy96|('like', 'u.')|1
ladyancy96|('u.', 'do')|1
ladyancy96|('u', 'fancy')|1
ladyancy96|('fancy', 'chicks')|1
ladyancy96|('chicks', 'with')|1
ladyancy96|('with', 'a')|1
ladyancy96|('a', 'bunch')|1
ladyancy96|('bunch', 'of')|1
ladyancy96|('of', 'tatoos')|1
ladyancy96|('tatoos', '?')|1
ladyancy96|('i', "'m")|1
ladyancy96|("'m", 'kind')|1
ladyancy96|('kind', 'of')|1
ladyancy96|('of', 'getting')|1
ladyancy96|('getting', 'a')|1
ladyancy96|('a', 'lil')|1
ladyancy96|('lil', 'horny')|1
ladyancy96|('horny', 'haha')|1
ladyancy96|('haha', '...')|1
ladyancy96|('...', 'u')|1
ladyancy96|('u', 'want')|1
ladyancy96|('want', 'to')|1
ladyancy96|('to', 'c')|1
ladyancy96|('c', 'some')|1
ladyancy96|('some', 'more')|1
ladyancy96|('more', 'pics')|1
ladyancy96|('pics', '?')|1
ladyancy96|('?', 'beg')|1
ladyancy96|('beg', 'me')|1
ladyancy96|('me', 'for')|1
ladyancy96|('for', 'it')|1
ladyancy96|('it', 'sugar')|1
ladyancy96|('sugar', 'it')|1
ladyancy96|('it', 'makes')|1
ladyancy96|('makes', 'me')|1
ladyancy96|('me', 'hot')|1
ladyancy96|('hot', '..')|1
ladyancy96|('..', 'nan')|1
ladyancy96|('nan', 'tell')|1
ladyancy96|('tell', 'me')|1
ladyancy96|('me', 'what')|1
ladyancy96|('what', 'you')|1
ladyancy96|('you', "'d")|1
ladyancy96|("'d", 'do')|1
ladyancy96|('do', '2')|1
ladyancy96|('2', 'me')|1
ladyancy96|('me', '..')|1
ladyancy96|('..', 'Hello')|1
maverick|('Stop', 'harassment')|1
maverick|('harassment', 'dude')|1
maverick|('dude', 'How.many')|1
maverick|('How.many', 'bloody')|1
maverick|('bloody', 'chat')|1
maverick|('chat', 'apps')|1
maverick|('apps', 'do')|1
maverick|('do', 'you')|1
maverick|('you', 'need')|1
maverick|('need', '?')|1
maverick|('?', 'photo')|2
maverick|('photo', 'photo')|1
maverick|('photo', 'U')|1
maverick|('U', 'like')|1
maverick|('like', '?')|1
maverick|('?', '1000kr')|1
maverick|('1000kr', 'In')|1
maverick|('In', 'your')|1
maverick|('your', 'dreams')|1
maverick|('dreams', 'lazy')|1
maverick|('lazy', 'boy')|1
maverick|('boy', 'I')|1
maverick|('I', 'was')|1
maverick|('was', 'the')|1
maverick|('the', 'one')|1
maverick|('one', 'who')|1
maverick|('who', 'went')|1
maverick|('went', 'out')|1
maverick|('out', 'Mr')|1
maverick|('Mr', 'flat')|1
maverick|('flat', 'battery')|1
maverick|('battery', 'LMAO')|1
maverick|('LMAO', 'Yes')|1
maverick|('Yes', 'yes')|1
maverick|('yes', 'let')|1
maverick|('let', "'s")|1
maverick|("'s", 'go')|1
maverick|('go', '....')|1
maverick|('....', 'I')|1
maverick|('I', 'want')|1
maverick|('want', 'some')|1
maverick|('some', 'Easter')|1
maverick|('Easter', 'Eggs')|1
maverick|('Eggs', '🥚😋')|1
maverick|('🥚😋', 'Nah')|1
maverick|('Nah', 'man')|1
maverick|('man', '.')|1
maverick|('.', 'I')|1
maverick|('I', 'just')|1
maverick|('just', 'brought')|1
maverick|('brought', 'chocolate')|1
maverick|('chocolate', 'photo')|1
maverick|('photo', 'Did')|1
maverick|('Did', 'you')|1
maverick|('you', 'mean')|1
maverick|('mean', 'to')|1
maverick|('to', 'make')|1
maverick|('make', 'that')|1
maverick|('that', 'terrible')|1
maverick|('terrible', 'pun')|1
maverick|('pun', '?')|1
maverick|('?', 'video')|1
maverick|('video', 'Stockholms')|1
maverick|('Stockholms', 'län')|1
maverick|('län', 'Skattegårdsvägen')|1
maverick|('Skattegårdsvägen', '264')|1
maverick|('264', 'http')|1
maverick|('http', ':')|1
maverick|(':', '//maps.google.com/maps')|1
maverick|('//maps.google.com/maps', '?')|1
maverick|('?', 'q=59.378881864903704')|1
maverick|('q=59.378881864903704', '%')|1
maverick|('%', '2C17.8445615619421')|1
maverick|('2C17.8445615619421', 'Well.now.I.am')|1
maverick|('Well.now.I.am', 'here')|1
maverick|('here', '?')|1
maverick|('photo', 'You')|2
maverick|('You', 'are')|1
maverick|('are', 'rubbish')|1
maverick|('rubbish', 'I')|1
maverick|('I', 'assume')|1
maverick|('assume', 'that')|1
maverick|('that', 'was')|1
maverick|('was', 'an')|1
maverick|('an', 'attempt')|1
maverick|('attempt', 'at')|1
maverick|('at', 'an')|1
maverick|('an', 'insult')|1
maverick|('insult', '?')|1
maverick|('?', '?')|3
maverick|('?', 'Better')|1
maverick|('Better', 'luck')|1
maverick|('luck', 'next')|1
maverick|('next', 'time')|1
maverick|('time', 'photo')|1
maverick|('You', 'got.my')|1
maverick|('got.my', 'back')|1
maverick|('back', 'OK')|1
maverick|('OK', '?')|1
maverick|('?', 'So')|1
maverick|('So', 'are')|1
maverick|('are', 'you')|1
maverick|('you', 'up')|1
maverick|('up', 'for')|1
maverick|('for', 'a')|1
maverick|('a', 'chat')|1
maverick|('chat', 'now')|1
maverick|('now', 'Goose')|1
maverick|('Goose', '?')|1
maverick|('?', 'Wrong')|1
maverick|('Wrong', 'answer')|1
maverick|('answer', 'Gooose')|1
maverick|('Gooose', 'photo')|1
maverick|('photo', 'This')|1
maverick|('This', 'has')|1
maverick|('has', 'your')|1
maverick|('your', 'name')|1
maverick|('name', 'on')|1
maverick|('on', 'it')|1
maverick|('it', '...')|1
status@broadcast|('nan', 'nan')|19
