Platform|Sender Name|Sender AppID|Recipient Name|Recipient AppID|Text|Timestamp|Direction|Attachments
Kik|Mike.Jonson|mike.dickinson_bl8@talk.kik.com|Maverick.4444|maverick.4444_ul7@talk.kik.com|Yet maybe not smart. Good point.|13.03.2021 12:53:15 UTC+01:00|Outgoing|
Kik|Mike.Jonson|mike.dickinson_bl8@talk.kik.com|Maverick.4444|maverick.4444_ul7@talk.kik.com||16.03.2021 11:10:34 UTC+01:00|Outgoing|"{""Path"": ""BadBoy_Samsung_S8/Attachments/File/0/Messages-Chat/Messages-Chat_4/978f131b41e22beffbb911cae0f34ce7.jpg"", ""id"": 3}"
Kik|Maverick.4444|maverick.4444_ul7@talk.kik.com|Mike.Jonson||No thanks|16.03.2021 11:39:31 UTC+01:00|Incoming|
Kik|Maverick.4444|maverick.4444_ul7@talk.kik.com|Mike.Jonson||Should u be using this channel?|28.03.2021 12:18:13 UTC+02:00|Incoming|
Kik|Mike.Jonson|mike.dickinson_bl8@talk.kik.com|Maverick.4444|maverick.4444_ul7@talk.kik.com|So what's up dog?|28.03.2021 12:18:13 UTC+02:00|Outgoing|
Kik|Mike.Jonson|mike.dickinson_bl8@talk.kik.com|blondtrip24|blondtrip24_cre@talk.kik.com|Hi Sadie. I am shy.|28.03.2021 12:17:43 UTC+02:00|Outgoing|
Kik|blondtrip24|blondtrip24_cre@talk.kik.com|Mike.Jonson||Do u recognize me? iono how i have your num in my contacts but it recommended I add ya,,,|28.03.2021 12:19:00 UTC+02:00|Incoming|
Kik|Mike.Jonson|mike.dickinson_bl8@talk.kik.com|blondtrip24|blondtrip24_cre@talk.kik.com|No sorry. I don't know many ladies.|28.03.2021 12:19:25 UTC+02:00|Outgoing|
Kik|Mike.Jonson|mike.dickinson_bl8@talk.kik.com|blondtrip24|blondtrip24_cre@talk.kik.com|This is a wild guess but do you have a roomie...?|28.03.2021 12:20:12 UTC+02:00|Outgoing|
Kik|Mike.Jonson|mike.dickinson_bl8@talk.kik.com|blondtrip24|blondtrip24_cre@talk.kik.com|Bingo buzzword quarantine  and social distance?|28.03.2021 12:20:37 UTC+02:00|Outgoing|
Kik|blondtrip24|blondtrip24_cre@talk.kik.com|Mike.Jonson||My girl and i going nutty over here with this social isolation and quarantine,, so what r you doin?|28.03.2021 12:20:42 UTC+02:00|Incoming|
Kik|Mike.Jonson|mike.dickinson_bl8@talk.kik.com|blondtrip24|blondtrip24_cre@talk.kik.com|What do u like to do to kill time?|28.03.2021 12:21:06 UTC+02:00|Outgoing|
Kik|Mike.Jonson|mike.dickinson_bl8@talk.kik.com|blondtrip24|blondtrip24_cre@talk.kik.com|"What sort of ""humans"" are you in 2?"|28.03.2021 12:22:24 UTC+02:00|Outgoing|
Kik|Mike.Jonson|mike.dickinson_bl8@talk.kik.com|blondtrip24|blondtrip24_cre@talk.kik.com|Do you want to ask me a serious question?|28.03.2021 12:22:58 UTC+02:00|Outgoing|
Kik|blondtrip24|blondtrip24_cre@talk.kik.com|Mike.Jonson||What do you like to do to stay sane?|28.03.2021 12:23:33 UTC+02:00|Incoming|
Kik|Mike.Jonson|mike.dickinson_bl8@talk.kik.com|blondtrip24|blondtrip24_cre@talk.kik.com|Talk to chat bots who will attempt to compromise me|28.03.2021 12:24:14 UTC+02:00|Outgoing|
Kik|blondtrip24|blondtrip24_cre@talk.kik.com|Mike.Jonson||What sorta woman are you in 2?|28.03.2021 12:25:54 UTC+02:00|Incoming|
Kik|blondtrip24|blondtrip24_cre@talk.kik.com|Mike.Jonson||im not a bot but you're getting weird so... whatever..|28.03.2021 12:26:13 UTC+02:00|Incoming|
Kik|Mike.Jonson|mike.dickinson_bl8@talk.kik.com|blondtrip24|blondtrip24_cre@talk.kik.com|The sort who manipulate me.|28.03.2021 12:29:31 UTC+02:00|Outgoing|
Kik|blondtrip24|blondtrip24_cre@talk.kik.com|Mike.Jonson||Suppose I ask ya a straightforward question?|28.03.2021 12:32:34 UTC+02:00|Incoming|
Kik|Mike.Jonson|mike.dickinson_bl8@talk.kik.com|blondtrip24|blondtrip24_cre@talk.kik.com|Sure. I guess it will be something naughty now?|28.03.2021 12:56:31 UTC+02:00|Outgoing|
Kik|blondtrip24|blondtrip24_cre@talk.kik.com|Mike.Jonson||I like a someone who knows how to satisfy a lady.. Have you ever made a woman orgasm ;X? haha|28.03.2021 12:58:39 UTC+02:00|Incoming|
Kik|Mike.Jonson|mike.dickinson_bl8@talk.kik.com|blondtrip24|blondtrip24_cre@talk.kik.com|Nope. I am useless in bed.|28.03.2021 13:01:22 UTC+02:00|Outgoing|
Kik|blondtrip24|blondtrip24_cre@talk.kik.com|Mike.Jonson||Wish I could lay there next to you ;)|28.03.2021 13:02:38 UTC+02:00|Incoming|
Kik|Mike.Jonson|mike.dickinson_bl8@talk.kik.com|blondtrip24|blondtrip24_cre@talk.kik.com|How exciting from a complete stranger|28.03.2021 13:03:52 UTC+02:00|Outgoing|
Kik|blondtrip24|blondtrip24_cre@talk.kik.com|Mike.Jonson||do ya know if you would get me to climax?|28.03.2021 13:05:27 UTC+02:00|Incoming|
Kik|Mike.Jonson|mike.dickinson_bl8@talk.kik.com|blondtrip24|blondtrip24_cre@talk.kik.com|I don't know. This is all a bit new and confusing to me...|28.03.2021 13:07:03 UTC+02:00|Outgoing|
Kik|blondtrip24|blondtrip24_cre@talk.kik.com|Mike.Jonson||lol alright I am into u. do u fancy gals with a bunch of tatoos?|28.03.2021 13:09:00 UTC+02:00|Incoming|
Kik|Mike.Jonson|mike.dickinson_bl8@talk.kik.com|blondtrip24|blondtrip24_cre@talk.kik.com|I don't mind|28.03.2021 13:18:12 UTC+02:00|Outgoing|
Kik|blondtrip24|blondtrip24_cre@talk.kik.com|Mike.Jonson||I'm sorta gettin a lil horny haha... u wanna see some more pix?|28.03.2021 13:20:13 UTC+02:00|Incoming|
Kik|Mike.Jonson|mike.dickinson_bl8@talk.kik.com|blondtrip24|blondtrip24_cre@talk.kik.com|Yes please and thank you|28.03.2021 13:22:17 UTC+02:00|Outgoing|
Kik|blondtrip24|blondtrip24_cre@talk.kik.com|Mike.Jonson||tell me you need it sugar it gets me hot..|28.03.2021 13:24:36 UTC+02:00|Incoming|
Kik|Mike.Jonson|mike.dickinson_bl8@talk.kik.com|blondtrip24|blondtrip24_cre@talk.kik.com|Yes I need it. With sugar on top.|28.03.2021 13:25:04 UTC+02:00|Outgoing|
Kik|blondtrip24|blondtrip24_cre@talk.kik.com|Mike.Jonson|||28.03.2021 13:27:03 UTC+02:00|Incoming|"{""Path"": ""BadBoy_Samsung_S8/Attachments/File/0/Messages-Chat/Messages-Chat_35/810bfede342497c2315160d617e59879.jpg"", ""id"": 34}"
Kik|Mike.Jonson|mike.dickinson_bl8@talk.kik.com|blondtrip24|blondtrip24_cre@talk.kik.com|Oh wow. Thank you so much.|28.03.2021 13:38:18 UTC+02:00|Outgoing|
Kik|Mike.Jonson|mike.dickinson_bl8@talk.kik.com|blondtrip24|blondtrip24_cre@talk.kik.com|So now what do I do?|28.03.2021 13:51:15 UTC+02:00|Outgoing|
Kik|Mike.Jonson|mike.dickinson_bl8@talk.kik.com|blondtrip24|blondtrip24_cre@talk.kik.com|Oh no have I lost you already???|28.03.2021 13:55:53 UTC+02:00|Outgoing|
Kik|blondtrip24|blondtrip24_cre@talk.kik.com|Mike.Jonson||Tell me what u'd do 2 me...|28.03.2021 14:24:19 UTC+02:00|Incoming|
Kik|Mike.Jonson|mike.dickinson_bl8@talk.kik.com|blondtrip24|blondtrip24_cre@talk.kik.com|Look longingly at you|28.03.2021 14:44:51 UTC+02:00|Outgoing|
Kik|blondtrip24|blondtrip24_cre@talk.kik.com|Mike.Jonson||u want to c more this time???|28.03.2021 14:47:05 UTC+02:00|Incoming|
Kik|Mike.Jonson|mike.dickinson_bl8@talk.kik.com|blondtrip24|blondtrip24_cre@talk.kik.com|Yes|28.03.2021 14:47:44 UTC+02:00|Outgoing|
Kik|blondtrip24|blondtrip24_cre@talk.kik.com|Mike.Jonson|||28.03.2021 14:49:32 UTC+02:00|Incoming|"{""Path"": ""BadBoy_Samsung_S8/Attachments/File/0/Messages-Chat/Messages-Chat_43/43b95f0b56098bdbf1cea5b4a777eeb8.jpg"", ""id"": 42}"
Kik|Mike.Jonson|mike.dickinson_bl8@talk.kik.com|blondtrip24|blondtrip24_cre@talk.kik.com|Thank you|28.03.2021 14:50:15 UTC+02:00|Outgoing|
Kik|blondtrip24|blondtrip24_cre@talk.kik.com|Mike.Jonson||U like that? Give me one of you.. make it a really sexy one!|28.03.2021 14:52:14 UTC+02:00|Incoming|
Kik|Mike.Jonson|mike.dickinson_bl8@talk.kik.com|blondtrip24|blondtrip24_cre@talk.kik.com|Ok what do you want to see?|28.03.2021 15:24:34 UTC+02:00|Outgoing|
Kik|blondtrip24|blondtrip24_cre@talk.kik.com|Mike.Jonson||i'm honestly gettin sort of turned on... u want 2 see my back side?|28.03.2021 15:27:37 UTC+02:00|Incoming|
Kik|Mike.Jonson|mike.dickinson_bl8@talk.kik.com|blondtrip24|blondtrip24_cre@talk.kik.com|Ok|28.03.2021 15:39:43 UTC+02:00|Outgoing|
Kik|blondtrip24|blondtrip24_cre@talk.kik.com|Mike.Jonson|||28.03.2021 15:42:21 UTC+02:00|Incoming|"{""Path"": ""BadBoy_Samsung_S8/Attachments/File/0/Messages-Chat/Messages-Chat_49/e7d85a77a0d4c2efb57006138a73295.jpg"", ""id"": 48}"
Kik|Mike.Jonson|mike.dickinson_bl8@talk.kik.com|blondtrip24|blondtrip24_cre@talk.kik.com|That's your back side?|28.03.2021 15:43:19 UTC+02:00|Outgoing|
Kik|blondtrip24|blondtrip24_cre@talk.kik.com|Mike.Jonson||I cannot take it nemore... cum see me right now. check out my page here|28.03.2021 15:45:09 UTC+02:00|Incoming|
Kik|blondtrip24|blondtrip24_cre@talk.kik.com|Mike.Jonson||make sure u save the invite..|28.03.2021 15:45:23 UTC+02:00|Incoming|
Kik|blondtrip24|blondtrip24_cre@talk.kik.com|Mike.Jonson||Hey|28.03.2021 15:45:38 UTC+02:00|Incoming|
Kik|blondtrip24|blondtrip24_cre@talk.kik.com|Mike.Jonson||safesharesecure.com/badbeach20?2Er8bTR|28.03.2021 15:45:38 UTC+02:00|Incoming|
Telegram|Bad Boy|1585569757|Maverick SOB||👍 alright geezer?|16.03.2021 11:26:38 UTC+01:00  |Outgoing|
Telegram|Maverick SOB|1605396189|Bad Boy|1585569757|Oh jeez. U r everywhere|16.03.2021 11:27:12 UTC+01:00  |Incoming|
Telegram|Maverick SOB|1605396189|Bad Boy|1585569757|What do you want man?|16.03.2021 11:27:24 UTC+01:00  |Incoming|
Telegram|Bad Boy|1585569757|Maverick SOB||I want to trade. The boys let me know you deal in cheap gear and occasionally I get some to sell and every now and then I need to buy...|16.03.2021 11:28:19 UTC+01:00  |Outgoing|
Telegram|Maverick SOB|1605396189|Bad Boy|1585569757|OK but how can I trust you after last time? You really screwed up...|16.03.2021 11:28:48 UTC+01:00  |Incoming|
Telegram|Bad Boy|1585569757|Maverick SOB||Yer I know,  listen I'm sorry man but learnt my lesson. It won't happen again I promise. This time it will be different..|16.03.2021 11:29:36 UTC+01:00  |Outgoing|
Telegram|Maverick SOB|1605396189|Bad Boy|1585569757|Ha yer right. How many times have I heard that shit before. 🤔|16.03.2021 11:29:59 UTC+01:00  |Incoming|
Telegram|Bad Boy|1585569757|Maverick SOB||Seriously you can trust me. I won't make the same mistake twice. I will pay on time and keep your secrets. In my honor|16.03.2021 11:30:48 UTC+01:00  |Outgoing|
Telegram|Maverick SOB|1605396189|Bad Boy|1585569757|I need to speak to Goose about this...|16.03.2021 11:32:22 UTC+01:00  |Incoming|
Telegram|Bad Boy|1585569757|Maverick SOB||Ok I understand,  thanks.|16.03.2021 11:34:32 UTC+01:00  |Outgoing|
Telegram|Bad Boy|1585569757|Maverick SOB||Did he say yes?|16.03.2021 16:31:41 UTC+01:00  |Outgoing|
Telegram|Maverick SOB|1605396189|Bad Boy|1585569757|OK Bad Boy... Goose agreed to give you a second chance,  but you need to do everything we say OK?|17.03.2021 12:15:58 UTC+01:00  |Incoming|
Telegram|Bad Boy|1585569757|Maverick SOB|||17.03.2021 12:16:27 UTC+01:00  |Outgoing|"{""Path"": ""BadBoy_Samsung_S8/Attachments/File/0/Messages-Chat/Messages-Chat_68/4_5949303031001516591.mp4"", ""id"": 14}"
Telegram|Bad Boy|1585569757|Maverick SOB||Yes ok thanks man. You won't regret it..|17.03.2021 12:16:44 UTC+01:00  |Outgoing|
Telegram|Maverick SOB|1605396189|Bad Boy|1585569757|Dear God, please make sure I don't. Sick of cleaning up after others.|17.03.2021 12:17:07 UTC+01:00  |Incoming|
Telegram|Maverick SOB|1605396189|Bad Boy|1585569757|First job. Find us a place to rob..|17.03.2021 12:17:24 UTC+01:00  |Incoming|
Telegram|Bad Boy|1585569757|Maverick SOB||Ok boss will do...|17.03.2021 12:17:36 UTC+01:00  |Outgoing|
Telegram|Bad Boy|1585569757|Maverick SOB||I heard these apartments are super expensive?|17.03.2021 12:22:02 UTC+01:00  |Outgoing|"{""Path"": ""BadBoy_Samsung_S8/Attachments/File/0/Messages-Chat/Messages-Chat_73/400149600238_190930.jpg"", ""id"": 19}"
Telegram|Maverick SOB|1605396189|Bad Boy|1585569757|In the city? Nah man that's someone else's turf. We stick to the suburbs or get whacked.|17.03.2021 12:26:27 UTC+01:00  |Incoming|
Telegram|Maverick SOB|1605396189|Bad Boy|1585569757|Local numbers only|17.03.2021 12:26:41 UTC+01:00  |Incoming|
Telegram|Bad Boy|1585569757|Maverick SOB||https://images.app.goo.gl/W8yKUaPs697HTjms6|17.03.2021 17:45:34 UTC+01:00  |Outgoing|
Telegram|Bad Boy|1585569757|Maverick SOB|||17.03.2021 17:45:56 UTC+01:00  |Outgoing|"{""Path"": ""BadBoy_Samsung_S8/Attachments/File/0/Messages-Chat/Messages-Chat_77/400088300496_413947.jpg"", ""id"": 23}"
Telegram|Bad Boy|1585569757|Maverick SOB||How about this?|17.03.2021 17:46:14 UTC+01:00  |Outgoing|
Telegram|Maverick SOB|1605396189|Bad Boy|1585569757|Maybe. How much do you want?|17.03.2021 18:16:18 UTC+01:00  |Incoming|
Telegram|Bad Boy|1585569757|Maverick SOB||9000kr should be enough to let this little lot go to you my friend|18.03.2021 22:03:14 UTC+01:00  |Outgoing|
Telegram|Maverick SOB|1605396189|Bad Boy|1585569757|Deal|18.03.2021 22:03:34 UTC+01:00  |Incoming|
Telegram|Bad Boy|1585569757|Maverick SOB||Ok let's meet up today for the exchange. I bring the gear and you bring the cash.|19.03.2021 11:30:32 UTC+01:00  |Outgoing|
Telegram|Maverick SOB|1605396189|Bad Boy|1585569757|OK later on meet here.|19.03.2021 11:43:04 UTC+01:00  |Incoming|
Telegram|Maverick SOB|1605396189|Bad Boy|1585569757||19.03.2021 11:44:41 UTC+01:00  |Incoming|
Telegram|Maverick SOB|1605396189|Bad Boy|1585569757|What time do ya think?|19.03.2021 14:47:11 UTC+01:00  |Incoming|
Telegram|Bad Boy|1585569757|Maverick SOB||Next 30 mins???|19.03.2021 16:45:16 UTC+01:00  |Outgoing|
Telegram|Maverick SOB|1605396189|Bad Boy|1585569757|Yer OK I can do that. See you there shortly. Bring the packages 📦|19.03.2021 16:46:31 UTC+01:00  |Incoming|
Telegram|Bad Boy|1585569757|Maverick SOB||Ok and you bring the money. By the way stop calling me 'shortly'|19.03.2021 16:47:09 UTC+01:00  |Outgoing|
Telegram|Bad Boy|1585569757|Maverick SOB||Pleasure doing business with you...|19.03.2021 17:30:03 UTC+01:00  |Outgoing|
Telegram|Maverick SOB|1605396189|Bad Boy|1585569757||19.03.2021 17:30:17 UTC+01:00  |Incoming|"{""Path"": ""BadBoy_Samsung_S8/Attachments/File/0/Messages-Chat/Messages-Chat_90/400120200885_316598.jpg"", ""id"": 36}"
Telegram|Maverick SOB|1605396189|Bad Boy|1585569757|Good idea to make it look like you were just picking up a regular parcel.|19.03.2021 17:30:38 UTC+01:00  |Incoming|
Telegram|Maverick SOB|1605396189|Bad Boy|1585569757|That was an expensive trade|19.03.2021 17:59:40 UTC+01:00  |Incoming|
Telegram|Bad Boy|1585569757|Maverick SOB||One good deal, deserves another..|20.03.2021 13:28:09 UTC+01:00  |Outgoing|
Telegram|Bad Boy|1585569757|Maverick SOB||So how about a drugs trade?|20.03.2021 16:41:51 UTC+01:00  |Outgoing|
Telegram|Maverick SOB|1605396189|Bad Boy|1585569757||20.03.2021 17:14:47 UTC+01:00  |Incoming|"{""Path"": ""BadBoy_Samsung_S8/Attachments/File/0/Messages-Chat/Messages-Chat_95/400168300009_138651.jpg"", ""id"": 41}"
Telegram|Maverick SOB|1605396189|Bad Boy|1585569757|Funnily enough I have a kilo of white powder available...|20.03.2021 17:15:08 UTC+01:00  |Incoming|
Telegram|Bad Boy|1585569757|Maverick SOB||Well how convenient? So what's the price of that then?|20.03.2021 17:15:42 UTC+01:00  |Outgoing|
Telegram|Maverick SOB|1605396189|Bad Boy|1585569757||20.03.2021 17:16:44 UTC+01:00  |Incoming|"{""Path"": ""BadBoy_Samsung_S8/Attachments/File/0/Messages-Chat/Messages-Chat_98/4_5958329299911051784.png"", ""id"": 44}, {""Path"": ""BadBoy_Samsung_S8/Attachments/File/0/Messages-Chat/Messages-Chat_98/4_5958329299911051784(2).png"", ""id"": 46}"
Telegram|Maverick SOB|1605396189|Bad Boy|1585569757|$110,000 allowing for inflation...|20.03.2021 17:17:26 UTC+01:00  |Incoming|
Telegram|Bad Boy|1585569757|Maverick SOB||🤬 fuck that's expensive|20.03.2021 17:18:59 UTC+01:00  |Outgoing|
Telegram|Maverick SOB|1605396189|Bad Boy|1585569757|Yes well finest quality,  very cheap to you my friend. You can cut it down and quadruple the value...|20.03.2021 17:24:12 UTC+01:00  |Incoming|
Telegram|Bad Boy|1585569757|Maverick SOB||Ok I need time to find the cash|20.03.2021 17:24:38 UTC+01:00  |Outgoing|
Telegram|Maverick SOB|1605396189|Bad Boy|1585569757|Tick tock....|20.03.2021 17:24:51 UTC+01:00  |Incoming|
Telegram|Bad Boy|1585569757|Maverick SOB||Ok I can get the cash. Just need 48hrs. When can we trade?|21.03.2021 12:16:12 UTC+01:00  |Outgoing|
Telegram|Maverick SOB|1605396189|Bad Boy|1585569757|Just what I needed to hear thank you. Let's do Wednesday evening.|21.03.2021 12:17:46 UTC+01:00  |Incoming|
Telegram|Bad Boy|1585569757|Maverick SOB||You ready for an exchange?|24.03.2021 08:59:13 UTC+01:00  |Outgoing|
Telegram|Bad Boy|1585569757|Maverick SOB||Yes let's do this.|24.03.2021 18:05:58 UTC+01:00  |Outgoing|
Telegram|Bad Boy|1585569757|Maverick SOB|||24.03.2021 18:06:41 UTC+01:00  |Outgoing|
Telegram|Bad Boy|1585569757|Maverick SOB||Meet me here in 30 mins|24.03.2021 18:06:54 UTC+01:00  |Outgoing|
Telegram|Maverick SOB|1605396189|Bad Boy|1585569757|👌|24.03.2021 18:07:23 UTC+01:00  |Incoming|
Telegram|Maverick SOB|1605396189|Bad Boy|1585569757|I will be there bring the cash and you get the delivery of powder....|24.03.2021 18:07:51 UTC+01:00  |Incoming|
Telegram|Bad Boy|1585569757|Maverick SOB||You there yet. Getting nervous carrying this much cash..|24.03.2021 18:30:12 UTC+01:00  |Outgoing|
Telegram|Maverick SOB|1605396189|Bad Boy|1585569757|10.minutes|24.03.2021 18:31:14 UTC+01:00  |Incoming|
Telegram|Maverick SOB|1605396189|Bad Boy|1585569757|OK I'm here now. Black jacket. Where are you at???|24.03.2021 18:39:35 UTC+01:00  |Incoming|"{""Path"": ""BadBoy_Samsung_S8/Attachments/File/0/Messages-Chat/Messages-Chat_114/400082500986_448193.jpg"", ""id"": 60}"
Telegram|Bad Boy|1585569757|Maverick SOB||Yes ok I around the back of the shop...|24.03.2021 18:40:18 UTC+01:00  |Outgoing|
Telegram|Bad Boy|1585569757|Maverick SOB||Black BMW|24.03.2021 18:40:46 UTC+01:00  |Outgoing|"{""Path"": ""BadBoy_Samsung_S8/Attachments/File/0/Messages-Chat/Messages-Chat_116/400090100879_434033.jpg"", ""id"": 62}"
Telegram|Bad Boy|1585569757|Maverick SOB|||24.03.2021 18:41:27 UTC+01:00  |Outgoing|"{""Path"": ""BadBoy_Samsung_S8/Attachments/File/0/Messages-Chat/Messages-Chat_117/400119700202_330235.jpg"", ""id"": 63}"
Telegram|Bad Boy|1585569757|Maverick SOB||Here|24.03.2021 18:41:29 UTC+01:00  |Outgoing|
Telegram|Maverick SOB|1605396189|Bad Boy|1585569757|OK yes yes I see you 👀|24.03.2021 18:41:49 UTC+01:00  |Incoming|
Telegram|Maverick SOB|1605396189|Bad Boy|1585569757||24.03.2021 18:42:16 UTC+01:00  |Incoming|"{""Path"": ""BadBoy_Samsung_S8/Attachments/File/0/Messages-Chat/Messages-Chat_120/400119700069_329984.jpg"", ""id"": 66}"
Telegram|Maverick SOB|1605396189|Bad Boy|1585569757|Pleasure doing business with you|24.03.2021 18:59:06 UTC+01:00  |Incoming|
Telegram|Bad Boy|1585569757|Maverick SOB||Glad we can work together again. I'll be back for more in due coursem|24.03.2021 19:00:03 UTC+01:00  |Outgoing|
Telegram|Maverick SOB|1605396189|Bad Boy|1585569757|Yer absolutely|24.03.2021 19:02:08 UTC+01:00  |Incoming|
Telegram|Bad Boy|1585569757|Maverick SOB||Business is booming. Going to need another delivery in 2 weeks. Can you deliver?|25.03.2021 18:45:06 UTC+01:00  |Outgoing|
Telegram|Maverick SOB|1605396189|Bad Boy|1585569757|Wow really??? OK let me check ✔|25.03.2021 18:46:58 UTC+01:00  |Incoming|
Telegram|Bad Boy|1585569757|Maverick SOB||Make it a week. This stuff is selling so fast I can't keep up. Need new packages asap|26.03.2021 18:58:26 UTC+01:00  |Outgoing|
Telegram|Maverick SOB|1605396189|Bad Boy|1585569757|God damn. OK I will put another call in...|26.03.2021 19:00:33 UTC+01:00  |Incoming|
Telegram|Maverick SOB|1605396189|Bad Boy|1585569757||26.03.2021 19:05:23 UTC+01:00  |Incoming|"{""Path"": ""BadBoy_Samsung_S8/Attachments/File/0/Messages-Chat/Messages-Chat_128/400088000047_432677.jpg"", ""id"": 74}"
Telegram|Maverick SOB|1605396189|Bad Boy|1585569757|Are you watching me ???|26.03.2021 19:05:31 UTC+01:00  |Incoming|
Telegram|Bad Boy|1585569757|Maverick SOB||No man..stop being so paranoid|26.03.2021 19:06:35 UTC+01:00  |Outgoing|
Telegram|Maverick SOB|1605396189|Bad Boy|1585569757|OK ok|27.03.2021 14:35:10 UTC+01:00  |Incoming|
Telegram|Maverick SOB|1605396189|Bad Boy|1585569757|So you still want stuff???|27.03.2021 14:35:27 UTC+01:00  |Incoming|
Telegram|Bad Boy|1585569757|Maverick SOB||Yer man. Which bit of that last message didn't you understand? I can sell this shit all day long. I am raking in cash...|27.03.2021 14:43:00 UTC+01:00  |Outgoing|
Telegram|Bad Boy|1585569757|Maverick SOB||Give me a delivery date please!|27.03.2021 14:43:23 UTC+01:00  |Outgoing|
Telegram|Maverick SOB|1605396189|Bad Boy|1585569757|OK ok working on it|27.03.2021 14:43:50 UTC+01:00  |Incoming|
Telegram|Bad Boy|1585569757|Maverick SOB|||27.03.2021 15:05:37 UTC+01:00  |Outgoing|"{""Path"": ""BadBoy_Samsung_S8/Attachments/File/0/Messages-Chat/Messages-Chat_136/400091100976_440025.jpg"", ""id"": 82}"
Telegram|Bad Boy|1585569757|Maverick SOB||I need more white lines, this big!|27.03.2021 15:05:49 UTC+01:00  |Outgoing|
Telegram|Maverick SOB|1605396189|Bad Boy|1585569757||27.03.2021 15:06:36 UTC+01:00  |Incoming|"{""Path"": ""BadBoy_Samsung_S8/Attachments/File/0/Messages-Chat/Messages-Chat_138/4_5950916388221616700.mp4"", ""id"": 84}"
Telegram|Maverick SOB|1605396189|Bad Boy|1585569757|Yer OK man I got the message|27.03.2021 15:06:54 UTC+01:00  |Incoming|
Telegram|Maverick SOB|1605396189|Bad Boy|1585569757||29.03.2021 18:01:47 UTC+02:00  |Incoming|"{""Path"": ""BadBoy_Samsung_S8/Attachments/File/0/Messages-Chat/Messages-Chat_140/400094600901_435484.jpg"", ""id"": 86}"
Telegram|Maverick SOB|1605396189|Bad Boy|1585569757|A package has arrived....|29.03.2021 18:01:58 UTC+02:00  |Incoming|
Telegram|Maverick SOB|1605396189|Bad Boy|1585569757|You still in the market ???|29.03.2021 18:02:10 UTC+02:00  |Incoming|
Telegram|Bad Boy|1585569757|Maverick SOB||Yes yes yes|29.03.2021 18:02:58 UTC+02:00  |Outgoing|
Telegram|Bad Boy|1585569757|Maverick SOB||How much|29.03.2021 18:03:01 UTC+02:00  |Outgoing|
Telegram|Maverick SOB|1605396189|Bad Boy|1585569757|Not as big a quantity available this time. 15,000kr for 100 grams|29.03.2021 18:03:57 UTC+02:00  |Incoming|
Telegram|Bad Boy|1585569757|Maverick SOB||Yes deal. I get cash in 24hrs . Can we meet tomorrow at location you choose???|29.03.2021 18:04:39 UTC+02:00  |Outgoing|
Telegram|Maverick SOB|1605396189|Bad Boy|1585569757|Yep. Will let you know.|29.03.2021 18:05:03 UTC+02:00  |Incoming|
Telegram|Maverick SOB|1605396189|Bad Boy|1585569757|Need to speak to someone...|29.03.2021 18:18:36 UTC+02:00  |Incoming|
Telegram|Bad Boy|1585569757|Maverick SOB||Ok 1830hrs ish @ Barkaby Coop tomorrow night. The one by the train station.|29.03.2021 19:25:48 UTC+02:00  |Outgoing|
Telegram|Bad Boy|1585569757|Maverick SOB||Is that the one at Jaktplan 1?|29.03.2021 19:27:16 UTC+02:00  |Outgoing|
Telegram|Maverick SOB|1605396189|Bad Boy|1585569757|OK that works.  See you tomorrow|29.03.2021 19:28:05 UTC+02:00  |Incoming|
Telegram|Bad Boy|1585569757|Maverick SOB||Ok are we still up for an exchange this evening???|30.03.2021 15:44:22 UTC+02:00  |Outgoing|
Telegram|Maverick SOB|1605396189|Bad Boy|1585569757|Yes be there sometime between 6.30-7pm. Will let you know when I leave with a 30 min warning.|30.03.2021 15:45:55 UTC+02:00  |Incoming|
Telegram|Maverick SOB|1605396189|Bad Boy|1585569757|Bring the cash 💸|30.03.2021 15:46:48 UTC+02:00  |Incoming|
Telegram|Bad Boy|1585569757|Maverick SOB||Yes obviously.  15,000kr is the deal. I will be there.|30.03.2021 16:03:53 UTC+02:00  |Outgoing|
Telegram|Bad Boy|1585569757|Maverick SOB|||30.03.2021 16:04:44 UTC+02:00  |Outgoing|"{""Path"": ""BadBoy_Samsung_S8/Attachments/File/0/Messages-Chat/Messages-Chat_156/400086800267_448191.jpg"", ""id"": 102}"
Telegram|Maverick SOB|1605396189|Bad Boy|1585569757|Good 👍|30.03.2021 16:35:20 UTC+02:00  |Incoming|
Telegram|Maverick SOB|1605396189|Bad Boy|1585569757|OK got some jobs done and on schedule. Be there on time or early|30.03.2021 17:39:34 UTC+02:00  |Incoming|
Telegram|Bad Boy|1585569757|Maverick SOB||Ok.... get there when I can. I come alone by train..|30.03.2021 17:39:59 UTC+02:00  |Outgoing|
Telegram|Maverick SOB|1605396189|Bad Boy|1585569757|As and when. Just bring the 💰|30.03.2021 17:40:23 UTC+02:00  |Incoming|
Telegram|Bad Boy|1585569757|Maverick SOB||Be there soon man. U got the gear???|30.03.2021 18:17:50 UTC+02:00  |Outgoing|
Telegram|Maverick SOB|1605396189|Bad Boy|1585569757|Yes you can trust me :)|30.03.2021 18:18:27 UTC+02:00  |Incoming|
Telegram|Maverick SOB|1605396189|Bad Boy|1585569757|Meet me outside back of shop|30.03.2021 18:18:44 UTC+02:00  |Incoming|
Telegram|Maverick SOB|1605396189|Bad Boy|1585569757|Meet me here.|30.03.2021 18:24:35 UTC+02:00  |Incoming|
Telegram|Maverick SOB|1605396189|Bad Boy|1585569757||30.03.2021 18:24:39 UTC+02:00  |Incoming|"{""Path"": ""BadBoy_Samsung_S8/Attachments/File/0/Messages-Chat/Messages-Chat_165/400086700463_449004.jpg"", ""id"": 111}"
Telegram|Maverick SOB|1605396189|Bad Boy|1585569757||30.03.2021 18:24:47 UTC+02:00  |Incoming|
Telegram|Bad Boy|1585569757|Maverick SOB||Yep coming now...|30.03.2021 18:29:00 UTC+02:00  |Outgoing|
Telegram|Bad Boy|1585569757|Maverick SOB||Pleasure doing business with you again...|30.03.2021 18:34:13 UTC+02:00  |Outgoing|
Telegram|Maverick SOB|1605396189|Bad Boy|1585569757|Likewise. Call again ;)|30.03.2021 18:36:21 UTC+02:00  |Incoming|
Telegram|Maverick SOB|1605396189|Bad Boy|1585569757|Hey. If you hear from Goose, let me know please.  We had a disagreement.  Want to make sure he doesn't start doing deals behind my back.... I am your supplier OK???|01.04.2021 18:31:52 UTC+02:00  |Incoming|
Telegram|Bad Boy|1585569757|Maverick SOB||Is this some sort of sick April Fools joke???|01.04.2021 18:34:23 UTC+02:00  |Outgoing|
Telegram|Maverick SOB|1605396189|Bad Boy|1585569757|No man. Didn't notice the date until now. This is straight up serious. We have internal issues. No problem for you, but only talk to me OK???|01.04.2021 18:35:34 UTC+02:00  |Incoming|
Telegram|Bad Boy|1585569757|Maverick SOB||Really ok? You have my word. Just make sure the gear keeps flowing yer?|01.04.2021 18:36:23 UTC+02:00  |Outgoing|
Telegram|Maverick SOB|1605396189|Bad Boy|1585569757|Yes yes. And if he does reach out, don't listen to any of his nonsense. Guy is acting the fool right now alright 🙄|01.04.2021 18:37:03 UTC+02:00  |Incoming|
Telegram|Bad Boy|1585569757|Maverick SOB||Alright man. Whatever you say boss....|01.04.2021 18:38:57 UTC+02:00  |Outgoing|
Telegram|Bad Boy|1585569757|Maverick SOB|||01.04.2021 18:39:30 UTC+02:00  |Outgoing|"{""Path"": ""BadBoy_Samsung_S8/Attachments/File/0/Messages-Chat/Messages-Chat_176/4_5948679191296737908.mp4"", ""id"": 122}"
Telegram|Bad Boy|1585569757|Maverick SOB||Just promise me I can stay in business....|01.04.2021 18:48:45 UTC+02:00  |Outgoing|
Telegram|Bad Boy|1585569757|Maverick SOB||https://images.app.goo.gl/ykj9WorVVQbVh3kd7|01.04.2021 18:51:51 UTC+02:00  |Outgoing|
Telegram|Maverick SOB|1605396189|Bad Boy|1585569757|Sure...|01.04.2021 18:53:33 UTC+02:00  |Incoming|
Telegram|Bad Boy|1585569757|Maverick SOB||Getting nervous. Am I overthinking things...?|02.04.2021 11:00:32 UTC+02:00  |Outgoing|
Telegram|Maverick SOB|1605396189|Bad Boy|1585569757|Dude. All is good. Relax. I take care of all this...|02.04.2021 11:00:57 UTC+02:00  |Incoming|
Telegram|Telegram|777000|Bad Boy|1585569757|Telegram surpassed 500 million active users.    In 2021, more than 150 million new users from around the world joined Telegram.  Thank you! These milestones were made possible by users like you who invite their friends to Telegram.   If you have contacts that joined in the last few days, you can welcome them using one of Telegram’s unique features, such as an animated sticker or a video message.  To find out more about Telegram features, have a look at https://t.me/TelegramTips/233|16.03.2021 16:31:29 UTC+01:00  |Incoming|
Telegram|Telegram|777000|Bad Boy|1585569757|Voice Chats 2.0: Channels, Millions of Listeners, Recorded Chats, Admin Tools  Millions of Concurrent Listeners • Start limitless Voice Chats in Groups and Channels. • Host discussions that can be listened to by millions of people simultaneously.  Voice Chat Recordings • Record voice chats to share or publish in Channels later. • See that a chat is being recorded from the red dot next to its title.  Improved List of Participants • See user bio texts right from the list of participants. • Raise your hand to show admins you want to speak.  Tools for Organizers • Create separate Voice Chat Invite Links for listeners or speakers. • Change the title of your Voice Chat to give people an idea of the current topic. • Join Voice Chats as one of your Channels to hide your personal account.  Swipe Action Settings • Choose which action is performed when you swipe left on a chat in your list: Pin, Mark as Read, Archive, Mute or Delete.  More about this update: https://telegram.org/blog/voice-chats-on-steroids|24.03.2021 18:05:44 UTC+01:00|Incoming|
Viber|Maverick SOB|46708275344|Bad Boy|46735158102|Split personality?|24.02.2021 18:08:22 UTC+01:00  |Incoming|
Viber|Maverick SOB|46708275344|Bad Boy|46735158102||24.02.2021 18:08:37 UTC+01:00  |Incoming|
Viber|Bad Boy|46735158102|Maverick SOB|||25.02.2021 13:23:05 UTC+01:00  |Outgoing|
Viber|Maverick SOB|46708275344|Bad Boy|46735158102|Damn...what else u got. I need tools for 2 at least on next job.|25.02.2021 13:35:52 UTC+01:00  |Incoming|
Viber|Maverick SOB|46708275344|Bad Boy|46735158102||25.02.2021 20:23:20 UTC+01:00  |Incoming|
Viber|Bad Boy|46735158102|Maverick SOB||So what's the plan? You buy or sell?|25.02.2021 20:52:39 UTC+01:00  |Outgoing|
Viber|Maverick SOB|46708275344|Bad Boy|46735158102||27.02.2021 17:37:06 UTC+01:00  |Incoming|
Viber|Maverick SOB|46708275344|Bad Boy|46735158102|Got some more for you...|27.02.2021 17:37:19 UTC+01:00  |Incoming|
Viber|Bad Boy|46735158102|Maverick SOB||I can buy that. Looks good. 1000kr to you my good man...|05.03.2021 08:34:47 UTC+01:00  |Outgoing|
Viber|Maverick SOB|46708275344|Bad Boy|46735158102||05.03.2021 08:35:21 UTC+01:00  |Incoming|
Viber|Maverick SOB|46708275344|Bad Boy|46735158102||05.03.2021 08:35:36 UTC+01:00  |Incoming|
Viber|Maverick SOB|46708275344|Bad Boy|46735158102||05.03.2021 08:35:56 UTC+01:00  |Incoming|
Viber|Maverick SOB|46708275344|Bad Boy|46735158102||05.03.2021 08:36:07 UTC+01:00  |Incoming|
Viber|Bad Boy|46735158102|Maverick SOB|||05.03.2021 08:36:11 UTC+01:00  |Outgoing|
Viber|Maverick SOB|46708275344|Bad Boy|46735158102|Damn man you're Fagin now?|05.03.2021 11:09:45 UTC+01:00  |Incoming|
Viber|Maverick SOB|46708275344|Bad Boy|46735158102|So what's up. You selling anything more?|09.03.2021 19:47:41 UTC+01:00  |Incoming|
Viber|Bad Boy|46735158102|Maverick SOB||I got a few things to buy and sell. I can fence some of your gear if you like? What u got dude....|10.03.2021 08:29:34 UTC+01:00  |Outgoing|
Viber|Maverick SOB|46708275344|Bad Boy|46735158102|Oh man, yes I need help to shift all this stolen gear. There's so much of it. The team have been busy little bees 🐝|10.03.2021 08:30:17 UTC+01:00  |Incoming|
Viber|Maverick SOB|46708275344|Bad Boy|46735158102||10.03.2021 08:30:49 UTC+01:00  |Incoming|
Viber|Maverick SOB|46708275344|Bad Boy|46735158102||10.03.2021 08:30:49 UTC+01:00  |Incoming|
Viber|Maverick SOB|46708275344|Bad Boy|46735158102||10.03.2021 08:30:49 UTC+01:00  |Incoming|
Viber|Maverick SOB|46708275344|Bad Boy|46735158102||10.03.2021 08:30:49 UTC+01:00  |Incoming|
Viber|Maverick SOB|46708275344|Bad Boy|46735158102||10.03.2021 08:30:49 UTC+01:00  |Incoming|
Viber|Maverick SOB|46708275344|Bad Boy|46735158102||10.03.2021 08:30:50 UTC+01:00  |Incoming|
Viber|Maverick SOB|46708275344|Bad Boy|46735158102||10.03.2021 08:30:50 UTC+01:00  |Incoming|
Viber|Maverick SOB|46708275344|Bad Boy|46735158102||10.03.2021 08:30:50 UTC+01:00  |Incoming|
Viber|Maverick SOB|46708275344|Bad Boy|46735158102||10.03.2021 08:30:50 UTC+01:00  |Incoming|
Viber|Maverick SOB|46708275344|Bad Boy|46735158102||10.03.2021 08:30:50 UTC+01:00  |Incoming|
Viber|Maverick SOB|46708275344|Bad Boy|46735158102|What can you offer me?|10.03.2021 08:31:01 UTC+01:00  |Incoming|
Viber|Bad Boy|46735158102|Maverick SOB||Christ almighty. Did you rob a bank?|10.03.2021 08:31:30 UTC+01:00  |Outgoing|
Viber|Bad Boy|46735158102|Maverick SOB||I need to see this stuff in person and check the quality of the merchandise. For all I know you just downloaded this shit off the internet. Not that I don't trust you but I don't....|10.03.2021 08:32:37 UTC+01:00  |Outgoing|
Viber|Maverick SOB|46708275344|Bad Boy|46735158102||10.03.2021 08:32:48 UTC+01:00  |Incoming|
Viber|Bad Boy|46735158102|Maverick SOB|||10.03.2021 08:32:53 UTC+01:00  |Outgoing|
Viber|Bad Boy|46735158102|Maverick SOB||Send me a sample tonight|10.03.2021 17:17:22 UTC+01:00  |Outgoing|
Viber|Maverick SOB|46708275344|Bad Boy|46735158102||10.03.2021 20:47:11 UTC+01:00  |Incoming|
Viber|Maverick SOB|46708275344|Bad Boy|46735158102|Spicy?|10.03.2021 20:47:15 UTC+01:00  |Incoming|
Viber|Maverick SOB|46708275344|Bad Boy|46735158102||11.03.2021 19:50:36 UTC+01:00  |Incoming|
Viber|Maverick SOB|46708275344|Bad Boy|46735158102|Snowy 🌨 out|11.03.2021 19:50:46 UTC+01:00  |Incoming|
Viber|Bad Boy|46735158102|Maverick SOB||Dude stop sending me useless shit and let's get down to business...|12.03.2021 08:33:28 UTC+01:00  |Outgoing|
Viber|Maverick SOB|46708275344|Bad Boy|46735158102||12.03.2021 09:37:58 UTC+01:00  |Incoming|
Viber|Maverick SOB|46708275344|Bad Boy|46735158102|Want to buy some candlesticks?|12.03.2021 09:38:07 UTC+01:00  |Incoming|
Viber|Maverick SOB|46708275344|Bad Boy|46735158102||13.03.2021 12:00:24 UTC+01:00  |Incoming|
Viber|Maverick SOB|46708275344|Bad Boy|46735158102|I pay...|13.03.2021 12:00:30 UTC+01:00  |Incoming|
Viber|Bad Boy|46735158102|Maverick SOB||You pay a lot my friend....|13.03.2021 12:53:44 UTC+01:00  |Outgoing|
Viber|Maverick SOB|46708275344|Bad Boy|46735158102||13.03.2021 12:54:24 UTC+01:00  |Incoming|
Viber|Bad Boy|46735158102|Maverick SOB||Nice. Dollar seems pretty worthless right now, so happy the cat liked it.|13.03.2021 18:30:31 UTC+01:00  |Outgoing|
Viber|Maverick SOB|46708275344|Bad Boy|46735158102|(smiley)|13.03.2021 18:30:49 UTC+01:00  |Incoming|
Viber|Bad Boy|46735158102|Maverick SOB|||14.03.2021 19:59:52 UTC+01:00  |Outgoing|
Viber|Maverick SOB|46708275344|Bad Boy|46735158102|OK will be careful...|14.03.2021 20:02:15 UTC+01:00  |Incoming|
Viber|Maverick SOB|46708275344|Bad Boy|46735158102||15.03.2021 17:01:24 UTC+01:00  |Incoming|
Viber|Bad Boy|46735158102|Maverick SOB||How much?|16.03.2021 11:09:30 UTC+01:00  |Outgoing|
Viber|Bad Boy|46735158102|Maverick SOB|||16.03.2021 11:09:35 UTC+01:00  |Outgoing|
Viber|Maverick SOB|46708275344|Bad Boy|46735158102|500kr|16.03.2021 11:38:37 UTC+01:00  |Incoming|
Viber|Bad Boy|46735158102|Maverick SOB||Really? Don't bother then....|16.03.2021 11:40:02 UTC+01:00  |Outgoing|
Viber|Maverick SOB|46708275344|Bad Boy|46735158102|Your loss, not mine.|16.03.2021 11:40:50 UTC+01:00  |Incoming|
Viber|Bad Boy|46735158102|Maverick SOB||Tick Tock|17.03.2021 12:23:46 UTC+01:00  |Outgoing|
Viber|Bad Boy|46735158102|Maverick SOB|||17.03.2021 12:23:52 UTC+01:00  |Outgoing|
Viber|Maverick SOB|46708275344|Bad Boy|46735158102|You photo bombed?|17.03.2021 12:27:25 UTC+01:00  |Incoming|
Viber|Bad Boy|46735158102|Maverick SOB||Well you know me. I like some trouble because I'm a bad boy!!!!|17.03.2021 13:53:23 UTC+01:00  |Outgoing|
Viber|Maverick SOB|46708275344|Bad Boy|46735158102||17.03.2021 13:56:17 UTC+01:00  |Incoming|
Viber|Maverick SOB|46708275344|Bad Boy|46735158102|Want to buy?|21.03.2021 12:21:38 UTC+01:00  |Incoming|
Viber|Maverick SOB|46708275344|Bad Boy|46735158102||21.03.2021 12:21:42 UTC+01:00  |Incoming|
Viber|Maverick SOB|46708275344|Bad Boy|46735158102||21.03.2021 12:21:42 UTC+01:00  |Incoming|
Viber|Bad Boy|46735158102|Maverick SOB||Yes ok I give you 1000kr tomorrow|21.03.2021 14:30:47 UTC+01:00  |Outgoing|
Viber|Bad Boy|46735158102|Maverick SOB||I guess I shouldn't ask where they came from?|21.03.2021 14:31:06 UTC+01:00  |Outgoing|
Viber|Maverick SOB|46708275344|Bad Boy|46735158102|Yes they were my grandma's of course... Dude like I'm really going to admit it's all stolen gear? Seriously???|21.03.2021 14:59:33 UTC+01:00  |Incoming|
Viber|Maverick SOB|46708275344|Bad Boy|46735158102||21.03.2021 15:00:05 UTC+01:00  |Incoming|
Viber|Maverick SOB|46708275344|Bad Boy|46735158102|Meet me in town|22.03.2021 13:51:12 UTC+01:00  |Incoming|
Viber|Maverick SOB|46708275344|Bad Boy|46735158102||22.03.2021 13:51:13 UTC+01:00  |Incoming|
Viber|Bad Boy|46735158102|Maverick SOB||What's up?|28.03.2021 12:57:05 UTC+02:00  |Outgoing|
Viber|Bad Boy|46735158102|Maverick SOB||Got any gear???|28.03.2021 13:00:56 UTC+02:00  |Outgoing|
Viber|Maverick SOB|46708275344|Bad Boy|46735158102|Maybe.... What u looking for???|28.03.2021 13:05:17 UTC+02:00  |Incoming|
Viber|Bad Boy|46735158102|Maverick SOB||Gold stuff?|28.03.2021 13:07:21 UTC+02:00  |Outgoing|
Viber|Maverick SOB|46708275344|Bad Boy|46735158102||28.03.2021 13:07:31 UTC+02:00  |Incoming|
Viber|Maverick SOB|46708275344|Bad Boy|46735158102|Like this you mean?|28.03.2021 13:07:39 UTC+02:00  |Incoming|
Viber|Bad Boy|46735158102|Maverick SOB||Yerrrrr How much??|28.03.2021 13:07:50 UTC+02:00  |Outgoing|
Viber|Maverick SOB|46708275344|Bad Boy|46735158102|10,000kr|28.03.2021 13:51:42 UTC+02:00  |Incoming|
Viber|Bad Boy|46735158102|Maverick SOB||Christ almighty that's steep.|28.03.2021 13:52:21 UTC+02:00  |Outgoing|
Viber|Bad Boy|46735158102|Maverick SOB||7500kr best offer4|28.03.2021 13:52:31 UTC+02:00  |Outgoing|
Viber|Maverick SOB|46708275344|Bad Boy|46735158102|8000kr|28.03.2021 13:52:40 UTC+02:00  |Incoming|
Viber|Bad Boy|46735158102|Maverick SOB||Hey you looking for a safe cracker?|28.03.2021 13:52:44 UTC+02:00|Outgoing|
Viber|Bad Boy|46735158102|Maverick SOB||Ok deal|28.03.2021 13:52:44 UTC+02:00  |Outgoing|
Viber|Bad Boy|Viber|Bad Boy|46735158102||24.02.2021 19:52:30 UTC+01:00|Incoming|
Facebook Messenger|Goldy Finger|100063606951015|Jose Topgun|100064031851829|Alright geezer!|20.02.2021 18:38:41 UTC+01:00  |Outgoing|
Facebook Messenger|Jose Topgun|100064031851829|Goldy Finger|100063606951015|LMAO donut 😂|21.02.2021 08:20:44 UTC+01:00  |Incoming|
Facebook Messenger|Goldy Finger|100063606951015|Jose Topgun|100064031851829|Chillar här😎|21.02.2021 08:21:49 UTC+01:00  |Outgoing|
Facebook Messenger|Jose Topgun|100064031851829|Goldy Finger|100063606951015||21.02.2021 08:38:13 UTC+01:00  |Incoming|
Facebook Messenger|Goldy Finger|100063606951015|Jose Topgun|100064031851829||25.02.2021 10:04:28 UTC+01:00  |Outgoing|"{""Path"": ""Goldfinger_Apple_iPhone_Generic/Attachments/File/0/Messages-Chat/Messages-Chat_43/image-432853068048907(3).jpg"", ""id"": 42}, {""Path"": ""Goldfinger_Apple_iPhone_Generic/Attachments/File/0/Messages-Chat/Messages-Chat_43/image-432853068048907(2).jpg"", ""id"": 43}, {""Path"": ""Goldfinger_Apple_iPhone_Generic/Attachments/File/0/Messages-Chat/Messages-Chat_43/image-432853068048907(4).jpg"", ""id"": 45}, {""Path"": ""Goldfinger_Apple_iPhone_Generic/Attachments/File/0/Messages-Chat/Messages-Chat_43/image-432853068048907.jpg"", ""id"": 46}"
Facebook Messenger|Goldy Finger|100063606951015|Jose Topgun|100064031851829|I got flowers.... did you send them?|25.02.2021 10:04:45 UTC+01:00  |Outgoing|
Facebook Messenger|Jose Topgun|100064031851829|Goldy Finger|100063606951015|Nope this is what we need.....|25.02.2021 13:18:07 UTC+01:00  |Incoming|
Facebook Messenger|Goldy Finger|100063606951015|Jose Topgun|100064031851829|Maaan u crazy|25.02.2021 13:41:48 UTC+01:00  |Outgoing|
Facebook Messenger|Goldy Finger|100063606951015|Jose Topgun|100064031851829|Don’t send stuff like that|25.02.2021 13:42:04 UTC+01:00  |Outgoing|
Facebook Messenger|Goldy Finger|100063606951015|Jose Topgun|100064031851829|What if the police finds it|25.02.2021 13:42:16 UTC+01:00  |Outgoing|
Facebook Messenger|Jose Topgun|100064031851829|Goldy Finger|100063606951015|Nah they'll never take me alive dude. They can't touch this stuff if you delete it. I think?|25.02.2021 18:38:44 UTC+01:00  |Incoming|
Facebook Messenger|Goldy Finger|100063606951015|Jose Topgun|100064031851829|Should I delete your message?|25.02.2021 20:10:41 UTC+01:00  |Outgoing|
Facebook Messenger|Goldy Finger|100063606951015|Jose Topgun|100064031851829|Done that|25.02.2021 20:24:04 UTC+01:00  |Outgoing|
Facebook Messenger|Jose Topgun|100064031851829|Goldy Finger|100063606951015|Ice ice baby|27.02.2021 12:44:39 UTC+01:00  |Incoming|
Facebook Messenger|Jose Topgun|100064031851829|Goldy Finger|100063606951015||27.02.2021 12:44:48 UTC+01:00  |Incoming|"{""Path"": ""Goldfinger_Apple_iPhone_Generic/Attachments/File/0/Messages-Chat/Messages-Chat_32/image-783355439245629(3).jpg"", ""id"": 31}, {""Path"": ""Goldfinger_Apple_iPhone_Generic/Attachments/File/0/Messages-Chat/Messages-Chat_32/image-783355439245629(2).jpg"", ""id"": 32}, {""Path"": ""Goldfinger_Apple_iPhone_Generic/Attachments/File/0/Messages-Chat/Messages-Chat_32/image-783355439245629(4).jpg"", ""id"": 34}, {""Path"": ""Goldfinger_Apple_iPhone_Generic/Attachments/File/0/Messages-Chat/Messages-Chat_32/image-783355439245629.jpg"", ""id"": 35}"
Facebook Messenger|Goldy Finger|100063606951015|Jose Topgun|100064031851829|Is that what killed the Titanic?!?|27.02.2021 19:50:20 UTC+01:00  |Outgoing|
Facebook Messenger|Goldy Finger|100063606951015|Jose Topgun|100064031851829|An iceberg|27.02.2021 19:50:34 UTC+01:00  |Outgoing|
Facebook Messenger|Goldy Finger|100063606951015|Jose Topgun|100064031851829||04.03.2021 12:49:53 UTC+01:00  |Outgoing|"{""Path"": ""Goldfinger_Apple_iPhone_Generic/Attachments/File/0/Messages-Chat/Messages-Chat_29/image-275983020570943(3).jpg"", ""id"": 28}, {""Path"": ""Goldfinger_Apple_iPhone_Generic/Attachments/File/0/Messages-Chat/Messages-Chat_29/image-275983020570943(2).jpg"", ""id"": 29}, {""Path"": ""Goldfinger_Apple_iPhone_Generic/Attachments/File/0/Messages-Chat/Messages-Chat_29/image-275983020570943(4).jpg"", ""id"": 31}, {""Path"": ""Goldfinger_Apple_iPhone_Generic/Attachments/File/0/Messages-Chat/Messages-Chat_29/image-275983020570943.jpg"", ""id"": 32}"
Facebook Messenger|Jose Topgun|100064031851829|Goldy Finger|100063606951015||04.03.2021 17:15:11 UTC+01:00  |Incoming|"{""Path"": ""Goldfinger_Apple_iPhone_Generic/Attachments/File/0/Messages-Chat/Messages-Chat_28/1.png"", ""id"": 27}, {""Path"": ""Goldfinger_Apple_iPhone_Generic/Attachments/File/0/Messages-Chat/Messages-Chat_28/0.png"", ""id"": 28}"
Facebook Messenger|Jose Topgun|100064031851829|Goldy Finger|100063606951015|Grab the loot and let's get rich|04.03.2021 17:15:29 UTC+01:00  |Incoming|
Facebook Messenger|Goldy Finger|100063606951015|Jose Topgun|100064031851829|Yeah let’s go|05.03.2021 18:23:43 UTC+01:00  |Outgoing|
Facebook Messenger|Jose Topgun|100064031851829|Goldy Finger|100063606951015||05.03.2021 20:02:10 UTC+01:00  |Incoming|"{""Path"": ""Goldfinger_Apple_iPhone_Generic/Attachments/File/0/Messages-Chat/Messages-Chat_25/image-459195502070421(3).jpg"", ""id"": 24}, {""Path"": ""Goldfinger_Apple_iPhone_Generic/Attachments/File/0/Messages-Chat/Messages-Chat_25/image-459195502070421(2).jpg"", ""id"": 25}, {""Path"": ""Goldfinger_Apple_iPhone_Generic/Attachments/File/0/Messages-Chat/Messages-Chat_25/image-459195502070421(4).jpg"", ""id"": 27}, {""Path"": ""Goldfinger_Apple_iPhone_Generic/Attachments/File/0/Messages-Chat/Messages-Chat_25/image-459195502070421.jpg"", ""id"": 28}"
Facebook Messenger|Jose Topgun|100064031851829|Goldy Finger|100063606951015|I am in the zone baby 🍼|05.03.2021 20:02:18 UTC+01:00  |Incoming|
Facebook Messenger|Goldy Finger|100063606951015|Jose Topgun|100064031851829|Right place to 🐝|05.03.2021 20:22:05 UTC+01:00  |Outgoing|
Facebook Messenger|Jose Topgun|100064031851829|Goldy Finger|100063606951015|Kommunist it isn't...|06.03.2021 09:48:26 UTC+01:00  |Incoming|
Facebook Messenger|Goldy Finger|100063606951015|Jose Topgun|100064031851829||06.03.2021 17:13:28 UTC+01:00  |Outgoing|"{""Path"": ""Goldfinger_Apple_iPhone_Generic/Attachments/File/0/Messages-Chat/Messages-Chat_21/image-814937465778609(3).jpg"", ""id"": 20}, {""Path"": ""Goldfinger_Apple_iPhone_Generic/Attachments/File/0/Messages-Chat/Messages-Chat_21/image-814937465778609(2).jpg"", ""id"": 21}, {""Path"": ""Goldfinger_Apple_iPhone_Generic/Attachments/File/0/Messages-Chat/Messages-Chat_21/image-814937465778609(4).jpg"", ""id"": 23}, {""Path"": ""Goldfinger_Apple_iPhone_Generic/Attachments/File/0/Messages-Chat/Messages-Chat_21/image-814937465778609.jpg"", ""id"": 24}"
Facebook Messenger|Goldy Finger|100063606951015|Jose Topgun|100064031851829|Spånga|06.03.2021 17:13:35 UTC+01:00  |Outgoing|
Facebook Messenger|Goldy Finger|100063606951015|Jose Topgun|100064031851829|Great places|06.03.2021 17:25:29 UTC+01:00  |Outgoing|
Facebook Messenger|Goldy Finger|100063606951015|Jose Topgun|100064031851829||06.03.2021 17:25:46 UTC+01:00  |Outgoing|"{""Path"": ""Goldfinger_Apple_iPhone_Generic/Attachments/File/0/Messages-Chat/Messages-Chat_18/image-997705727428434(3).jpg"", ""id"": 17}, {""Path"": ""Goldfinger_Apple_iPhone_Generic/Attachments/File/0/Messages-Chat/Messages-Chat_18/image-997705727428434(2).jpg"", ""id"": 18}, {""Path"": ""Goldfinger_Apple_iPhone_Generic/Attachments/File/0/Messages-Chat/Messages-Chat_18/image-997705727428434(4).jpg"", ""id"": 20}, {""Path"": ""Goldfinger_Apple_iPhone_Generic/Attachments/File/0/Messages-Chat/Messages-Chat_18/image-997705727428434.jpg"", ""id"": 21}"
Facebook Messenger|Jose Topgun|100064031851829|Goldy Finger|100063606951015|You here too huh?|06.03.2021 17:43:37 UTC+01:00  |Incoming|
Facebook Messenger|Goldy Finger|100063606951015|Jose Topgun|100064031851829|Yeah, thought I might see u|06.03.2021 17:46:45 UTC+01:00  |Outgoing|
Facebook Messenger|Jose Topgun|100064031851829|Goldy Finger|100063606951015||06.03.2021 17:47:37 UTC+01:00  |Incoming|"{""Path"": ""Goldfinger_Apple_iPhone_Generic/Attachments/File/0/Messages-Chat/Messages-Chat_15/image-214036777174017(3).jpg"", ""id"": 14}, {""Path"": ""Goldfinger_Apple_iPhone_Generic/Attachments/File/0/Messages-Chat/Messages-Chat_15/image-214036777174017(2).jpg"", ""id"": 15}, {""Path"": ""Goldfinger_Apple_iPhone_Generic/Attachments/File/0/Messages-Chat/Messages-Chat_15/image-214036777174017(4).jpg"", ""id"": 17}, {""Path"": ""Goldfinger_Apple_iPhone_Generic/Attachments/File/0/Messages-Chat/Messages-Chat_15/image-214036777174017.jpg"", ""id"": 18}"
Facebook Messenger|Jose Topgun|100064031851829|Goldy Finger|100063606951015|This is the target....|06.03.2021 17:47:46 UTC+01:00  |Incoming|
Facebook Messenger|Goldy Finger|100063606951015|Jose Topgun|100064031851829|Ok I know this place well|06.03.2021 17:52:59 UTC+01:00  |Outgoing|
Facebook Messenger|Jose Topgun|100064031851829|Goldy Finger|100063606951015|Location-sharing ended|08.03.2021 18:57:52 UTC+01:00  |Incoming|
Facebook Messenger|Jose Topgun|100064031851829|Goldy Finger|100063606951015||08.03.2021 18:58:00 UTC+01:00  |Incoming|"{""Path"": ""Goldfinger_Apple_iPhone_Generic/Attachments/File/0/Messages-Chat/Messages-Chat_11/0.png"", ""id"": 10}"
Facebook Messenger|Jose Topgun|100064031851829|Goldy Finger|100063606951015|You want me to get you something nice from the jewelry collection?|12.03.2021 19:17:49 UTC+01:00  |Incoming|
Facebook Messenger|Jose Topgun|100064031851829|Goldy Finger|100063606951015|https://youtube.com/watch?v=CNTM9iM1eVw&feature=share|12.03.2021 20:25:27 UTC+01:00  |Incoming|
Facebook Messenger|Goldy Finger|100063606951015|Jose Topgun|100064031851829|Fork handles are very useful|13.03.2021 18:32:29 UTC+01:00  |Outgoing|
Facebook Messenger|Jose Topgun|100064031851829|Goldy Finger|100063606951015||15.03.2021 17:28:05 UTC+01:00  |Incoming|"{""Path"": ""Goldfinger_Apple_iPhone_Generic/Attachments/File/0/Messages-Chat/Messages-Chat_7/image-2818966945084148(3).jpg"", ""id"": 6}, {""Path"": ""Goldfinger_Apple_iPhone_Generic/Attachments/File/0/Messages-Chat/Messages-Chat_7/image-2818966945084148(2).jpg"", ""id"": 7}, {""Path"": ""Goldfinger_Apple_iPhone_Generic/Attachments/File/0/Messages-Chat/Messages-Chat_7/image-2818966945084148(4).jpg"", ""id"": 9}, {""Path"": ""Goldfinger_Apple_iPhone_Generic/Attachments/File/0/Messages-Chat/Messages-Chat_7/image-2818966945084148.jpg"", ""id"": 10}"
Facebook Messenger|Jose Topgun|100064031851829|Goldy Finger|100063606951015|Fancy a beer?|15.03.2021 17:28:12 UTC+01:00  |Incoming|
Facebook Messenger|Goldy Finger|100063606951015|Jose Topgun|100064031851829|Give me two|15.03.2021 21:20:18 UTC+01:00  |Outgoing|
Facebook Messenger|Jose Topgun|100064031851829|Goldy Finger|100063606951015||20.03.2021 16:03:16 UTC+01:00  |Incoming|"{""Path"": ""Goldfinger_Apple_iPhone_Generic/Attachments/File/0/Messages-Chat/Messages-Chat_4/image-802820273775358(3).jpg"", ""id"": 3}, {""Path"": ""Goldfinger_Apple_iPhone_Generic/Attachments/File/0/Messages-Chat/Messages-Chat_4/image-802820273775358(2).jpg"", ""id"": 4}, {""Path"": ""Goldfinger_Apple_iPhone_Generic/Attachments/File/0/Messages-Chat/Messages-Chat_4/image-802820273775358(4).jpg"", ""id"": 6}, {""Path"": ""Goldfinger_Apple_iPhone_Generic/Attachments/File/0/Messages-Chat/Messages-Chat_4/image-802820273775358.jpg"", ""id"": 7}"
Facebook Messenger|Goldy Finger|100063606951015|Jose Topgun|100064031851829||20.03.2021 17:19:08 UTC+01:00  |Outgoing|"{""Path"": ""Goldfinger_Apple_iPhone_Generic/Attachments/File/0/Messages-Chat/Messages-Chat_3/image-500985954248381(3).jpg"", ""id"": 2}, {""Path"": ""Goldfinger_Apple_iPhone_Generic/Attachments/File/0/Messages-Chat/Messages-Chat_3/image-500985954248381(2).jpg"", ""id"": 3}, {""Path"": ""Goldfinger_Apple_iPhone_Generic/Attachments/File/0/Messages-Chat/Messages-Chat_3/image-500985954248381(4).jpg"", ""id"": 5}, {""Path"": ""Goldfinger_Apple_iPhone_Generic/Attachments/File/0/Messages-Chat/Messages-Chat_3/image-500985954248381.jpg"", ""id"": 6}"
Facebook Messenger|Jose Topgun|100064031851829|Goldy Finger|100063606951015||21.03.2021 14:23:05 UTC+01:00  |Incoming|"{""Path"": ""Goldfinger_Apple_iPhone_Generic/Attachments/File/0/Messages-Chat/Messages-Chat_2/image-845602302659149(3).png"", ""id"": 1}, {""Path"": ""Goldfinger_Apple_iPhone_Generic/Attachments/File/0/Messages-Chat/Messages-Chat_2/image-845602302659149(2).png"", ""id"": 2}, {""Path"": ""Goldfinger_Apple_iPhone_Generic/Attachments/File/0/Messages-Chat/Messages-Chat_2/image-845602302659149(4).png"", ""id"": 4}, {""Path"": ""Goldfinger_Apple_iPhone_Generic/Attachments/File/0/Messages-Chat/Messages-Chat_2/image-845602302659149.png"", ""id"": 5}"
Facebook Messenger|Goldy Finger|100063606951015|Jose Topgun|100064031851829||22.03.2021 10:45:13 UTC+01:00  |Outgoing|
Facebook Messenger|Jose Topgun|100064031851829|Goldy Finger|100063606951015|Probably wise...|22.03.2021 10:45:13 UTC+01:00|Incoming|
Facebook Messenger|Rupert Beae|100063691416962|Goldy Finger|100063606951015||20.02.2021 18:40:15 UTC+01:00  |Incoming|"{""Path"": ""Goldfinger_Apple_iPhone_Generic/Attachments/File/0/Messages-Chat/Messages-Chat_145/image-425426845232642(3).jpg"", ""id"": 144}, {""Path"": ""Goldfinger_Apple_iPhone_Generic/Attachments/File/0/Messages-Chat/Messages-Chat_145/image-425426845232642(2).jpg"", ""id"": 145}, {""Path"": ""Goldfinger_Apple_iPhone_Generic/Attachments/File/0/Messages-Chat/Messages-Chat_145/image-425426845232642.jpg"", ""id"": 147}"
Facebook Messenger|Goldy Finger|100063606951015|Rupert Beae|100063691416962||20.02.2021 18:46:25 UTC+01:00  |Outgoing|"{""Path"": ""Goldfinger_Apple_iPhone_Generic/Attachments/File/0/Messages-Chat/Messages-Chat_144/image-917380002134391(3).png"", ""id"": 143}, {""Path"": ""Goldfinger_Apple_iPhone_Generic/Attachments/File/0/Messages-Chat/Messages-Chat_144/image-917380002134391(2).png"", ""id"": 144}, {""Path"": ""Goldfinger_Apple_iPhone_Generic/Attachments/File/0/Messages-Chat/Messages-Chat_144/image-917380002134391(4).png"", ""id"": 146}, {""Path"": ""Goldfinger_Apple_iPhone_Generic/Attachments/File/0/Messages-Chat/Messages-Chat_144/image-917380002134391.png"", ""id"": 147}"
Facebook Messenger|Goldy Finger|100063606951015|Rupert Beae|100063691416962|You need some? I know a dude|21.02.2021 08:22:36 UTC+01:00  |Outgoing|
Facebook Messenger|Rupert Beae|100063691416962|Goldy Finger|100063606951015|Yes good thinking. Be stupid to get caught with our real phones....|21.02.2021 08:25:01 UTC+01:00  |Incoming|
Facebook Messenger|Goldy Finger|100063606951015|Rupert Beae|100063691416962|Yep|21.02.2021 08:27:24 UTC+01:00  |Outgoing|
Facebook Messenger|Rupert Beae|100063691416962|Goldy Finger|100063606951015||21.02.2021 08:27:33 UTC+01:00  |Incoming|"{""Path"": ""Goldfinger_Apple_iPhone_Generic/Attachments/File/0/Messages-Chat/Messages-Chat_140/1.png"", ""id"": 139}, {""Path"": ""Goldfinger_Apple_iPhone_Generic/Attachments/File/0/Messages-Chat/Messages-Chat_140/0.png"", ""id"": 140}"
Facebook Messenger|Goldy Finger|100063606951015|Rupert Beae|100063691416962|I fix|21.02.2021 08:27:41 UTC+01:00  |Outgoing|
Facebook Messenger|Rupert Beae|100063691416962|Goldy Finger|100063606951015|What's up.  You busy tonight?|22.02.2021 20:02:58 UTC+01:00  |Incoming|
Facebook Messenger|Rupert Beae|100063691416962|Goldy Finger|100063606951015|U like?|22.02.2021 20:46:21 UTC+01:00  |Incoming|
Facebook Messenger|Rupert Beae|100063691416962|Goldy Finger|100063606951015||22.02.2021 20:46:26 UTC+01:00  |Incoming|"{""Path"": ""Goldfinger_Apple_iPhone_Generic/Attachments/File/0/Messages-Chat/Messages-Chat_136/image-224545192715965(3).jpg"", ""id"": 135}, {""Path"": ""Goldfinger_Apple_iPhone_Generic/Attachments/File/0/Messages-Chat/Messages-Chat_136/image-224545192715965(2).jpg"", ""id"": 136}, {""Path"": ""Goldfinger_Apple_iPhone_Generic/Attachments/File/0/Messages-Chat/Messages-Chat_136/image-224545192715965(4).jpg"", ""id"": 138}, {""Path"": ""Goldfinger_Apple_iPhone_Generic/Attachments/File/0/Messages-Chat/Messages-Chat_136/image-224545192715965.jpg"", ""id"": 139}"
Facebook Messenger|Goldy Finger|100063606951015|Rupert Beae|100063691416962|Yes where|22.02.2021 20:59:22 UTC+01:00  |Outgoing|
Facebook Messenger|Rupert Beae|100063691416962|Goldy Finger|100063606951015||22.02.2021 22:08:26 UTC+01:00  |Incoming|"{""Path"": ""Goldfinger_Apple_iPhone_Generic/Attachments/File/0/Messages-Chat/Messages-Chat_134/image-812826959447165(3).jpg"", ""id"": 133}, {""Path"": ""Goldfinger_Apple_iPhone_Generic/Attachments/File/0/Messages-Chat/Messages-Chat_134/image-812826959447165(2).jpg"", ""id"": 134}, {""Path"": ""Goldfinger_Apple_iPhone_Generic/Attachments/File/0/Messages-Chat/Messages-Chat_134/image-812826959447165(4).jpg"", ""id"": 136}, {""Path"": ""Goldfinger_Apple_iPhone_Generic/Attachments/File/0/Messages-Chat/Messages-Chat_134/image-812826959447165.jpg"", ""id"": 137}"
Facebook Messenger|Rupert Beae|100063691416962|Goldy Finger|100063606951015||22.02.2021 22:08:33 UTC+01:00  |Incoming|"{""Path"": ""Goldfinger_Apple_iPhone_Generic/Attachments/File/0/Messages-Chat/Messages-Chat_133/image-549440642683438(3).jpg"", ""id"": 132}, {""Path"": ""Goldfinger_Apple_iPhone_Generic/Attachments/File/0/Messages-Chat/Messages-Chat_133/image-549440642683438(2).jpg"", ""id"": 133}, {""Path"": ""Goldfinger_Apple_iPhone_Generic/Attachments/File/0/Messages-Chat/Messages-Chat_133/image-549440642683438(4).jpg"", ""id"": 135}, {""Path"": ""Goldfinger_Apple_iPhone_Generic/Attachments/File/0/Messages-Chat/Messages-Chat_133/image-549440642683438.jpg"", ""id"": 136}"
Facebook Messenger|Rupert Beae|100063691416962|Goldy Finger|100063606951015||22.02.2021 22:08:35 UTC+01:00  |Incoming|"{""Path"": ""Goldfinger_Apple_iPhone_Generic/Attachments/File/0/Messages-Chat/Messages-Chat_132/image-1858661317616769(3).jpg"", ""id"": 131}, {""Path"": ""Goldfinger_Apple_iPhone_Generic/Attachments/File/0/Messages-Chat/Messages-Chat_132/image-1858661317616769(2).jpg"", ""id"": 132}, {""Path"": ""Goldfinger_Apple_iPhone_Generic/Attachments/File/0/Messages-Chat/Messages-Chat_132/image-1858661317616769(4).jpg"", ""id"": 134}, {""Path"": ""Goldfinger_Apple_iPhone_Generic/Attachments/File/0/Messages-Chat/Messages-Chat_132/image-1858661317616769.jpg"", ""id"": 135}"
Facebook Messenger|Rupert Beae|100063691416962|Goldy Finger|100063606951015|Easy access|22.02.2021 22:08:45 UTC+01:00  |Incoming|
Facebook Messenger|Rupert Beae|100063691416962|Goldy Finger|100063606951015||23.02.2021 13:20:27 UTC+01:00  |Incoming|"{""Path"": ""Goldfinger_Apple_iPhone_Generic/Attachments/File/0/Messages-Chat/Messages-Chat_129/1.png"", ""id"": 128}, {""Path"": ""Goldfinger_Apple_iPhone_Generic/Attachments/File/0/Messages-Chat/Messages-Chat_129/0.png"", ""id"": 129}"
Facebook Messenger|Rupert Beae|100063691416962|Goldy Finger|100063606951015|Thanks will set up sometime this week 👍|23.02.2021 13:20:45 UTC+01:00  |Incoming|
Facebook Messenger|Goldy Finger|100063606951015|Rupert Beae|100063691416962|Escape routes?|23.02.2021 13:21:06 UTC+01:00  |Outgoing|
Facebook Messenger|Rupert Beae|100063691416962|Goldy Finger|100063606951015|Tunnelbana?|25.02.2021 19:49:30 UTC+01:00  |Incoming|
Facebook Messenger|Rupert Beae|100063691416962|Goldy Finger|100063606951015|Bunny girl?|25.02.2021 19:49:31 UTC+01:00  |Incoming|
Facebook Messenger|Rupert Beae|100063691416962|Goldy Finger|100063606951015||25.02.2021 19:49:38 UTC+01:00  |Incoming|"{""Path"": ""Goldfinger_Apple_iPhone_Generic/Attachments/File/0/Messages-Chat/Messages-Chat_124/image-2773940232844903(3).jpg"", ""id"": 123}, {""Path"": ""Goldfinger_Apple_iPhone_Generic/Attachments/File/0/Messages-Chat/Messages-Chat_124/image-2773940232844903(2).jpg"", ""id"": 124}, {""Path"": ""Goldfinger_Apple_iPhone_Generic/Attachments/File/0/Messages-Chat/Messages-Chat_124/image-2773940232844903(4).jpg"", ""id"": 126}, {""Path"": ""Goldfinger_Apple_iPhone_Generic/Attachments/File/0/Messages-Chat/Messages-Chat_124/image-2773940232844903.jpg"", ""id"": 127}"
Facebook Messenger|Rupert Beae|100063691416962|Goldy Finger|100063606951015||25.02.2021 19:51:01 UTC+01:00  |Incoming|"{""Path"": ""Goldfinger_Apple_iPhone_Generic/Attachments/File/0/Messages-Chat/Messages-Chat_123/video-1614278980.mp4"", ""id"": 122}, {""Path"": ""Goldfinger_Apple_iPhone_Generic/Attachments/File/0/Messages-Chat/Messages-Chat_123/video-1614278980.mp4.jpg"", ""id"": 123}"
Facebook Messenger|Rupert Beae|100063691416962|Goldy Finger|100063606951015|You like?|26.02.2021 13:18:02 UTC+01:00  |Incoming|
Facebook Messenger|Goldy Finger|100063606951015|Rupert Beae|100063691416962|Can’t see the attachment|26.02.2021 13:33:27 UTC+01:00  |Outgoing|
Facebook Messenger|Rupert Beae|100063691416962|Goldy Finger|100063606951015|Bugger.|26.02.2021 13:35:55 UTC+01:00  |Incoming|
Facebook Messenger|Rupert Beae|100063691416962|Goldy Finger|100063606951015||26.02.2021 13:36:01 UTC+01:00  |Incoming|"{""Path"": ""Goldfinger_Apple_iPhone_Generic/Attachments/File/0/Messages-Chat/Messages-Chat_119/image-746772846213641(3).jpg"", ""id"": 118}, {""Path"": ""Goldfinger_Apple_iPhone_Generic/Attachments/File/0/Messages-Chat/Messages-Chat_119/image-746772846213641(2).jpg"", ""id"": 119}, {""Path"": ""Goldfinger_Apple_iPhone_Generic/Attachments/File/0/Messages-Chat/Messages-Chat_119/image-746772846213641(4).jpg"", ""id"": 121}, {""Path"": ""Goldfinger_Apple_iPhone_Generic/Attachments/File/0/Messages-Chat/Messages-Chat_119/image-746772846213641.jpg"", ""id"": 122}"
Facebook Messenger|Goldy Finger|100063606951015|Rupert Beae|100063691416962|Nice go grab|26.02.2021 13:47:20 UTC+01:00  |Outgoing|
Facebook Messenger|Rupert Beae|100063691416962|Goldy Finger|100063606951015|I grabbed and got. Come get it😁|26.02.2021 14:05:36 UTC+01:00  |Incoming|
Facebook Messenger|Goldy Finger|100063606951015|Rupert Beae|100063691416962|Ha ha nice|26.02.2021 20:18:27 UTC+01:00  |Outgoing|
Facebook Messenger|Goldy Finger|100063606951015|Rupert Beae|100063691416962||01.03.2021 18:17:16 UTC+01:00  |Outgoing|"{""Path"": ""Goldfinger_Apple_iPhone_Generic/Attachments/File/0/Messages-Chat/Messages-Chat_115/image-247648406996706(3).jpg"", ""id"": 114}, {""Path"": ""Goldfinger_Apple_iPhone_Generic/Attachments/File/0/Messages-Chat/Messages-Chat_115/image-247648406996706(2).jpg"", ""id"": 115}, {""Path"": ""Goldfinger_Apple_iPhone_Generic/Attachments/File/0/Messages-Chat/Messages-Chat_115/image-247648406996706(4).jpg"", ""id"": 117}, {""Path"": ""Goldfinger_Apple_iPhone_Generic/Attachments/File/0/Messages-Chat/Messages-Chat_115/image-247648406996706.jpg"", ""id"": 118}"
Facebook Messenger|Goldy Finger|100063606951015|Rupert Beae|100063691416962|Food is on|01.03.2021 18:17:21 UTC+01:00  |Outgoing|
Facebook Messenger|Rupert Beae|100063691416962|Goldy Finger|100063606951015|Golden balls?|02.03.2021 08:34:46 UTC+01:00  |Incoming|
Facebook Messenger|Goldy Finger|100063606951015|Rupert Beae|100063691416962|You wish|02.03.2021 09:57:37 UTC+01:00  |Outgoing|
Facebook Messenger|Rupert Beae|100063691416962|Goldy Finger|100063606951015||02.03.2021 19:03:21 UTC+01:00  |Incoming|"{""Path"": ""Goldfinger_Apple_iPhone_Generic/Attachments/File/0/Messages-Chat/Messages-Chat_111/image-745755319411962(3).jpg"", ""id"": 110}, {""Path"": ""Goldfinger_Apple_iPhone_Generic/Attachments/File/0/Messages-Chat/Messages-Chat_111/image-745755319411962(2).jpg"", ""id"": 111}, {""Path"": ""Goldfinger_Apple_iPhone_Generic/Attachments/File/0/Messages-Chat/Messages-Chat_111/image-745755319411962(4).jpg"", ""id"": 113}, {""Path"": ""Goldfinger_Apple_iPhone_Generic/Attachments/File/0/Messages-Chat/Messages-Chat_111/image-745755319411962.jpg"", ""id"": 114}"
Facebook Messenger|Rupert Beae|100063691416962|Goldy Finger|100063606951015|Business class waste?|02.03.2021 19:03:37 UTC+01:00  |Incoming|
Facebook Messenger|Goldy Finger|100063606951015|Rupert Beae|100063691416962|No other things flying now|03.03.2021 08:45:02 UTC+01:00  |Outgoing|
Facebook Messenger|Goldy Finger|100063606951015|Rupert Beae|100063691416962||03.03.2021 08:45:20 UTC+01:00  |Outgoing|"{""Path"": ""Goldfinger_Apple_iPhone_Generic/Attachments/File/0/Messages-Chat/Messages-Chat_108/1.png"", ""id"": 107}, {""Path"": ""Goldfinger_Apple_iPhone_Generic/Attachments/File/0/Messages-Chat/Messages-Chat_108/0.png"", ""id"": 108}"
Facebook Messenger|Goldy Finger|100063606951015|Rupert Beae|100063691416962||03.03.2021 13:06:44 UTC+01:00  |Outgoing|"{""Path"": ""Goldfinger_Apple_iPhone_Generic/Attachments/File/0/Messages-Chat/Messages-Chat_107/image-822184828365127(3).png"", ""id"": 106}, {""Path"": ""Goldfinger_Apple_iPhone_Generic/Attachments/File/0/Messages-Chat/Messages-Chat_107/image-822184828365127(2).png"", ""id"": 107}, {""Path"": ""Goldfinger_Apple_iPhone_Generic/Attachments/File/0/Messages-Chat/Messages-Chat_107/image-822184828365127(4).png"", ""id"": 109}, {""Path"": ""Goldfinger_Apple_iPhone_Generic/Attachments/File/0/Messages-Chat/Messages-Chat_107/image-822184828365127.png"", ""id"": 110}"
Facebook Messenger|Goldy Finger|100063606951015|Rupert Beae|100063691416962|Looks like gold to me?!|03.03.2021 13:06:51 UTC+01:00  |Outgoing|
Facebook Messenger|Rupert Beae|100063691416962|Goldy Finger|100063606951015|Sell it... we need the cash 💸|03.03.2021 13:38:19 UTC+01:00  |Incoming|
Facebook Messenger|Goldy Finger|100063606951015|Rupert Beae|100063691416962|I need to snatch it first...|03.03.2021 20:19:56 UTC+01:00  |Outgoing|
Facebook Messenger|Goldy Finger|100063606951015|Rupert Beae|100063691416962|Old lady came back too fast|03.03.2021 20:20:07 UTC+01:00  |Outgoing|
Facebook Messenger|Rupert Beae|100063691416962|Goldy Finger|100063606951015|Right. OK next time.|03.03.2021 21:35:03 UTC+01:00  |Incoming|
Facebook Messenger|Goldy Finger|100063606951015|Rupert Beae|100063691416962|Yep|04.03.2021 08:34:05 UTC+01:00  |Outgoing|
Facebook Messenger|Goldy Finger|100063606951015|Rupert Beae|100063691416962||06.03.2021 17:59:29 UTC+01:00  |Outgoing|"{""Path"": ""Goldfinger_Apple_iPhone_Generic/Attachments/File/0/Messages-Chat/Messages-Chat_100/video-1615049969.mp4"", ""id"": 99}, {""Path"": ""Goldfinger_Apple_iPhone_Generic/Attachments/File/0/Messages-Chat/Messages-Chat_100/video-1615049969.mp4.jpg"", ""id"": 100}"
Facebook Messenger|Rupert Beae|100063691416962|Goldy Finger|100063606951015|U likey da bling baby?|07.03.2021 08:00:08 UTC+01:00  |Incoming|"{""Path"": ""Goldfinger_Apple_iPhone_Generic/Attachments/File/0/Messages-Chat/Messages-Chat_99/1.jpg"", ""id"": 98}, {""Path"": ""Goldfinger_Apple_iPhone_Generic/Attachments/File/0/Messages-Chat/Messages-Chat_99/0.jpg"", ""id"": 99}"
Facebook Messenger|Goldy Finger|100063606951015|Rupert Beae|100063691416962|Yes yes yes|07.03.2021 10:33:59 UTC+01:00  |Outgoing|
Facebook Messenger|Rupert Beae|100063691416962|Goldy Finger|100063606951015|Whatever u like Angel....|07.03.2021 15:55:58 UTC+01:00  |Incoming|
Facebook Messenger|Goldy Finger|100063606951015|Rupert Beae|100063691416962||07.03.2021 18:18:14 UTC+01:00  |Outgoing|"{""Path"": ""Goldfinger_Apple_iPhone_Generic/Attachments/File/0/Messages-Chat/Messages-Chat_96/1.png"", ""id"": 95}, {""Path"": ""Goldfinger_Apple_iPhone_Generic/Attachments/File/0/Messages-Chat/Messages-Chat_96/0.png"", ""id"": 96}"
Facebook Messenger|Rupert Beae|100063691416962|Goldy Finger|100063606951015||09.03.2021 19:41:59 UTC+01:00  |Incoming|"{""Path"": ""Goldfinger_Apple_iPhone_Generic/Attachments/File/0/Messages-Chat/Messages-Chat_95/image-288804305999015(3).jpg"", ""id"": 94}, {""Path"": ""Goldfinger_Apple_iPhone_Generic/Attachments/File/0/Messages-Chat/Messages-Chat_95/image-288804305999015(2).jpg"", ""id"": 95}, {""Path"": ""Goldfinger_Apple_iPhone_Generic/Attachments/File/0/Messages-Chat/Messages-Chat_95/image-288804305999015(4).jpg"", ""id"": 97}, {""Path"": ""Goldfinger_Apple_iPhone_Generic/Attachments/File/0/Messages-Chat/Messages-Chat_95/image-288804305999015.jpg"", ""id"": 98}"
Facebook Messenger|Rupert Beae|100063691416962|Goldy Finger|100063606951015|Gazelle head on a wall in a house round here . More money than sense?|09.03.2021 20:08:38 UTC+01:00  |Incoming|
Facebook Messenger|Goldy Finger|100063606951015|Rupert Beae|100063691416962|No sellable though|09.03.2021 20:12:38 UTC+01:00  |Outgoing|
Facebook Messenger|Rupert Beae|100063691416962|Goldy Finger|100063606951015||11.03.2021 19:47:35 UTC+01:00  |Incoming|"{""Path"": ""Goldfinger_Apple_iPhone_Generic/Attachments/File/0/Messages-Chat/Messages-Chat_92/image-550780409230143(3).jpg"", ""id"": 91}, {""Path"": ""Goldfinger_Apple_iPhone_Generic/Attachments/File/0/Messages-Chat/Messages-Chat_92/image-550780409230143(2).jpg"", ""id"": 92}, {""Path"": ""Goldfinger_Apple_iPhone_Generic/Attachments/File/0/Messages-Chat/Messages-Chat_92/image-550780409230143(4).jpg"", ""id"": 94}, {""Path"": ""Goldfinger_Apple_iPhone_Generic/Attachments/File/0/Messages-Chat/Messages-Chat_92/image-550780409230143.jpg"", ""id"": 95}"
Facebook Messenger|Rupert Beae|100063691416962|Goldy Finger|100063606951015|Do you want to build a snowman?|11.03.2021 19:47:45 UTC+01:00  |Incoming|
Facebook Messenger|Goldy Finger|100063606951015|Rupert Beae|100063691416962|Yeah cool guy 😂|12.03.2021 08:03:50 UTC+01:00  |Outgoing|
Facebook Messenger|Rupert Beae|100063691416962|Goldy Finger|100063606951015||13.03.2021 11:45:33 UTC+01:00  |Incoming|"{""Path"": ""Goldfinger_Apple_iPhone_Generic/Attachments/File/0/Messages-Chat/Messages-Chat_89/video-1615632332.mp4"", ""id"": 88}, {""Path"": ""Goldfinger_Apple_iPhone_Generic/Attachments/File/0/Messages-Chat/Messages-Chat_89/video-1615632332.mp4.jpg"", ""id"": 89}"
Facebook Messenger|Rupert Beae|100063691416962|Goldy Finger|100063606951015||13.03.2021 16:09:58 UTC+01:00  |Incoming|"{""Path"": ""Goldfinger_Apple_iPhone_Generic/Attachments/File/0/Messages-Chat/Messages-Chat_88/video-1615648197.mp4"", ""id"": 87}, {""Path"": ""Goldfinger_Apple_iPhone_Generic/Attachments/File/0/Messages-Chat/Messages-Chat_88/video-1615648197.mp4.jpg"", ""id"": 88}"
Facebook Messenger|Goldy Finger|100063606951015|Rupert Beae|100063691416962|Is happy times|13.03.2021 18:32:40 UTC+01:00  |Outgoing|
Facebook Messenger|Rupert Beae|100063691416962|Goldy Finger|100063606951015|Celebrate with a pair of diamond earrings?|13.03.2021 18:33:23 UTC+01:00  |Incoming|
Facebook Messenger|Rupert Beae|100063691416962|Goldy Finger|100063606951015||13.03.2021 18:33:28 UTC+01:00  |Incoming|"{""Path"": ""Goldfinger_Apple_iPhone_Generic/Attachments/File/0/Messages-Chat/Messages-Chat_85/image-192574012263523(3).jpg"", ""id"": 84}, {""Path"": ""Goldfinger_Apple_iPhone_Generic/Attachments/File/0/Messages-Chat/Messages-Chat_85/image-192574012263523(2).jpg"", ""id"": 85}, {""Path"": ""Goldfinger_Apple_iPhone_Generic/Attachments/File/0/Messages-Chat/Messages-Chat_85/image-192574012263523(4).jpg"", ""id"": 87}, {""Path"": ""Goldfinger_Apple_iPhone_Generic/Attachments/File/0/Messages-Chat/Messages-Chat_85/image-192574012263523.jpg"", ""id"": 88}"
Facebook Messenger|Goldy Finger|100063606951015|Rupert Beae|100063691416962|Yeahhhh I’m impressed|13.03.2021 18:35:24 UTC+01:00  |Outgoing|
Facebook Messenger|Goldy Finger|100063606951015|Rupert Beae|100063691416962|Going back now|15.03.2021 08:27:27 UTC+01:00  |Outgoing|
Facebook Messenger|Goldy Finger|100063606951015|Rupert Beae|100063691416962|Naxos is 💰|15.03.2021 08:27:27 UTC+01:00  |Outgoing|
Facebook Messenger|Rupert Beae|100063691416962|Goldy Finger|100063606951015|Naxos in Greece or Nacka in Sweden?|15.03.2021 10:38:39 UTC+01:00  |Incoming|
Facebook Messenger|Goldy Finger|100063606951015|Rupert Beae|100063691416962|Either 😃|15.03.2021 21:19:49 UTC+01:00  |Outgoing|
Facebook Messenger|Goldy Finger|100063606951015|Rupert Beae|100063691416962|Closer with Nacka|15.03.2021 21:20:08 UTC+01:00  |Outgoing|
Facebook Messenger|Rupert Beae|100063691416962|Goldy Finger|100063606951015||15.03.2021 21:23:04 UTC+01:00  |Incoming|"{""Path"": ""Goldfinger_Apple_iPhone_Generic/Attachments/File/0/Messages-Chat/Messages-Chat_78/1.png"", ""id"": 77}, {""Path"": ""Goldfinger_Apple_iPhone_Generic/Attachments/File/0/Messages-Chat/Messages-Chat_78/0.png"", ""id"": 78}"
Facebook Messenger|Goldy Finger|100063606951015|Rupert Beae|100063691416962|You’ve been out today?|15.03.2021 21:23:53 UTC+01:00  |Outgoing|
Facebook Messenger|Rupert Beae|100063691416962|Goldy Finger|100063606951015||15.03.2021 21:26:00 UTC+01:00  |Incoming|"{""Path"": ""Goldfinger_Apple_iPhone_Generic/Attachments/File/0/Messages-Chat/Messages-Chat_76/image-429237321474017(3).jpg"", ""id"": 75}, {""Path"": ""Goldfinger_Apple_iPhone_Generic/Attachments/File/0/Messages-Chat/Messages-Chat_76/image-429237321474017(2).jpg"", ""id"": 76}, {""Path"": ""Goldfinger_Apple_iPhone_Generic/Attachments/File/0/Messages-Chat/Messages-Chat_76/image-429237321474017(4).jpg"", ""id"": 78}, {""Path"": ""Goldfinger_Apple_iPhone_Generic/Attachments/File/0/Messages-Chat/Messages-Chat_76/image-429237321474017.jpg"", ""id"": 79}"
Facebook Messenger|Rupert Beae|100063691416962|Goldy Finger|100063606951015|Seeing the sights|15.03.2021 21:26:05 UTC+01:00  |Incoming|
Facebook Messenger|Goldy Finger|100063606951015|Rupert Beae|100063691416962|Wow|15.03.2021 22:46:04 UTC+01:00  |Outgoing|
Facebook Messenger|Goldy Finger|100063606951015|Rupert Beae|100063691416962||15.03.2021 22:46:18 UTC+01:00  |Outgoing|"{""Path"": ""Goldfinger_Apple_iPhone_Generic/Attachments/File/0/Messages-Chat/Messages-Chat_73/image-824747368441144(3).jpg"", ""id"": 72}, {""Path"": ""Goldfinger_Apple_iPhone_Generic/Attachments/File/0/Messages-Chat/Messages-Chat_73/image-824747368441144(2).jpg"", ""id"": 73}, {""Path"": ""Goldfinger_Apple_iPhone_Generic/Attachments/File/0/Messages-Chat/Messages-Chat_73/image-824747368441144(4).jpg"", ""id"": 75}, {""Path"": ""Goldfinger_Apple_iPhone_Generic/Attachments/File/0/Messages-Chat/Messages-Chat_73/image-824747368441144.jpg"", ""id"": 76}"
Facebook Messenger|Goldy Finger|100063606951015|Rupert Beae|100063691416962|YeAh me too 🤣|15.03.2021 22:46:31 UTC+01:00  |Outgoing|
Facebook Messenger|Rupert Beae|100063691416962|Goldy Finger|100063606951015|So exotic 😍|16.03.2021 09:41:46 UTC+01:00  |Incoming|
Facebook Messenger|Rupert Beae|100063691416962|Goldy Finger|100063606951015||16.03.2021 16:24:46 UTC+01:00  |Incoming|"{""Path"": ""Goldfinger_Apple_iPhone_Generic/Attachments/File/0/Messages-Chat/Messages-Chat_70/image-290034789133648(3).jpg"", ""id"": 69}, {""Path"": ""Goldfinger_Apple_iPhone_Generic/Attachments/File/0/Messages-Chat/Messages-Chat_70/image-290034789133648(2).jpg"", ""id"": 70}, {""Path"": ""Goldfinger_Apple_iPhone_Generic/Attachments/File/0/Messages-Chat/Messages-Chat_70/image-290034789133648(4).jpg"", ""id"": 72}, {""Path"": ""Goldfinger_Apple_iPhone_Generic/Attachments/File/0/Messages-Chat/Messages-Chat_70/image-290034789133648.jpg"", ""id"": 73}"
Facebook Messenger|Rupert Beae|100063691416962|Goldy Finger|100063606951015|Depression era.|16.03.2021 16:24:52 UTC+01:00  |Incoming|
Facebook Messenger|Goldy Finger|100063606951015|Rupert Beae|100063691416962|Ha ha|16.03.2021 19:23:25 UTC+01:00  |Outgoing|
Facebook Messenger|Rupert Beae|100063691416962|Goldy Finger|100063606951015||18.03.2021 14:33:27 UTC+01:00  |Incoming|"{""Path"": ""Goldfinger_Apple_iPhone_Generic/Attachments/File/0/Messages-Chat/Messages-Chat_67/image-267014641665164(3).jpg"", ""id"": 66}, {""Path"": ""Goldfinger_Apple_iPhone_Generic/Attachments/File/0/Messages-Chat/Messages-Chat_67/image-267014641665164(2).jpg"", ""id"": 67}, {""Path"": ""Goldfinger_Apple_iPhone_Generic/Attachments/File/0/Messages-Chat/Messages-Chat_67/image-777444819824267(4).jpg"", ""id"": 70}, {""Path"": ""Goldfinger_Apple_iPhone_Generic/Attachments/File/0/Messages-Chat/Messages-Chat_67/image-777444819824267(2).jpg"", ""id"": 71}, {""Path"": ""Goldfinger_Apple_iPhone_Generic/Attachments/File/0/Messages-Chat/Messages-Chat_67/image-777444819824267(3).jpg"", ""id"": 72}, {""Path"": ""Goldfinger_Apple_iPhone_Generic/Attachments/File/0/Messages-Chat/Messages-Chat_67/image-450718762806609(2).jpg"", ""id"": 74}, {""Path"": ""Goldfinger_Apple_iPhone_Generic/Attachments/File/0/Messages-Chat/Messages-Chat_67/image-777444819824267.jpg"", ""id"": 75}, {""Path"": ""Goldfinger_Apple_iPhone_Generic/Attachments/File/0/Messages-Chat/Messages-Chat_67/image-450718762806609.jpg"", ""id"": 77}, {""Path"": ""Goldfinger_Apple_iPhone_Generic/Attachments/File/0/Messages-Chat/Messages-Chat_67/image-450718762806609(3).jpg"", ""id"": 78}, {""Path"": ""Goldfinger_Apple_iPhone_Generic/Attachments/File/0/Messages-Chat/Messages-Chat_67/image-450718762806609(4).jpg"", ""id"": 79}, {""Path"": ""Goldfinger_Apple_iPhone_Generic/Attachments/File/0/Messages-Chat/Messages-Chat_67/image-464434594702822(3).jpg"", ""id"": 81}, {""Path"": ""Goldfinger_Apple_iPhone_Generic/Attachments/File/0/Messages-Chat/Messages-Chat_67/image-464434594702822(2).jpg"", ""id"": 82}"
Facebook Messenger|Rupert Beae|100063691416962|Goldy Finger|100063606951015|Zoom, zoom, zoom...|18.03.2021 14:33:33 UTC+01:00  |Incoming|
Facebook Messenger|Rupert Beae|100063691416962|Goldy Finger|100063606951015|Want this one? https://variadesign.se/vikingasmycken/61-halsband-golden-wolf?fbclid=IwAR2Nx8kGgB8gvkmlSAfH1fTklSFRqLxxxagB5miTeTEYts5J9Gog6SDN1zE#&gid=1&pid=1|18.03.2021 14:35:55 UTC+01:00  |Incoming|
Facebook Messenger|Goldy Finger|100063606951015|Rupert Beae|100063691416962||19.03.2021 10:18:56 UTC+01:00  |Outgoing|"{""Path"": ""Goldfinger_Apple_iPhone_Generic/Attachments/File/0/Messages-Chat/Messages-Chat_64/image-740938429945544(3).jpg"", ""id"": 63}, {""Path"": ""Goldfinger_Apple_iPhone_Generic/Attachments/File/0/Messages-Chat/Messages-Chat_64/image-740938429945544(2).jpg"", ""id"": 64}, {""Path"": ""Goldfinger_Apple_iPhone_Generic/Attachments/File/0/Messages-Chat/Messages-Chat_64/image-740938429945544(4).jpg"", ""id"": 66}, {""Path"": ""Goldfinger_Apple_iPhone_Generic/Attachments/File/0/Messages-Chat/Messages-Chat_64/image-740938429945544.jpg"", ""id"": 67}"
Facebook Messenger|Rupert Beae|100063691416962|Goldy Finger|100063606951015|On ya bike !|19.03.2021 10:28:36 UTC+01:00  |Incoming|
Facebook Messenger|Goldy Finger|100063606951015|Rupert Beae|100063691416962|Good getaway thingy in the city|19.03.2021 10:40:26 UTC+01:00  |Outgoing|
Facebook Messenger|Rupert Beae|100063691416962|Goldy Finger|100063606951015||19.03.2021 11:42:14 UTC+01:00  |Incoming|"{""Path"": ""Goldfinger_Apple_iPhone_Generic/Attachments/File/0/Messages-Chat/Messages-Chat_61/image-461960125003506(3).jpg"", ""id"": 60}, {""Path"": ""Goldfinger_Apple_iPhone_Generic/Attachments/File/0/Messages-Chat/Messages-Chat_61/image-461960125003506(2).jpg"", ""id"": 61}, {""Path"": ""Goldfinger_Apple_iPhone_Generic/Attachments/File/0/Messages-Chat/Messages-Chat_61/image-461960125003506(4).jpg"", ""id"": 63}, {""Path"": ""Goldfinger_Apple_iPhone_Generic/Attachments/File/0/Messages-Chat/Messages-Chat_61/image-461960125003506.jpg"", ""id"": 64}"
Facebook Messenger|Rupert Beae|100063691416962|Goldy Finger|100063606951015|Also getaway thingy in the city|19.03.2021 11:42:26 UTC+01:00  |Incoming|
Facebook Messenger|Goldy Finger|100063606951015|Rupert Beae|100063691416962|But they cost.....|19.03.2021 13:38:06 UTC+01:00  |Outgoing|
Facebook Messenger|Rupert Beae|100063691416962|Goldy Finger|100063606951015||19.03.2021 20:13:44 UTC+01:00  |Incoming|"{""Path"": ""Goldfinger_Apple_iPhone_Generic/Attachments/File/0/Messages-Chat/Messages-Chat_58/video-1616181223.mp4"", ""id"": 57}, {""Path"": ""Goldfinger_Apple_iPhone_Generic/Attachments/File/0/Messages-Chat/Messages-Chat_58/video-1616181223.mp4.jpg"", ""id"": 58}"
Facebook Messenger|Goldy Finger|100063606951015|Rupert Beae|100063691416962|Work time|20.03.2021 16:42:23 UTC+01:00  |Outgoing|
Facebook Messenger|Goldy Finger|100063606951015|Rupert Beae|100063691416962||20.03.2021 16:42:24 UTC+01:00  |Outgoing|"{""Path"": ""Goldfinger_Apple_iPhone_Generic/Attachments/File/0/Messages-Chat/Messages-Chat_56/image-375368053429928(3).jpg"", ""id"": 55}, {""Path"": ""Goldfinger_Apple_iPhone_Generic/Attachments/File/0/Messages-Chat/Messages-Chat_56/image-375368053429928(2).jpg"", ""id"": 56}, {""Path"": ""Goldfinger_Apple_iPhone_Generic/Attachments/File/0/Messages-Chat/Messages-Chat_56/image-375368053429928(4).jpg"", ""id"": 58}, {""Path"": ""Goldfinger_Apple_iPhone_Generic/Attachments/File/0/Messages-Chat/Messages-Chat_56/image-375368053429928.jpg"", ""id"": 59}"
Facebook Messenger|Rupert Beae|100063691416962|Goldy Finger|100063606951015||20.03.2021 16:45:47 UTC+01:00  |Incoming|"{""Path"": ""Goldfinger_Apple_iPhone_Generic/Attachments/File/0/Messages-Chat/Messages-Chat_55/1.png"", ""id"": 54}, {""Path"": ""Goldfinger_Apple_iPhone_Generic/Attachments/File/0/Messages-Chat/Messages-Chat_55/0.png"", ""id"": 55}"
Facebook Messenger|Rupert Beae|100063691416962|Goldy Finger|100063606951015||21.03.2021 12:20:02 UTC+01:00  |Incoming|"{""Path"": ""Goldfinger_Apple_iPhone_Generic/Attachments/File/0/Messages-Chat/Messages-Chat_54/1.jpg"", ""id"": 53}, {""Path"": ""Goldfinger_Apple_iPhone_Generic/Attachments/File/0/Messages-Chat/Messages-Chat_54/0.jpg"", ""id"": 54}"
Facebook Messenger|Goldy Finger|100063606951015|Rupert Beae|100063691416962|Yeo!!!!! Fav|22.03.2021 10:44:46 UTC+01:00  |Outgoing|
Facebook Messenger|Rupert Beae|100063691416962|Goldy Finger|100063606951015||24.03.2021 18:28:00 UTC+01:00  |Incoming|"{""Path"": ""Goldfinger_Apple_iPhone_Generic/Attachments/File/0/Messages-Chat/Messages-Chat_52/image-292267105569986(3).jpg"", ""id"": 51}, {""Path"": ""Goldfinger_Apple_iPhone_Generic/Attachments/File/0/Messages-Chat/Messages-Chat_52/image-292267105569986(2).jpg"", ""id"": 52}, {""Path"": ""Goldfinger_Apple_iPhone_Generic/Attachments/File/0/Messages-Chat/Messages-Chat_52/image-292267105569986(4).jpg"", ""id"": 54}, {""Path"": ""Goldfinger_Apple_iPhone_Generic/Attachments/File/0/Messages-Chat/Messages-Chat_52/image-292267105569986.jpg"", ""id"": 55}"
Facebook Messenger|Goldy Finger|100063606951015|Rupert Beae|100063691416962|Oh wooow|26.03.2021 13:22:58 UTC+01:00  |Outgoing|
Facebook Messenger|Rupert Beae|100063691416962|Goldy Finger|100063606951015||26.03.2021 18:36:56 UTC+01:00  |Incoming|"{""Path"": ""Goldfinger_Apple_iPhone_Generic/Attachments/File/0/Messages-Chat/Messages-Chat_50/image-299399834938794(3).jpg"", ""id"": 49}, {""Path"": ""Goldfinger_Apple_iPhone_Generic/Attachments/File/0/Messages-Chat/Messages-Chat_50/image-299399834938794(2).jpg"", ""id"": 50}, {""Path"": ""Goldfinger_Apple_iPhone_Generic/Attachments/File/0/Messages-Chat/Messages-Chat_50/image-299399834938794(4).jpg"", ""id"": 52}, {""Path"": ""Goldfinger_Apple_iPhone_Generic/Attachments/File/0/Messages-Chat/Messages-Chat_50/image-299399834938794.jpg"", ""id"": 53}"
Facebook Messenger|Rupert Beae|100063691416962|Goldy Finger|100063606951015|Yes who hoo|26.03.2021 18:42:44 UTC+01:00  |Incoming|
Facebook Messenger|Goldy Finger|100063606951015|Rupert Beae|100063691416962|Perfect|27.03.2021 09:29:25 UTC+01:00|Outgoing|
Facebook Messenger|Goldy Finger|100063606951015|Rupert Beae|100063691416962|Wooooooow|27.03.2021 09:29:25 UTC+01:00  |Outgoing|
Viber|Goose System|46 73-667 37 85|Goldy Finger|46702578150||20.02.2021 17:12:38 UTC+01:00  |Incoming|
Viber|Goldy Finger|46702578150|Goose System|46 73-667 37 85||20.02.2021 18:53:27 UTC+01:00  |Outgoing|
Viber|Goldy Finger|46702578150|Goose System|46 73-667 37 85|Can’t wait.....so hungry....when u back|20.02.2021 18:54:30 UTC+01:00  |Outgoing|
Viber|Goldy Finger|46702578150|Goose System|46 73-667 37 85||20.02.2021 18:55:27 UTC+01:00  |Outgoing|
Viber|Goose System|46 73-667 37 85|Goldy Finger|46702578150|Pizza is good ...|21.02.2021 08:21:09 UTC+01:00  |Incoming|
Viber|Goldy Finger|46702578150|Goose System|46 73-667 37 85||21.02.2021 08:42:20 UTC+01:00  |Outgoing|
Viber|Goldy Finger|46702578150|Goose System|46 73-667 37 85|Feelin sick today|21.02.2021 08:42:40 UTC+01:00  |Outgoing|
Viber|Goose System|46 73-667 37 85|Goldy Finger|46702578150||21.02.2021 08:42:59 UTC+01:00  |Incoming|
Viber|Goose System|46 73-667 37 85|Goldy Finger|46702578150||21.02.2021 12:39:11 UTC+01:00  |Incoming|
Viber|Goose System|46 73-667 37 85|Goldy Finger|46702578150||21.02.2021 12:39:25 UTC+01:00  |Incoming|"{""Path"": ""Goldfinger_Apple_iPhone_Generic/Attachments/File/0/Messages-Chat/Messages-Chat_156/1613907566791532.jpg"", ""id"": 10}"
Viber|Goldy Finger|46702578150|Goose System|46 73-667 37 85|Yeah salad for me|21.02.2021 12:39:54 UTC+01:00  |Outgoing|
Viber|Goose System|46 73-667 37 85|Goldy Finger|46702578150|Okey dokey|21.02.2021 12:40:12 UTC+01:00  |Incoming|
Viber|Goldy Finger|46702578150|Goose System|46 73-667 37 85|How long|21.02.2021 12:42:03 UTC+01:00  |Outgoing|
Viber|Goldy Finger|46702578150|Goose System|46 73-667 37 85|Meet for Coffee tomorrow?|21.02.2021 19:07:12 UTC+01:00  |Outgoing|
Viber|Goose System|46 73-667 37 85|Goldy Finger|46702578150|Sounds good. Where will it be?|21.02.2021 19:08:46 UTC+01:00  |Incoming|
Viber|Goose System|46 73-667 37 85|Goldy Finger|46702578150|Of course I am!|22.02.2021 10:04:39 UTC+01:00  |Incoming|
Viber|Goose System|46 73-667 37 85|Goldy Finger|46702578150||22.02.2021 10:04:56 UTC+01:00  |Incoming|
Viber|Goose System|46 73-667 37 85|Goldy Finger|46702578150|Going out looking for targets|22.02.2021 18:10:12 UTC+01:00  |Incoming|
Viber|Goldy Finger|46702578150|Goose System|46 73-667 37 85|Nice roll|22.02.2021 20:58:14 UTC+01:00  |Outgoing|
Viber|Goldy Finger|46702578150|Goose System|46 73-667 37 85|I’ve done 0 today|22.02.2021 20:58:36 UTC+01:00  |Outgoing|
Viber|Goose System|46 73-667 37 85|Goldy Finger|46702578150||22.02.2021 22:06:59 UTC+01:00  |Incoming|
Viber|Goldy Finger|46702578150|Goose System|46 73-667 37 85||23.02.2021 13:18:47 UTC+01:00  |Outgoing|
Viber|Goose System|46 73-667 37 85|Goldy Finger|46702578150|Off out with Mav again tonight. keep the dinner warm|23.02.2021 18:12:47 UTC+01:00  |Incoming|
Viber|Goldy Finger|46702578150|Goose System|46 73-667 37 85|Right. Good man. All nice here|23.02.2021 20:06:18 UTC+01:00  |Outgoing|
Viber|Goose System|46 73-667 37 85|Goldy Finger|46702578150|We bagged some bling from the last place .... 🙂|24.02.2021 14:02:12 UTC+01:00  |Incoming|"{""Path"": ""Goldfinger_Apple_iPhone_Generic/Attachments/File/0/Messages-Chat/Messages-Chat_170/1614171734839817.jpg"", ""id"": 24}"
Viber|Goldy Finger|46702578150|Goose System|46 73-667 37 85|Great 😎|24.02.2021 18:48:57 UTC+01:00  |Outgoing|
Viber|Goose System|46 73-667 37 85|Goldy Finger|46702578150|tavged|24.02.2021 18:49:52 UTC+01:00  |Incoming|"{""Path"": ""Goldfinger_Apple_iPhone_Generic/Attachments/File/0/Messages-Chat/Messages-Chat_173/1614188993667407.jpg"", ""id"": 27}"
Viber|Goldy Finger|46702578150|Goose System|46 73-667 37 85||24.02.2021 18:50:04 UTC+01:00  |Outgoing|
Viber|Goldy Finger|46702578150|Goose System|46 73-667 37 85||26.02.2021 13:33:53 UTC+01:00  |Outgoing|
Viber|Goose System|46 73-667 37 85|Goldy Finger|46702578150||26.02.2021 18:59:37 UTC+01:00  |Incoming|"{""Path"": ""Goldfinger_Apple_iPhone_Generic/Attachments/File/0/Messages-Chat/Messages-Chat_175/1614362379678402.jpg"", ""id"": 29}"
Viber|Goose System|46 73-667 37 85|Goldy Finger|46702578150|The road to nowhere baby 🥺|26.02.2021 18:59:48 UTC+01:00  |Incoming|
Viber|Goldy Finger|46702578150|Goose System|46 73-667 37 85||28.02.2021 12:36:58 UTC+01:00  |Outgoing|
Viber|Goldy Finger|46702578150|Goose System|46 73-667 37 85||28.02.2021 12:37:15 UTC+01:00  |Outgoing|
Viber|Goose System|46 73-667 37 85|Goldy Finger|46702578150||28.02.2021 19:40:59 UTC+01:00  |Incoming|
Viber|Goose System|46 73-667 37 85|Goldy Finger|46702578150|Cool 😎|28.02.2021 19:41:09 UTC+01:00  |Incoming|
Viber|Goldy Finger|46702578150|Goose System|46 73-667 37 85||01.03.2021 09:24:33 UTC+01:00  |Outgoing|
Viber|Goose System|46 73-667 37 85|Goldy Finger|46702578150||01.03.2021 18:13:06 UTC+01:00  |Incoming|
Viber|Goldy Finger|46702578150|Goose System|46 73-667 37 85|Any value in brass|02.03.2021 12:08:09 UTC+01:00  |Outgoing|
Viber|Goose System|46 73-667 37 85|Goldy Finger|46702578150||02.03.2021 20:23:36 UTC+01:00  |Incoming|
Viber|Goldy Finger|46702578150|Goose System|46 73-667 37 85||03.03.2021 08:44:31 UTC+01:00  |Outgoing|
Viber|Goose System|46 73-667 37 85|Goldy Finger|46702578150|Heading out looking for some goodies|03.03.2021 17:43:22 UTC+01:00  |Incoming|
Viber|Goose System|46 73-667 37 85|Goldy Finger|46702578150||03.03.2021 18:25:32 UTC+01:00  |Incoming|
Viber|Goose System|46 73-667 37 85|Goldy Finger|46702578150||03.03.2021 18:35:09 UTC+01:00  |Incoming|"{""Path"": ""Goldfinger_Apple_iPhone_Generic/Attachments/File/0/Messages-Chat/Messages-Chat_188/1614792912321782.jpg"", ""id"": 42}"
Viber|Goose System|46 73-667 37 85|Goldy Finger|46702578150|Its all a load of rubbish|03.03.2021 18:35:10 UTC+01:00  |Incoming|
Viber|Goose System|46 73-667 37 85|Goldy Finger|46702578150|ur full of shit man|03.03.2021 19:54:08 UTC+01:00  |Incoming|
Viber|Goldy Finger|46702578150|Goose System|46 73-667 37 85|Or a place to dump our stuff|03.03.2021 20:22:05 UTC+01:00  |Outgoing|
Viber|Goose System|46 73-667 37 85|Goldy Finger|46702578150|Hey good thinking.|03.03.2021 20:23:43 UTC+01:00  |Incoming|
Viber|Goose System|46 73-667 37 85|Goldy Finger|46702578150|Nobody would look there for our stash....|03.03.2021 20:23:57 UTC+01:00  |Incoming|
Viber|Goldy Finger|46702578150|Goose System|46 73-667 37 85|Just need to check when they actually empty the dumpsters|03.03.2021 20:24:28 UTC+01:00  |Outgoing|
Viber|Goldy Finger|46702578150|Goose System|46 73-667 37 85|It’s clever though|03.03.2021 20:24:40 UTC+01:00  |Outgoing|
Viber|Goose System|46 73-667 37 85|Goldy Finger|46702578150||03.03.2021 20:24:57 UTC+01:00  |Incoming|
Viber|Goldy Finger|46702578150|Goose System|46 73-667 37 85|I’m on it|03.03.2021 20:25:20 UTC+01:00  |Outgoing|
Viber|Goose System|46 73-667 37 85|Goldy Finger|46702578150||05.03.2021 19:11:45 UTC+01:00  |Incoming|"{""Path"": ""Goldfinger_Apple_iPhone_Generic/Attachments/File/0/Messages-Chat/Messages-Chat_199/161496792541435.jpg"", ""id"": 53}"
Viber|Goose System|46 73-667 37 85|Goldy Finger|46702578150|Do u have nice bumps|05.03.2021 19:11:47 UTC+01:00  |Incoming|
Viber|Goose System|46 73-667 37 85|Goldy Finger|46702578150||05.03.2021 19:12:11 UTC+01:00  |Incoming|
Viber|Goldy Finger|46702578150|Goose System|46 73-667 37 85|I’m meeting a contact later...any bling to move|12.03.2021 08:07:17 UTC+01:00  |Outgoing|
Viber|Goose System|46 73-667 37 85|Goldy Finger|46702578150||12.03.2021 18:27:28 UTC+01:00  |Incoming|"{""Path"": ""Goldfinger_Apple_iPhone_Generic/Attachments/File/0/Messages-Chat/Messages-Chat_203/1615570050948179.jpg"", ""id"": 57}"
Viber|Goose System|46 73-667 37 85|Goldy Finger|46702578150|This needs to go|12.03.2021 18:27:38 UTC+01:00  |Incoming|
Viber|Goose System|46 73-667 37 85|Goldy Finger|46702578150|https://youtu.be/IIW9sL-Yf6Q|12.03.2021 20:28:31 UTC+01:00  |Incoming|
Viber|Goose System|46 73-667 37 85|Goldy Finger|46702578150||15.03.2021 16:07:28 UTC+01:00  |Incoming|"{""Path"": ""Goldfinger_Apple_iPhone_Generic/Attachments/File/0/Messages-Chat/Messages-Chat_206/1615824237141229.jpg"", ""id"": 60}"
Viber|Goldy Finger|46702578150|Goose System|46 73-667 37 85|Golf peg?|15.03.2021 21:22:48 UTC+01:00  |Outgoing|
Viber|Goose System|46 73-667 37 85|Goldy Finger|46702578150||15.03.2021 22:33:19 UTC+01:00  |Incoming|
Viber|Goldy Finger|46702578150|Goose System|46 73-667 37 85|Bless|15.03.2021 22:45:27 UTC+01:00  |Outgoing|
Viber|Goose System|46 73-667 37 85|Goldy Finger|46702578150|That's what you get for wearing pink pants|16.03.2021 09:38:15 UTC+01:00  |Incoming|
Viber|Goldy Finger|46702578150|Goose System|46 73-667 37 85|Pink panther = sexy|16.03.2021 19:23:16 UTC+01:00  |Outgoing|
Viber|Goose System|46 73-667 37 85|Goldy Finger|46702578150||17.03.2021 12:05:08 UTC+01:00  |Incoming|
Viber|Goldy Finger|46702578150|Goose System|46 73-667 37 85|Yeeezzzzz|17.03.2021 12:14:54 UTC+01:00  |Outgoing|
Viber|Goose System|46 73-667 37 85|Goldy Finger|46702578150|He even does rocks now?|20.03.2021 15:29:13 UTC+01:00  |Incoming|
Viber|Goose System|46 73-667 37 85|Goldy Finger|46702578150||20.03.2021 15:29:17 UTC+01:00  |Incoming|"{""Path"": ""Goldfinger_Apple_iPhone_Generic/Attachments/File/0/Messages-Chat/Messages-Chat_215/1616254942995203.jpg"", ""id"": 69}"
Viber|Goldy Finger|46702578150|Goose System|46 73-667 37 85|Hard as stone|20.03.2021 17:20:47 UTC+01:00  |Outgoing|
Viber|Goose System|46 73-667 37 85|Goldy Finger|46702578150||21.03.2021 14:22:35 UTC+01:00  |Incoming|
Viber|Goldy Finger|46702578150|Goose System|46 73-667 37 85||22.03.2021 10:44:26 UTC+01:00  |Outgoing|
Viber|Goose System|46 73-667 37 85|Goldy Finger|46702578150|Daddy Long Legs|30.03.2021 17:59:33 UTC+02:00  |Incoming|
Viber|Goose System|46 73-667 37 85|Goldy Finger|46702578150||30.03.2021 17:59:37 UTC+02:00  |Incoming|"{""Path"": ""Goldfinger_Apple_iPhone_Generic/Attachments/File/0/Messages-Chat/Messages-Chat_222/1617119978317193.mp4"", ""id"": 76}"
Viber|Goldy Finger|46702578150|Goose System|46 73-667 37 85||31.03.2021 17:09:11 UTC+02:00  |Outgoing|
Viber|Goose System|46 73-667 37 85|Goldy Finger|46702578150|Oh wow . Dangerous stuff to mix pleasure and business 😎|31.03.2021 18:23:20 UTC+02:00  |Incoming|
Viber|Goose System|46 73-667 37 85|Goldy Finger|46702578150|Can I get some on the side please???|31.03.2021 22:28:47 UTC+02:00  |Incoming|
Viber|Goldy Finger|46702578150|Goose System|46 73-667 37 85|Doesn’t work that way man|02.04.2021 15:55:28 UTC+02:00  |Outgoing|
Viber|Goldy Finger|46702578150|Goose System|46 73-667 37 85||02.04.2021 15:55:28 UTC+02:00|Outgoing|
WhatsApp||46736673785@s.whatsapp.net|Goldfinger|46702578150@s.whatsapp.net||24.02.2021 14:04:45 UTC+01:00  |Unknown|
WhatsApp|Goose System|46736673785@s.whatsapp.net|Stockholm Stealers|46736673785-1614171884@g.us|Ok team. Let's get rich 🤑|24.02.2021 14:05:00 UTC+01:00  |Incoming|
WhatsApp|46708275344@s.whatsapp.net|46708275344@s.whatsapp.net|Stockholm Stealers|46736673785-1614171884@g.us|Absolutely dude. Now go and get some gear for us to sell....|24.02.2021 14:11:21 UTC+01:00  |Incoming|
WhatsApp|Goldfinger|46702578150@s.whatsapp.net|Stockholm Stealers|46736673785-1614171884@g.us|Let’s go go go|24.02.2021 18:47:47 UTC+01:00  |Outgoing|
WhatsApp|Goose System|46736673785@s.whatsapp.net|Stockholm Stealers|46736673785-1614171884@g.us||24.02.2021 18:48:13 UTC+01:00  |Incoming|"{""Path"": ""Goldfinger_Apple_iPhone_Generic/Attachments/File/0/Messages-Chat/Messages-Chat_312/7f4f37a1-2e10-4aad-b61f-cd29f78864d9.jpg"", ""id"": 87}"
WhatsApp|Goose System|46736673785@s.whatsapp.net|Stockholm Stealers|46736673785-1614171884@g.us|Walking now|24.02.2021 18:48:19 UTC+01:00  |Incoming|
WhatsApp|Goldfinger|46702578150@s.whatsapp.net|Stockholm Stealers|46736673785-1614171884@g.us|Are u drunk😂|24.02.2021 18:49:21 UTC+01:00  |Outgoing|
WhatsApp|46708275344@s.whatsapp.net|46708275344@s.whatsapp.net|Stockholm Stealers|46736673785-1614171884@g.us|Maybe 🙂|24.02.2021 19:47:35 UTC+01:00  |Incoming|
WhatsApp|Goose System|46736673785@s.whatsapp.net|Stockholm Stealers|46736673785-1614171884@g.us||24.02.2021 21:46:22 UTC+01:00  |Incoming|"{""Path"": ""Goldfinger_Apple_iPhone_Generic/Attachments/File/0/Messages-Chat/Messages-Chat_316/fef86d78-2842-4326-be90-ed906e1a46f0.mp4"", ""id"": 91}"
WhatsApp|Twilight Grey|46762725331@s.whatsapp.net|Stockholm Stealers|46736673785-1614171884@g.us||24.02.2021 22:00:06 UTC+01:00  |Incoming|"{""Path"": ""Goldfinger_Apple_iPhone_Generic/Attachments/File/0/Messages-Chat/Messages-Chat_317/2e12cd86-473b-4583-b082-60f3012c9b49.mp4"", ""id"": 92}"
WhatsApp|Goldfinger|46702578150@s.whatsapp.net|Stockholm Stealers|46736673785-1614171884@g.us||24.02.2021 22:04:16 UTC+01:00  |Outgoing|"{""Path"": ""Goldfinger_Apple_iPhone_Generic/Attachments/File/0/Messages-Chat/Messages-Chat_318/234e3126-38a1-46c3-83dd-e0110f21d67c.jpg"", ""id"": 93}"
WhatsApp|Goose System|46736673785@s.whatsapp.net|Stockholm Stealers|46736673785-1614171884@g.us|Got make enough dough for everything we want to buy 🥺|25.02.2021 08:30:54 UTC+01:00  |Incoming|
WhatsApp|Twilight Grey|46762725331@s.whatsapp.net|Stockholm Stealers|46736673785-1614171884@g.us|Oh yes🤩|25.02.2021 09:49:23 UTC+01:00  |Incoming|
WhatsApp|Goldfinger|46702578150@s.whatsapp.net|Stockholm Stealers|46736673785-1614171884@g.us|Correction... everything I want 😎😂|25.02.2021 09:51:16 UTC+01:00  |Outgoing|
WhatsApp|Twilight Grey|46762725331@s.whatsapp.net|Stockholm Stealers|46736673785-1614171884@g.us|You are such a diva😝|25.02.2021 10:33:30 UTC+01:00  |Incoming|
WhatsApp|46708275344@s.whatsapp.net|46708275344@s.whatsapp.net|Stockholm Stealers|46736673785-1614171884@g.us|😃|25.02.2021 10:33:47 UTC+01:00  |Incoming|
WhatsApp|Goldfinger|46702578150@s.whatsapp.net|Stockholm Stealers|46736673785-1614171884@g.us|I’m just who I am... take it or leave it|25.02.2021 13:30:33 UTC+01:00  |Outgoing|
WhatsApp|46708275344@s.whatsapp.net|46708275344@s.whatsapp.net|Stockholm Stealers|46736673785-1614171884@g.us||25.02.2021 13:34:53 UTC+01:00  |Incoming|"{""Path"": ""Goldfinger_Apple_iPhone_Generic/Attachments/File/0/Messages-Chat/Messages-Chat_325/226aa704-1207-4c1f-8445-e12da0cd35d9.mp4"", ""id"": 100}"
WhatsApp|Goldfinger|46702578150@s.whatsapp.net|Stockholm Stealers|46736673785-1614171884@g.us|Ha ha|25.02.2021 13:37:23 UTC+01:00  |Outgoing|
WhatsApp|Goldfinger|46702578150@s.whatsapp.net|Stockholm Stealers|46736673785-1614171884@g.us|Should I go in?|25.02.2021 13:37:40 UTC+01:00  |Outgoing|"{""Path"": ""Goldfinger_Apple_iPhone_Generic/Attachments/File/0/Messages-Chat/Messages-Chat_327/c102949e-8351-48b7-bce6-049553fc31d2.jpg"", ""id"": 102}"
WhatsApp|Goldfinger|46702578150@s.whatsapp.net|Stockholm Stealers|46736673785-1614171884@g.us|Might be something for us|25.02.2021 13:37:56 UTC+01:00  |Outgoing|
WhatsApp|46708275344@s.whatsapp.net|46708275344@s.whatsapp.net|Stockholm Stealers|46736673785-1614171884@g.us|Do it. Grab some goodies 😋|25.02.2021 13:38:02 UTC+01:00  |Incoming|
WhatsApp|Goose System|46736673785@s.whatsapp.net|Stockholm Stealers|46736673785-1614171884@g.us|Yes definitely. We need wheels|25.02.2021 13:40:05 UTC+01:00  |Incoming|
WhatsApp|Goldfinger|46702578150@s.whatsapp.net|Stockholm Stealers|46736673785-1614171884@g.us|It’s an old Volvo... could be good|25.02.2021 13:41:05 UTC+01:00  |Outgoing|
WhatsApp|46708275344@s.whatsapp.net|46708275344@s.whatsapp.net|Stockholm Stealers|46736673785-1614171884@g.us|Never seen one of them in Sweden 😅|25.02.2021 13:42:18 UTC+01:00  |Incoming|
WhatsApp|Goldfinger|46702578150@s.whatsapp.net|Stockholm Stealers|46736673785-1614171884@g.us|That’s good though|25.02.2021 13:42:37 UTC+01:00  |Outgoing|
WhatsApp|46708275344@s.whatsapp.net|46708275344@s.whatsapp.net|Stockholm Stealers|46736673785-1614171884@g.us|Yes|25.02.2021 13:43:45 UTC+01:00  |Incoming|
WhatsApp|46708275344@s.whatsapp.net|46708275344@s.whatsapp.net|Stockholm Stealers|46736673785-1614171884@g.us||25.02.2021 14:10:06 UTC+01:00  |Incoming|"{""Path"": ""Goldfinger_Apple_iPhone_Generic/Attachments/File/0/Messages-Chat/Messages-Chat_335/964bb78a-49df-49de-9b8d-c3d9dfe09f91.jpg"", ""id"": 110}"
WhatsApp|46708275344@s.whatsapp.net|46708275344@s.whatsapp.net|Stockholm Stealers|46736673785-1614171884@g.us|Got myself some GOLD 😉|25.02.2021 14:10:36 UTC+01:00  |Incoming|
WhatsApp|46708275344@s.whatsapp.net|46708275344@s.whatsapp.net|Stockholm Stealers|46736673785-1614171884@g.us|Holy shot x100 zoom|25.02.2021 20:05:23 UTC+01:00  |Incoming|"{""Path"": ""Goldfinger_Apple_iPhone_Generic/Attachments/File/0/Messages-Chat/Messages-Chat_337/b07409c1-1d4d-4fdd-b4fd-be7221805579.jpg"", ""id"": 112}"
WhatsApp|46708275344@s.whatsapp.net|46708275344@s.whatsapp.net|Stockholm Stealers|46736673785-1614171884@g.us|Shit this camera is awesome|25.02.2021 20:05:23 UTC+01:00  |Incoming|"{""Path"": ""Goldfinger_Apple_iPhone_Generic/Attachments/File/0/Messages-Chat/Messages-Chat_338/24c7ccf5-b7dc-49b5-b1e9-7a65b28e76ec.jpg"", ""id"": 113}"
WhatsApp|Goldfinger|46702578150@s.whatsapp.net|Stockholm Stealers|46736673785-1614171884@g.us|Shit... so good|25.02.2021 20:08:30 UTC+01:00  |Outgoing|
WhatsApp|Goose System|46736673785@s.whatsapp.net|Stockholm Stealers|46736673785-1614171884@g.us|👍|25.02.2021 20:17:57 UTC+01:00  |Incoming|
WhatsApp|Twilight Grey|46762725331@s.whatsapp.net|Stockholm Stealers|46736673785-1614171884@g.us|Just awesome|25.02.2021 20:26:37 UTC+01:00  |Incoming|
WhatsApp|Goose System|46736673785@s.whatsapp.net|Stockholm Stealers|46736673785-1614171884@g.us|🤖|25.02.2021 20:29:36 UTC+01:00  |Incoming|
WhatsApp|Goldfinger|46702578150@s.whatsapp.net|Stockholm Stealers|46736673785-1614171884@g.us||25.02.2021 20:30:49 UTC+01:00  |Outgoing|"{""Path"": ""Goldfinger_Apple_iPhone_Generic/Attachments/File/0/Messages-Chat/Messages-Chat_343/6e799332-2e9d-454b-b9b9-70b943f3ea7e.png"", ""id"": 118}"
WhatsApp|Goldfinger|46702578150@s.whatsapp.net|Stockholm Stealers|46736673785-1614171884@g.us|Stooooooop|25.02.2021 20:30:53 UTC+01:00  |Outgoing|
WhatsApp|Goose System|46736673785@s.whatsapp.net|Stockholm Stealers|46736673785-1614171884@g.us|🤩|25.02.2021 20:31:43 UTC+01:00  |Incoming|
WhatsApp|Twilight Grey|46762725331@s.whatsapp.net|Stockholm Stealers|46736673785-1614171884@g.us|Never😝|25.02.2021 20:32:13 UTC+01:00  |Incoming|
WhatsApp|Twilight Grey|46762725331@s.whatsapp.net|Stockholm Stealers|46736673785-1614171884@g.us||25.02.2021 20:32:35 UTC+01:00  |Incoming|"{""Path"": ""Goldfinger_Apple_iPhone_Generic/Attachments/File/0/Messages-Chat/Messages-Chat_347/dfa9e006-cbd3-49c2-991a-0c7f78dc59f3.mp4"", ""id"": 122}"
WhatsApp|46708275344@s.whatsapp.net|46708275344@s.whatsapp.net|Stockholm Stealers|46736673785-1614171884@g.us|Hey where is the money?|25.02.2021 20:33:58 UTC+01:00  |Incoming|
WhatsApp|Goldfinger|46702578150@s.whatsapp.net|Stockholm Stealers|46736673785-1614171884@g.us||25.02.2021 20:35:23 UTC+01:00  |Outgoing|"{""Path"": ""Goldfinger_Apple_iPhone_Generic/Attachments/File/0/Messages-Chat/Messages-Chat_349/11f84890-b1b1-4d74-97ae-d6cc81157738.mp4"", ""id"": 124}"
WhatsApp|Twilight Grey|46762725331@s.whatsapp.net|Stockholm Stealers|46736673785-1614171884@g.us||25.02.2021 20:36:17 UTC+01:00  |Incoming|"{""Path"": ""Goldfinger_Apple_iPhone_Generic/Attachments/File/0/Messages-Chat/Messages-Chat_350/44c68dd7-fd16-4a9c-b8d1-7387f1be4b9e.mp4"", ""id"": 125}"
WhatsApp|Twilight Grey|46762725331@s.whatsapp.net|Stockholm Stealers|46736673785-1614171884@g.us|I think he has it😝|25.02.2021 20:36:35 UTC+01:00  |Incoming|
WhatsApp|46708275344@s.whatsapp.net|46708275344@s.whatsapp.net|Stockholm Stealers|46736673785-1614171884@g.us|https://www.bloomberg.com/news/articles/2021-02-24/swedish-pm-sees-high-risk-of-new-wave-of-covid-infections|25.02.2021 21:00:22 UTC+01:00  |Incoming|
WhatsApp|46708275344@s.whatsapp.net|46708275344@s.whatsapp.net|Stockholm Stealers|46736673785-1614171884@g.us|Be careful OK...|25.02.2021 21:00:30 UTC+01:00  |Incoming|
WhatsApp|Goldfinger|46702578150@s.whatsapp.net|Stockholm Stealers|46736673785-1614171884@g.us|Donald D is the shit|26.02.2021 08:45:21 UTC+01:00  |Outgoing|
WhatsApp|Goldfinger|46702578150@s.whatsapp.net|Stockholm Stealers|46736673785-1614171884@g.us|Yes we’ll be careful|26.02.2021 08:45:54 UTC+01:00  |Outgoing|
WhatsApp|Twilight Grey|46762725331@s.whatsapp.net|Stockholm Stealers|46736673785-1614171884@g.us|Look what a beautiful drawing I found😂|26.02.2021 12:28:39 UTC+01:00  |Incoming|"{""Path"": ""Goldfinger_Apple_iPhone_Generic/Attachments/File/0/Messages-Chat/Messages-Chat_356/0766b872-2a0b-4bb2-9600-03e41cb3ee06.jpg"", ""id"": 131}"
WhatsApp|46708275344@s.whatsapp.net|46708275344@s.whatsapp.net|Stockholm Stealers|46736673785-1614171884@g.us|You are mental. I like it 👌|26.02.2021 13:17:16 UTC+01:00  |Incoming|
WhatsApp|Goldfinger|46702578150@s.whatsapp.net|Stockholm Stealers|46736673785-1614171884@g.us|Wonderful|26.02.2021 13:32:46 UTC+01:00  |Outgoing|
WhatsApp|46708275344@s.whatsapp.net|46708275344@s.whatsapp.net|Stockholm Stealers|46736673785-1614171884@g.us|U wanna da bling baby?|26.02.2021 13:34:13 UTC+01:00  |Incoming|"{""Path"": ""Goldfinger_Apple_iPhone_Generic/Attachments/File/0/Messages-Chat/Messages-Chat_359/58afe3a4-41d9-4401-b275-8b6359aa525a.jpg"", ""id"": 134}"
WhatsApp|Goldfinger|46702578150@s.whatsapp.net|Stockholm Stealers|46736673785-1614171884@g.us|Yes mucho blingo fasto nowo|26.02.2021 13:47:55 UTC+01:00  |Outgoing|
WhatsApp|46708275344@s.whatsapp.net|46708275344@s.whatsapp.net|Stockholm Stealers|46736673785-1614171884@g.us|🙂|26.02.2021 14:04:00 UTC+01:00  |Incoming|
WhatsApp|46708275344@s.whatsapp.net|46708275344@s.whatsapp.net|Stockholm Stealers|46736673785-1614171884@g.us||26.02.2021 14:04:06 UTC+01:00  |Incoming|"{""Path"": ""Goldfinger_Apple_iPhone_Generic/Attachments/File/0/Messages-Chat/Messages-Chat_362/9aa82d22-f7bd-4434-963e-1be3b2e4d024.mp4"", ""id"": 137}"
WhatsApp|46708275344@s.whatsapp.net|46708275344@s.whatsapp.net|Stockholm Stealers|46736673785-1614171884@g.us||26.02.2021 19:20:18 UTC+01:00  |Incoming|"{""Path"": ""Goldfinger_Apple_iPhone_Generic/Attachments/File/0/Messages-Chat/Messages-Chat_363/613e4149-f008-4677-85bb-848022c6837d.jpg"", ""id"": 138}"
WhatsApp|46708275344@s.whatsapp.net|46708275344@s.whatsapp.net|Stockholm Stealers|46736673785-1614171884@g.us|Last night's haul was good|27.02.2021 09:38:16 UTC+01:00  |Incoming|"{""Path"": ""Goldfinger_Apple_iPhone_Generic/Attachments/File/0/Messages-Chat/Messages-Chat_364/215cda7c-5d82-4635-965e-a7625bd8fd31.jpg"", ""id"": 139}"
WhatsApp|Goose System|46736673785@s.whatsapp.net|Stockholm Stealers|46736673785-1614171884@g.us|Sweet 🎂|27.02.2021 09:49:11 UTC+01:00  |Incoming|
WhatsApp|Goose System|46736673785@s.whatsapp.net|Stockholm Stealers|46736673785-1614171884@g.us|What's my cut of the profits then?|27.02.2021 09:49:27 UTC+01:00  |Incoming|
WhatsApp|Goose System|46736673785@s.whatsapp.net|Stockholm Stealers|46736673785-1614171884@g.us|Off to sell the goodies today!|27.02.2021 10:17:42 UTC+01:00  |Incoming|
WhatsApp|Goose System|46736673785@s.whatsapp.net|Stockholm Stealers|46736673785-1614171884@g.us|Arrived at the big house for the trade....|27.02.2021 10:55:32 UTC+01:00  |Incoming|"{""Path"": ""Goldfinger_Apple_iPhone_Generic/Attachments/File/0/Messages-Chat/Messages-Chat_368/8d636e4a-a670-45c9-a518-c4f3372ae543.jpg"", ""id"": 143}"
WhatsApp|Goldfinger|46702578150@s.whatsapp.net|Stockholm Stealers|46736673785-1614171884@g.us||27.02.2021 11:07:39 UTC+01:00  |Outgoing|"{""Path"": ""Goldfinger_Apple_iPhone_Generic/Attachments/File/0/Messages-Chat/Messages-Chat_369/14e21784-37fd-4174-947a-ab18321f3fb5.jpg"", ""id"": 144}"
WhatsApp|Goldfinger|46702578150@s.whatsapp.net|Stockholm Stealers|46736673785-1614171884@g.us||27.02.2021 11:07:53 UTC+01:00  |Outgoing|"{""Path"": ""Goldfinger_Apple_iPhone_Generic/Attachments/File/0/Messages-Chat/Messages-Chat_370/298cb437-cde4-4854-9bd5-620073450860.jpg"", ""id"": 145}"
WhatsApp|Goose System|46736673785@s.whatsapp.net|Stockholm Stealers|46736673785-1614171884@g.us|I wonder what sort of music he likes?|27.02.2021 12:27:36 UTC+01:00  |Incoming|"{""Path"": ""Goldfinger_Apple_iPhone_Generic/Attachments/File/0/Messages-Chat/Messages-Chat_371/bdda5578-cee3-4bdc-b4f9-263c3130244f.jpg"", ""id"": 146}"
WhatsApp|46708275344@s.whatsapp.net|46708275344@s.whatsapp.net|Stockholm Stealers|46736673785-1614171884@g.us|HOLLYWOOD baby...|27.02.2021 13:23:52 UTC+01:00  |Incoming|"{""Path"": ""Goldfinger_Apple_iPhone_Generic/Attachments/File/0/Messages-Chat/Messages-Chat_372/94ac9019-bb15-4046-9e4d-77bd11c4d778.jpg"", ""id"": 147}"
WhatsApp|46708275344@s.whatsapp.net|46708275344@s.whatsapp.net|Stockholm Stealers|46736673785-1614171884@g.us|Pay day bitches...|27.02.2021 13:45:08 UTC+01:00  |Incoming|"{""Path"": ""Goldfinger_Apple_iPhone_Generic/Attachments/File/0/Messages-Chat/Messages-Chat_373/549cb228-72cb-47ac-a6f5-5de89e1f8544.jpg"", ""id"": 148}"
WhatsApp|Goose System|46736673785@s.whatsapp.net|Stockholm Stealers|46736673785-1614171884@g.us|😄|27.02.2021 13:51:18 UTC+01:00  |Incoming|
WhatsApp|Twilight Grey|46762725331@s.whatsapp.net|Stockholm Stealers|46736673785-1614171884@g.us|Ooh good shit👌|27.02.2021 17:16:05 UTC+01:00  |Incoming|
WhatsApp|46708275344@s.whatsapp.net|46708275344@s.whatsapp.net|Stockholm Stealers|46736673785-1614171884@g.us|😃|27.02.2021 17:16:29 UTC+01:00  |Incoming|
WhatsApp|46708275344@s.whatsapp.net|46708275344@s.whatsapp.net|Stockholm Stealers|46736673785-1614171884@g.us||27.02.2021 17:25:59 UTC+01:00  |Incoming|"{""Path"": ""Goldfinger_Apple_iPhone_Generic/Attachments/File/0/Messages-Chat/Messages-Chat_377/c70a2713-79f0-4e7f-b030-a7e101bfe21b.jpg"", ""id"": 152}"
WhatsApp|46708275344@s.whatsapp.net|46708275344@s.whatsapp.net|Stockholm Stealers|46736673785-1614171884@g.us|Blagged this one earlier.|27.02.2021 17:26:07 UTC+01:00  |Incoming|
WhatsApp|Twilight Grey|46762725331@s.whatsapp.net|Stockholm Stealers|46736673785-1614171884@g.us|Oh looked great👌|27.02.2021 17:31:23 UTC+01:00  |Incoming|
WhatsApp|Goldfinger|46702578150@s.whatsapp.net|Stockholm Stealers|46736673785-1614171884@g.us||27.02.2021 19:52:46 UTC+01:00  |Outgoing|"{""Path"": ""Goldfinger_Apple_iPhone_Generic/Attachments/File/0/Messages-Chat/Messages-Chat_380/4a3f6fcb-7221-4d4c-99b5-74f16794ee8d.mp4"", ""id"": 155}"
WhatsApp|Twilight Grey|46762725331@s.whatsapp.net|Stockholm Stealers|46736673785-1614171884@g.us||27.02.2021 19:53:16 UTC+01:00  |Incoming|"{""Path"": ""Goldfinger_Apple_iPhone_Generic/Attachments/File/0/Messages-Chat/Messages-Chat_381/cb513ecb-90e4-4fdb-b606-c451ff713f9a.mp4"", ""id"": 156}"
WhatsApp|Goldfinger|46702578150@s.whatsapp.net|Stockholm Stealers|46736673785-1614171884@g.us|Happy|27.02.2021 19:53:27 UTC+01:00  |Outgoing|
WhatsApp|Twilight Grey|46762725331@s.whatsapp.net|Stockholm Stealers|46736673785-1614171884@g.us|Oh yes|27.02.2021 19:53:39 UTC+01:00  |Incoming|
WhatsApp|Goldfinger|46702578150@s.whatsapp.net|Stockholm Stealers|46736673785-1614171884@g.us|I haven’t had any f-ing luck today........|27.02.2021 19:54:38 UTC+01:00  |Outgoing|
WhatsApp|Goldfinger|46702578150@s.whatsapp.net|Stockholm Stealers|46736673785-1614171884@g.us||27.02.2021 19:55:35 UTC+01:00  |Outgoing|"{""Path"": ""Goldfinger_Apple_iPhone_Generic/Attachments/File/0/Messages-Chat/Messages-Chat_385/cefd4c2e-7231-4caa-b3de-ef265dc96dcd.mp4"", ""id"": 160}"
WhatsApp|Twilight Grey|46762725331@s.whatsapp.net|Stockholm Stealers|46736673785-1614171884@g.us|Maybe soon|27.02.2021 19:59:43 UTC+01:00  |Incoming|
WhatsApp|46708275344@s.whatsapp.net|46708275344@s.whatsapp.net|Stockholm Stealers|46736673785-1614171884@g.us|Never mind. Let's keep looking.|27.02.2021 19:59:46 UTC+01:00  |Incoming|
WhatsApp|Goldfinger|46702578150@s.whatsapp.net|Stockholm Stealers|46736673785-1614171884@g.us|Sent on diff app|27.02.2021 20:00:12 UTC+01:00  |Outgoing|
WhatsApp|46708275344@s.whatsapp.net|46708275344@s.whatsapp.net|Stockholm Stealers|46736673785-1614171884@g.us|Roger that|27.02.2021 20:00:41 UTC+01:00  |Incoming|
WhatsApp|Goose System|46736673785@s.whatsapp.net|Stockholm Stealers|46736673785-1614171884@g.us|How much we get for this. Need a hand lifting it into the van....|28.02.2021 11:25:36 UTC+01:00  |Incoming|"{""Path"": ""Goldfinger_Apple_iPhone_Generic/Attachments/File/0/Messages-Chat/Messages-Chat_390/7924ab54-4350-4a8a-8389-b5ca45b4325f.jpg"", ""id"": 165}"
WhatsApp|Goldfinger|46702578150@s.whatsapp.net|Stockholm Stealers|46736673785-1614171884@g.us|I’ll be there shortly|28.02.2021 11:33:43 UTC+01:00  |Outgoing|
WhatsApp|Goldfinger|46702578150@s.whatsapp.net|Stockholm Stealers|46736673785-1614171884@g.us|https://www.guldbrev.se/salja-guld/salja-guldsmycken/?dv_adwords_campaign=9736389597&dv_adwords_network=g&dv_adwords_target=kwd-355739533321&gclid=EAIaIQobChMI9fKCq-KM7wIV2UiRBR0ajwgSEAAYASABEgIYJfD_BwE&gclsrc=aw.ds|28.02.2021 15:18:26 UTC+01:00  |Outgoing|
WhatsApp|Goldfinger|46702578150@s.whatsapp.net|Stockholm Stealers|46736673785-1614171884@g.us|Swedish place to sell...but they need a registered address 😒|28.02.2021 15:19:10 UTC+01:00  |Outgoing|
WhatsApp|46708275344@s.whatsapp.net|46708275344@s.whatsapp.net|Stockholm Stealers|46736673785-1614171884@g.us|👍|28.02.2021 17:00:11 UTC+01:00  |Incoming|
WhatsApp|Twilight Grey|46762725331@s.whatsapp.net|Stockholm Stealers|46736673785-1614171884@g.us|At a nice restaurant since I've got some money now👌|28.02.2021 18:05:25 UTC+01:00  |Incoming|"{""Path"": ""Goldfinger_Apple_iPhone_Generic/Attachments/File/0/Messages-Chat/Messages-Chat_395/3faa059e-1174-44d8-a28c-bed218281c49.jpg"", ""id"": 170}"
WhatsApp|46708275344@s.whatsapp.net|46708275344@s.whatsapp.net|Stockholm Stealers|46736673785-1614171884@g.us|Cool order me a pizza|28.02.2021 18:07:22 UTC+01:00  |Incoming|
WhatsApp|Twilight Grey|46762725331@s.whatsapp.net|Stockholm Stealers|46736673785-1614171884@g.us|You wish😝|28.02.2021 18:08:43 UTC+01:00  |Incoming|
WhatsApp|Twilight Grey|46762725331@s.whatsapp.net|Stockholm Stealers|46736673785-1614171884@g.us|Pizza a la Twilight sister|28.02.2021 18:49:27 UTC+01:00  |Incoming|"{""Path"": ""Goldfinger_Apple_iPhone_Generic/Attachments/File/0/Messages-Chat/Messages-Chat_398/c3d2111f-4bea-4dc5-90fd-d6b913265af1.jpg"", ""id"": 173}"
WhatsApp|Goose System|46736673785@s.whatsapp.net|Stockholm Stealers|46736673785-1614171884@g.us|Ah nice. You pay in Bitcoin for the 🍕 😎|28.02.2021 19:40:22 UTC+01:00  |Incoming|
WhatsApp|Goldfinger|46702578150@s.whatsapp.net|Stockholm Stealers|46736673785-1614171884@g.us|Looks so yummy|01.03.2021 09:25:06 UTC+01:00  |Outgoing|
WhatsApp|46708275344@s.whatsapp.net|46708275344@s.whatsapp.net|Stockholm Stealers|46736673785-1614171884@g.us|Burn baby burn 🔥|01.03.2021 18:40:57 UTC+01:00  |Incoming|"{""Path"": ""Goldfinger_Apple_iPhone_Generic/Attachments/File/0/Messages-Chat/Messages-Chat_401/d935f449-4ad0-4f2d-b447-105cdf7eb163.jpg"", ""id"": 176}"
WhatsApp|Twilight Grey|46762725331@s.whatsapp.net|Stockholm Stealers|46736673785-1614171884@g.us|Sadly I did not pay in bitcoin. I'm not as cool as you😉😎|01.03.2021 21:36:25 UTC+01:00  |Incoming|
WhatsApp|46708275344@s.whatsapp.net|46708275344@s.whatsapp.net|Stockholm Stealers|46736673785-1614171884@g.us|😅 u cool. Just need more time|02.03.2021 08:33:17 UTC+01:00  |Incoming|
WhatsApp|Twilight Grey|46762725331@s.whatsapp.net|Stockholm Stealers|46736673785-1614171884@g.us||02.03.2021 12:58:31 UTC+01:00  |Incoming|"{""Path"": ""Goldfinger_Apple_iPhone_Generic/Attachments/File/0/Messages-Chat/Messages-Chat_404/0dd9b03c-5633-4401-b2c3-5b0cfa2f37f2.jpg"", ""id"": 179}"
WhatsApp|Twilight Grey|46762725331@s.whatsapp.net|Stockholm Stealers|46736673785-1614171884@g.us|Some nice sun for my coolness😎|02.03.2021 12:58:45 UTC+01:00  |Incoming|
WhatsApp|Goldfinger|46702578150@s.whatsapp.net|Stockholm Stealers|46736673785-1614171884@g.us|Are you here too?|02.03.2021 13:16:18 UTC+01:00  |Outgoing|"{""Path"": ""Goldfinger_Apple_iPhone_Generic/Attachments/File/0/Messages-Chat/Messages-Chat_406/be9b21ad-f291-48a1-903b-133d61b38646.jpg"", ""id"": 181}"
WhatsApp|46708275344@s.whatsapp.net|46708275344@s.whatsapp.net|Stockholm Stealers|46736673785-1614171884@g.us|Better be careful around here...|02.03.2021 19:02:38 UTC+01:00  |Incoming|"{""Path"": ""Goldfinger_Apple_iPhone_Generic/Attachments/File/0/Messages-Chat/Messages-Chat_407/bfa45b0c-1f27-4583-8046-db3ab2f9880d.jpg"", ""id"": 182}"
WhatsApp|Twilight Grey|46762725331@s.whatsapp.net|Stockholm Stealers|46736673785-1614171884@g.us|Yeah we must have just missed each other😅|03.03.2021 06:25:26 UTC+01:00  |Incoming|
WhatsApp|46708275344@s.whatsapp.net|46708275344@s.whatsapp.net|Stockholm Stealers|46736673785-1614171884@g.us||03.03.2021 08:40:50 UTC+01:00  |Incoming|"{""Path"": ""Goldfinger_Apple_iPhone_Generic/Attachments/File/0/Messages-Chat/Messages-Chat_409/5bdb6be7-1e57-426b-8644-5a8b45e198d5.jpg"", ""id"": 184}"
WhatsApp|46708275344@s.whatsapp.net|46708275344@s.whatsapp.net|Stockholm Stealers|46736673785-1614171884@g.us|Ur man able to move this jewellery?|03.03.2021 08:41:01 UTC+01:00  |Incoming|
WhatsApp|Goldfinger|46702578150@s.whatsapp.net|Stockholm Stealers|46736673785-1614171884@g.us|Oh nooo|03.03.2021 08:42:03 UTC+01:00  |Outgoing|
WhatsApp|Goldfinger|46702578150@s.whatsapp.net|Stockholm Stealers|46736673785-1614171884@g.us|Asking me?|03.03.2021 08:42:33 UTC+01:00  |Outgoing|
WhatsApp|Goldfinger|46702578150@s.whatsapp.net|Stockholm Stealers|46736673785-1614171884@g.us|I’ll check with Bob|03.03.2021 08:42:46 UTC+01:00  |Outgoing|
WhatsApp|46708275344@s.whatsapp.net|46708275344@s.whatsapp.net|Stockholm Stealers|46736673785-1614171884@g.us||03.03.2021 08:42:59 UTC+01:00  |Incoming|"{""Path"": ""Goldfinger_Apple_iPhone_Generic/Attachments/File/0/Messages-Chat/Messages-Chat_414/1d6fb40e-2d13-4321-8075-fc11bcb256af.jpg"", ""id"": 189}"
WhatsApp|46708275344@s.whatsapp.net|46708275344@s.whatsapp.net|Stockholm Stealers|46736673785-1614171884@g.us|Got this one too need 1000kr for it...|03.03.2021 08:43:11 UTC+01:00  |Incoming|
WhatsApp|Goldfinger|46702578150@s.whatsapp.net|Stockholm Stealers|46736673785-1614171884@g.us|Feels a bit much he says|03.03.2021 08:43:52 UTC+01:00  |Outgoing|
WhatsApp|Goldfinger|46702578150@s.whatsapp.net|Stockholm Stealers|46736673785-1614171884@g.us|500:-|03.03.2021 08:43:58 UTC+01:00  |Outgoing|
WhatsApp|Goldfinger|46702578150@s.whatsapp.net|Stockholm Stealers|46736673785-1614171884@g.us|SEK|03.03.2021 08:44:10 UTC+01:00  |Outgoing|
WhatsApp|Goldfinger|46702578150@s.whatsapp.net|Stockholm Stealers|46736673785-1614171884@g.us|Take it or leave it?|03.03.2021 08:45:46 UTC+01:00  |Outgoing|
WhatsApp|Goldfinger|46702578150@s.whatsapp.net|Stockholm Stealers|46736673785-1614171884@g.us|Now this one I want guys https://images.app.goo.gl/DAeMMFRGrKbpk96L8|03.03.2021 08:51:10 UTC+01:00  |Outgoing|
WhatsApp|Goldfinger|46702578150@s.whatsapp.net|Stockholm Stealers|46736673785-1614171884@g.us|https://www.svtstatic.se/image/large/650/26327810/1586248536?format=auto&chromaSubSampling=false|03.03.2021 08:51:32 UTC+01:00  |Outgoing|
WhatsApp|46708275344@s.whatsapp.net|46708275344@s.whatsapp.net|Stockholm Stealers|46736673785-1614171884@g.us|OK take it|03.03.2021 09:49:59 UTC+01:00  |Incoming|
WhatsApp|Goldfinger|46702578150@s.whatsapp.net|Stockholm Stealers|46736673785-1614171884@g.us|Done|03.03.2021 13:05:25 UTC+01:00  |Outgoing|
WhatsApp|Goldfinger|46702578150@s.whatsapp.net|Stockholm Stealers|46736673785-1614171884@g.us|I think the cops are on to me|03.03.2021 13:05:48 UTC+01:00  |Outgoing|
WhatsApp|46708275344@s.whatsapp.net|46708275344@s.whatsapp.net|Stockholm Stealers|46736673785-1614171884@g.us|Oh no. Lay low dude. We need you on the team... don't get caught|03.03.2021 13:39:02 UTC+01:00  |Incoming|
WhatsApp|Goose System|46736673785@s.whatsapp.net|Stockholm Stealers|46736673785-1614171884@g.us|Heading out looking for places with potential. Need a big score tonight. Wish me luck 🤞|03.03.2021 17:45:53 UTC+01:00  |Incoming|"{""Path"": ""Goldfinger_Apple_iPhone_Generic/Attachments/File/0/Messages-Chat/Messages-Chat_426/c7d031ed-3010-40c2-a7c2-82f994800358.jpg"", ""id"": 201}"
WhatsApp|Goose System|46736673785@s.whatsapp.net|Stockholm Stealers|46736673785-1614171884@g.us||03.03.2021 17:46:59 UTC+01:00  |Incoming|"{""Path"": ""Goldfinger_Apple_iPhone_Generic/Attachments/File/0/Messages-Chat/Messages-Chat_427/57295ab5-2379-4613-b9dd-e12ba743a199.jpg"", ""id"": 202}"
WhatsApp|Goose System|46736673785@s.whatsapp.net|Stockholm Stealers|46736673785-1614171884@g.us|Not sure I can fit through here 😄|03.03.2021 17:47:18 UTC+01:00  |Incoming|
WhatsApp|Goose System|46736673785@s.whatsapp.net|Stockholm Stealers|46736673785-1614171884@g.us|Could take the bus?|03.03.2021 18:16:01 UTC+01:00  |Incoming|
WhatsApp|Goose System|46736673785@s.whatsapp.net|Stockholm Stealers|46736673785-1614171884@g.us||03.03.2021 18:16:09 UTC+01:00  |Incoming|"{""Path"": ""Goldfinger_Apple_iPhone_Generic/Attachments/File/0/Messages-Chat/Messages-Chat_430/b5880243-fcca-4166-88d8-f34e2c75f789.jpg"", ""id"": 205}"
WhatsApp|Goose System|46736673785@s.whatsapp.net|Stockholm Stealers|46736673785-1614171884@g.us|This place has a grand piano. Checked it out looks prime for some easy money|03.03.2021 18:23:28 UTC+01:00  |Incoming|"{""Path"": ""Goldfinger_Apple_iPhone_Generic/Attachments/File/0/Messages-Chat/Messages-Chat_431/32498dd2-4929-484b-b87c-074166aebf92.jpg"", ""id"": 206}"
WhatsApp|46708275344@s.whatsapp.net|46708275344@s.whatsapp.net|Stockholm Stealers|46736673785-1614171884@g.us||03.03.2021 18:44:27 UTC+01:00  |Incoming|
WhatsApp|46708275344@s.whatsapp.net|46708275344@s.whatsapp.net|Stockholm Stealers|46736673785-1614171884@g.us|Shadow man lurking in the dark, looking for easy money 💰|03.03.2021 18:44:27 UTC+01:00  |Incoming|"{""Path"": ""Goldfinger_Apple_iPhone_Generic/Attachments/File/0/Messages-Chat/Messages-Chat_433/70014c96-71f1-4ef9-b9bf-7a52db6eea3b.jpg"", ""id"": 208}"
WhatsApp|46708275344@s.whatsapp.net|46708275344@s.whatsapp.net|Stockholm Stealers|46736673785-1614171884@g.us|Sweet let's hit that one then!|03.03.2021 19:49:15 UTC+01:00  |Incoming|
WhatsApp|Goose System|46736673785@s.whatsapp.net|Stockholm Stealers|46736673785-1614171884@g.us|🤖🤩😄👍|03.03.2021 19:53:49 UTC+01:00  |Incoming|
WhatsApp|Goldfinger|46702578150@s.whatsapp.net|Stockholm Stealers|46736673785-1614171884@g.us|Go shadow Hunter go 😎|03.03.2021 20:21:09 UTC+01:00  |Outgoing|
WhatsApp|Goose System|46736673785@s.whatsapp.net|Stockholm Stealers|46736673785-1614171884@g.us|Shadow|03.03.2021 20:22:39 UTC+01:00  |Incoming|"{""Path"": ""Goldfinger_Apple_iPhone_Generic/Attachments/File/0/Messages-Chat/Messages-Chat_437/96c91514-7a8a-4094-8af2-8df9a8eb0143.mp4"", ""id"": 212}"
WhatsApp|Twilight Grey|46762725331@s.whatsapp.net|Stockholm Stealers|46736673785-1614171884@g.us|Oh he's a shadowhunter now👌|03.03.2021 20:37:02 UTC+01:00  |Incoming|
WhatsApp|Goose System|46736673785@s.whatsapp.net|Stockholm Stealers|46736673785-1614171884@g.us|Oh yee super cool dude|04.03.2021 08:25:25 UTC+01:00  |Incoming|"{""Path"": ""Goldfinger_Apple_iPhone_Generic/Attachments/File/0/Messages-Chat/Messages-Chat_439/c5ff6092-0b1f-41e7-aece-2f3dbce5526b.mp4"", ""id"": 214}"
WhatsApp|Twilight Grey|46762725331@s.whatsapp.net|Stockholm Stealers|46736673785-1614171884@g.us|Yes you are😎|04.03.2021 08:30:02 UTC+01:00  |Incoming|
WhatsApp|Goldfinger|46702578150@s.whatsapp.net|Stockholm Stealers|46736673785-1614171884@g.us|Check this slim guy out|04.03.2021 08:30:54 UTC+01:00  |Outgoing|"{""Path"": ""Goldfinger_Apple_iPhone_Generic/Attachments/File/0/Messages-Chat/Messages-Chat_441/b5e2baa7-269e-425a-824b-b21bb434e831.mp4"", ""id"": 216}"
WhatsApp|Twilight Grey|46762725331@s.whatsapp.net|Stockholm Stealers|46736673785-1614171884@g.us|That's the perfect dance for when I can go out and party again after corona|04.03.2021 08:31:50 UTC+01:00  |Incoming|
WhatsApp|Goose System|46736673785@s.whatsapp.net|Stockholm Stealers|46736673785-1614171884@g.us|Oh yes. Those are the moves.|04.03.2021 08:32:18 UTC+01:00  |Incoming|
WhatsApp|Goldfinger|46702578150@s.whatsapp.net|Stockholm Stealers|46736673785-1614171884@g.us|Perfect 👌|04.03.2021 08:34:54 UTC+01:00  |Outgoing|
WhatsApp|Goldfinger|46702578150@s.whatsapp.net|Stockholm Stealers|46736673785-1614171884@g.us|System player|04.03.2021 12:50:30 UTC+01:00  |Outgoing|"{""Path"": ""Goldfinger_Apple_iPhone_Generic/Attachments/File/0/Messages-Chat/Messages-Chat_445/571a415f-0f32-4b8e-a412-0e24db2ceeba.jpg"", ""id"": 220}"
WhatsApp|Goldfinger|46702578150@s.whatsapp.net|Stockholm Stealers|46736673785-1614171884@g.us|😂|04.03.2021 12:50:40 UTC+01:00  |Outgoing|
WhatsApp|Goldfinger|46702578150@s.whatsapp.net|Stockholm Stealers|46736673785-1614171884@g.us|Systembolaget (was what I wanted|04.03.2021 12:50:59 UTC+01:00  |Outgoing|
WhatsApp|Twilight Grey|46762725331@s.whatsapp.net|Stockholm Stealers|46736673785-1614171884@g.us|Oh yeeees|04.03.2021 14:03:19 UTC+01:00  |Incoming|
WhatsApp|Twilight Grey|46762725331@s.whatsapp.net|Stockholm Stealers|46736673785-1614171884@g.us||04.03.2021 14:04:37 UTC+01:00  |Incoming|"{""Path"": ""Goldfinger_Apple_iPhone_Generic/Attachments/File/0/Messages-Chat/Messages-Chat_449/5992a49a-556b-4662-89b4-f093f1b0ebf1.jpg"", ""id"": 224}"
WhatsApp|Goose System|46736673785@s.whatsapp.net|Stockholm Stealers|46736673785-1614171884@g.us|Cool good intel thanks|04.03.2021 17:14:10 UTC+01:00  |Incoming|
WhatsApp|Goose System|46736673785@s.whatsapp.net|Stockholm Stealers|46736673785-1614171884@g.us|Tonight's getaway vehicle bro|04.03.2021 17:15:02 UTC+01:00  |Incoming|"{""Path"": ""Goldfinger_Apple_iPhone_Generic/Attachments/File/0/Messages-Chat/Messages-Chat_451/10c8da02-749c-4c78-ad62-47001331111b.jpg"", ""id"": 226}"
WhatsApp|Goose System|46736673785@s.whatsapp.net|Stockholm Stealers|46736673785-1614171884@g.us|The package has arrived. We will be able to brush off any issues now and get a clean getaway.  It's all word of mouth 👄 and oral b communication|04.03.2021 17:47:53 UTC+01:00  |Incoming|"{""Path"": ""Goldfinger_Apple_iPhone_Generic/Attachments/File/0/Messages-Chat/Messages-Chat_452/ce462701-4279-4379-ac3b-a2c24612c16a.jpg"", ""id"": 227}"
WhatsApp|46708275344@s.whatsapp.net|46708275344@s.whatsapp.net|Stockholm Stealers|46736673785-1614171884@g.us|This place looks loaded 💰|04.03.2021 18:27:51 UTC+01:00  |Incoming|"{""Path"": ""Goldfinger_Apple_iPhone_Generic/Attachments/File/0/Messages-Chat/Messages-Chat_453/45932688-67b3-435f-b90b-03211faa64d7.jpg"", ""id"": 228}"
WhatsApp|46708275344@s.whatsapp.net|46708275344@s.whatsapp.net|Stockholm Stealers|46736673785-1614171884@g.us|We scored big tonight crew|04.03.2021 18:32:42 UTC+01:00  |Incoming|"{""Path"": ""Goldfinger_Apple_iPhone_Generic/Attachments/File/0/Messages-Chat/Messages-Chat_454/7fc9a352-9836-43e7-8274-c2042efba988.jpg"", ""id"": 229}"
WhatsApp|Twilight Grey|46762725331@s.whatsapp.net|Stockholm Stealers|46736673785-1614171884@g.us|Wow that's awesome|05.03.2021 09:52:10 UTC+01:00  |Incoming|
WhatsApp|46708275344@s.whatsapp.net|46708275344@s.whatsapp.net|Stockholm Stealers|46736673785-1614171884@g.us|💰👍|05.03.2021 11:09:58 UTC+01:00  |Incoming|
WhatsApp|Goose System|46736673785@s.whatsapp.net|Stockholm Stealers|46736673785-1614171884@g.us|Moneyyyy|05.03.2021 11:18:42 UTC+01:00  |Incoming|"{""Path"": ""Goldfinger_Apple_iPhone_Generic/Attachments/File/0/Messages-Chat/Messages-Chat_457/819137f1-9621-4a7f-b644-c98bca20d2fb.mp4"", ""id"": 232}"
WhatsApp|Twilight Grey|46762725331@s.whatsapp.net|Stockholm Stealers|46736673785-1614171884@g.us||05.03.2021 18:14:18 UTC+01:00  |Incoming|"{""Path"": ""Goldfinger_Apple_iPhone_Generic/Attachments/File/0/Messages-Chat/Messages-Chat_458/d0e70a15-f168-43c1-ad63-9c0f6537f326.mp4"", ""id"": 233}"
WhatsApp|Goldfinger|46702578150@s.whatsapp.net|Stockholm Stealers|46736673785-1614171884@g.us|Counting billions as we speak|05.03.2021 18:25:10 UTC+01:00  |Outgoing|
WhatsApp|Goose System|46736673785@s.whatsapp.net|Stockholm Stealers|46736673785-1614171884@g.us|This one is all alone in the woods and not overlooked. Easy target 🎯|05.03.2021 18:36:46 UTC+01:00  |Incoming|"{""Path"": ""Goldfinger_Apple_iPhone_Generic/Attachments/File/0/Messages-Chat/Messages-Chat_460/b369deeb-22e8-4681-9715-48c7edeab55a.jpg"", ""id"": 235}"
WhatsApp|Goldfinger|46702578150@s.whatsapp.net|Stockholm Stealers|46736673785-1614171884@g.us|Sweet|05.03.2021 18:58:13 UTC+01:00  |Outgoing|
WhatsApp|46708275344@s.whatsapp.net|46708275344@s.whatsapp.net|Stockholm Stealers|46736673785-1614171884@g.us|This one is hot 🔥|05.03.2021 19:29:19 UTC+01:00  |Incoming|
WhatsApp|46708275344@s.whatsapp.net|46708275344@s.whatsapp.net|Stockholm Stealers|46736673785-1614171884@g.us||05.03.2021 19:29:20 UTC+01:00  |Incoming|
WhatsApp|46708275344@s.whatsapp.net|46708275344@s.whatsapp.net|Stockholm Stealers|46736673785-1614171884@g.us||05.03.2021 19:29:20 UTC+01:00  |Incoming|"{""Path"": ""Goldfinger_Apple_iPhone_Generic/Attachments/File/0/Messages-Chat/Messages-Chat_464/ce569493-7f68-4167-ae0a-13ec3e848c92.opus"", ""id"": 239}"
WhatsApp|Twilight Grey|46762725331@s.whatsapp.net|Stockholm Stealers|46736673785-1614171884@g.us|Nice|05.03.2021 20:18:57 UTC+01:00  |Incoming|
WhatsApp|Goldfinger|46702578150@s.whatsapp.net|Stockholm Stealers|46736673785-1614171884@g.us|Can hear you load and clear - over|05.03.2021 20:22:48 UTC+01:00  |Outgoing|
WhatsApp|Twilight Grey|46762725331@s.whatsapp.net|Stockholm Stealers|46736673785-1614171884@g.us||06.03.2021 16:14:15 UTC+01:00  |Incoming|"{""Path"": ""Goldfinger_Apple_iPhone_Generic/Attachments/File/0/Messages-Chat/Messages-Chat_467/75289ee8-ab86-42ca-b723-35878e2a83b2.jpg"", ""id"": 242}"
WhatsApp|Twilight Grey|46762725331@s.whatsapp.net|Stockholm Stealers|46736673785-1614171884@g.us|Horses🐎|06.03.2021 16:15:00 UTC+01:00  |Incoming|
WhatsApp|Goldfinger|46702578150@s.whatsapp.net|Stockholm Stealers|46736673785-1614171884@g.us|Neiiiiiigh|06.03.2021 16:34:47 UTC+01:00  |Outgoing|
WhatsApp|Goldfinger|46702578150@s.whatsapp.net|Stockholm Stealers|46736673785-1614171884@g.us|I think this might have potential|06.03.2021 17:41:48 UTC+01:00  |Outgoing|"{""Path"": ""Goldfinger_Apple_iPhone_Generic/Attachments/File/0/Messages-Chat/Messages-Chat_470/a62080c2-c107-4c69-b0ca-48be908fb1c1.jpg"", ""id"": 245}"
WhatsApp|Goose System|46736673785@s.whatsapp.net|Stockholm Stealers|46736673785-1614171884@g.us|Nice ok let's do them tonight. Lots of rich people in Spanga|06.03.2021 17:45:52 UTC+01:00  |Incoming|
WhatsApp|Goldfinger|46702578150@s.whatsapp.net|Stockholm Stealers|46736673785-1614171884@g.us|😎💰👍|06.03.2021 17:46:19 UTC+01:00  |Outgoing|
WhatsApp|46708275344@s.whatsapp.net|46708275344@s.whatsapp.net|Stockholm Stealers|46736673785-1614171884@g.us||06.03.2021 17:53:34 UTC+01:00  |Incoming|"{""Path"": ""Goldfinger_Apple_iPhone_Generic/Attachments/File/0/Messages-Chat/Messages-Chat_473/eb0f7ef2-4286-4eb0-a617-cd697fb6da4f.jpg"", ""id"": 248}"
WhatsApp|46708275344@s.whatsapp.net|46708275344@s.whatsapp.net|Stockholm Stealers|46736673785-1614171884@g.us||06.03.2021 17:53:44 UTC+01:00  |Incoming|"{""Path"": ""Goldfinger_Apple_iPhone_Generic/Attachments/File/0/Messages-Chat/Messages-Chat_474/9ab04597-7798-4f9d-8d24-5113f6576e9d.jpg"", ""id"": 249}"
WhatsApp|46708275344@s.whatsapp.net|46708275344@s.whatsapp.net|Stockholm Stealers|46736673785-1614171884@g.us||06.03.2021 17:53:54 UTC+01:00  |Incoming|"{""Path"": ""Goldfinger_Apple_iPhone_Generic/Attachments/File/0/Messages-Chat/Messages-Chat_475/71a5c4e1-e4cb-4470-ac40-fe6b78cf37e7.jpg"", ""id"": 250}"
WhatsApp|46708275344@s.whatsapp.net|46708275344@s.whatsapp.net|Stockholm Stealers|46736673785-1614171884@g.us|Big score tonight team!!!!|06.03.2021 17:54:05 UTC+01:00  |Incoming|
WhatsApp|46708275344@s.whatsapp.net|46708275344@s.whatsapp.net|Stockholm Stealers|46736673785-1614171884@g.us|Check it out. That house was loaded. Easy access via the garage 👌|06.03.2021 17:54:25 UTC+01:00  |Incoming|
WhatsApp|Goldfinger|46702578150@s.whatsapp.net|Stockholm Stealers|46736673785-1614171884@g.us|Good I’m with my mate and he is good to move the stuff|06.03.2021 17:55:01 UTC+01:00  |Outgoing|
WhatsApp|46708275344@s.whatsapp.net|46708275344@s.whatsapp.net|Stockholm Stealers|46736673785-1614171884@g.us|Awesome! Call.me when ready|06.03.2021 17:55:40 UTC+01:00  |Incoming|
WhatsApp|Twilight Grey|46762725331@s.whatsapp.net|Stockholm Stealers|46736673785-1614171884@g.us|Great job you guys|06.03.2021 22:12:50 UTC+01:00  |Incoming|
WhatsApp|Goose System|46736673785@s.whatsapp.net|Stockholm Stealers|46736673785-1614171884@g.us||07.03.2021 08:27:02 UTC+01:00  |Incoming|"{""Path"": ""Goldfinger_Apple_iPhone_Generic/Attachments/File/0/Messages-Chat/Messages-Chat_481/60ef66a4-c02f-4fc5-ac37-2963e0696b86.jpg"", ""id"": 256}"
WhatsApp|Goose System|46736673785@s.whatsapp.net|Stockholm Stealers|46736673785-1614171884@g.us|What do u think this one is worth?|07.03.2021 08:27:19 UTC+01:00  |Incoming|
WhatsApp|46708275344@s.whatsapp.net|46708275344@s.whatsapp.net|Stockholm Stealers|46736673785-1614171884@g.us|Got to be at least 5000kr if they are real diamonds 💎|07.03.2021 10:16:22 UTC+01:00  |Incoming|
WhatsApp|Goose System|46736673785@s.whatsapp.net|Stockholm Stealers|46736673785-1614171884@g.us||07.03.2021 10:18:14 UTC+01:00  |Incoming|"{""Path"": ""Goldfinger_Apple_iPhone_Generic/Attachments/File/0/Messages-Chat/Messages-Chat_484/6090a037-72d3-4317-86b0-9f6b28413228.mp4"", ""id"": 259}"
WhatsApp|Goldfinger|46702578150@s.whatsapp.net|Stockholm Stealers|46736673785-1614171884@g.us|Going ahead with the deal|07.03.2021 10:33:42 UTC+01:00  |Outgoing|
WhatsApp|Goose System|46736673785@s.whatsapp.net|Stockholm Stealers|46736673785-1614171884@g.us|Great exit route here|07.03.2021 10:55:39 UTC+01:00  |Incoming|"{""Path"": ""Goldfinger_Apple_iPhone_Generic/Attachments/File/0/Messages-Chat/Messages-Chat_486/88273449-6964-40d9-9d51-ab882369c211.jpg"", ""id"": 261}"
WhatsApp|Goose System|46736673785@s.whatsapp.net|Stockholm Stealers|46736673785-1614171884@g.us||07.03.2021 10:55:54 UTC+01:00  |Incoming|
WhatsApp|46708275344@s.whatsapp.net|46708275344@s.whatsapp.net|Stockholm Stealers|46736673785-1614171884@g.us||07.03.2021 11:18:03 UTC+01:00  |Incoming|
WhatsApp|46708275344@s.whatsapp.net|46708275344@s.whatsapp.net|Stockholm Stealers|46736673785-1614171884@g.us||07.03.2021 15:54:53 UTC+01:00  |Incoming|
WhatsApp|46708275344@s.whatsapp.net|46708275344@s.whatsapp.net|Stockholm Stealers|46736673785-1614171884@g.us|We got lucky on that last job|07.03.2021 15:55:12 UTC+01:00  |Incoming|"{""Path"": ""Goldfinger_Apple_iPhone_Generic/Attachments/File/0/Messages-Chat/Messages-Chat_490/e2e5ea74-b611-4d50-8ebd-cd314379f951.jpg"", ""id"": 265}"
WhatsApp|46708275344@s.whatsapp.net|46708275344@s.whatsapp.net|Stockholm Stealers|46736673785-1614171884@g.us|Anyone want to play in the big league. Can you guys move this stuff if we come across some?|07.03.2021 18:15:54 UTC+01:00  |Incoming|
WhatsApp|46708275344@s.whatsapp.net|46708275344@s.whatsapp.net|Stockholm Stealers|46736673785-1614171884@g.us||07.03.2021 18:16:03 UTC+01:00  |Incoming|"{""Path"": ""Goldfinger_Apple_iPhone_Generic/Attachments/File/0/Messages-Chat/Messages-Chat_492/2c659157-8425-40bc-a29c-8e141dd66f3d.jpg"", ""id"": 267}"
WhatsApp|Goldfinger|46702578150@s.whatsapp.net|Stockholm Stealers|46736673785-1614171884@g.us|Mmm possible|07.03.2021 18:18:06 UTC+01:00  |Outgoing|
WhatsApp|46708275344@s.whatsapp.net|46708275344@s.whatsapp.net|Stockholm Stealers|46736673785-1614171884@g.us|Seen in Sweden 🇸🇪|08.03.2021 15:54:00 UTC+01:00  |Incoming|"{""Path"": ""Goldfinger_Apple_iPhone_Generic/Attachments/File/0/Messages-Chat/Messages-Chat_494/f29d5b97-6d86-48f9-9912-5b5a9c94f7b8.jpg"", ""id"": 269}"
WhatsApp|Goose System|46736673785@s.whatsapp.net|Stockholm Stealers|46736673785-1614171884@g.us||08.03.2021 18:29:56 UTC+01:00  |Incoming|
WhatsApp|Goose System|46736673785@s.whatsapp.net|Stockholm Stealers|46736673785-1614171884@g.us|Heading out again on business 😎|08.03.2021 18:30:30 UTC+01:00  |Incoming|
WhatsApp|Goldfinger|46702578150@s.whatsapp.net|Stockholm Stealers|46736673785-1614171884@g.us|Boom 💥|08.03.2021 19:08:12 UTC+01:00  |Outgoing|
WhatsApp|46708275344@s.whatsapp.net|46708275344@s.whatsapp.net|Stockholm Stealers|46736673785-1614171884@g.us|Good security at this place 👏|08.03.2021 19:33:17 UTC+01:00  |Incoming|"{""Path"": ""Goldfinger_Apple_iPhone_Generic/Attachments/File/0/Messages-Chat/Messages-Chat_499/b07b7d27-1684-479c-9f7b-7859d18939f4.jpg"", ""id"": 274}"
WhatsApp|46708275344@s.whatsapp.net|46708275344@s.whatsapp.net|Stockholm Stealers|46736673785-1614171884@g.us|Far out man|08.03.2021 19:33:17 UTC+01:00  |Incoming|"{""Path"": ""Goldfinger_Apple_iPhone_Generic/Attachments/File/0/Messages-Chat/Messages-Chat_498/9b150298-5069-4541-a7e8-688c7013a3e3.jpg"", ""id"": 273}"
WhatsApp|46708275344@s.whatsapp.net|46708275344@s.whatsapp.net|Stockholm Stealers|46736673785-1614171884@g.us||08.03.2021 19:40:00 UTC+01:00  |Incoming|"{""Path"": ""Goldfinger_Apple_iPhone_Generic/Attachments/File/0/Messages-Chat/Messages-Chat_500/0ce6121d-c6bb-484d-8ae5-e6afe1598490.jpg"", ""id"": 275}"
WhatsApp|46708275344@s.whatsapp.net|46708275344@s.whatsapp.net|Stockholm Stealers|46736673785-1614171884@g.us|What do you think?|08.03.2021 19:40:08 UTC+01:00  |Incoming|
WhatsApp|Goose System|46736673785@s.whatsapp.net|Stockholm Stealers|46736673785-1614171884@g.us||08.03.2021 19:45:00 UTC+01:00  |Incoming|"{""Path"": ""Goldfinger_Apple_iPhone_Generic/Attachments/File/0/Messages-Chat/Messages-Chat_502/ecb9179b-7108-417e-92f6-e3925bba7d69.jpg"", ""id"": 277}"
WhatsApp|Goose System|46736673785@s.whatsapp.net|Stockholm Stealers|46736673785-1614171884@g.us|Not bad but mine was better!|08.03.2021 19:45:13 UTC+01:00  |Incoming|
WhatsApp|Goose System|46736673785@s.whatsapp.net|Stockholm Stealers|46736673785-1614171884@g.us||08.03.2021 19:45:29 UTC+01:00  |Incoming|"{""Path"": ""Goldfinger_Apple_iPhone_Generic/Attachments/File/0/Messages-Chat/Messages-Chat_504/baabb1cf-c838-4b66-bb72-e88a2e3a4024.jpg"", ""id"": 279}"
WhatsApp|Goose System|46736673785@s.whatsapp.net|Stockholm Stealers|46736673785-1614171884@g.us||08.03.2021 19:45:30 UTC+01:00  |Incoming|"{""Path"": ""Goldfinger_Apple_iPhone_Generic/Attachments/File/0/Messages-Chat/Messages-Chat_505/a0cf89e8-2ba5-4966-bcf4-cf572966ed81.jpg"", ""id"": 280}"
WhatsApp|Goose System|46736673785@s.whatsapp.net|Stockholm Stealers|46736673785-1614171884@g.us||08.03.2021 19:45:30 UTC+01:00  |Incoming|"{""Path"": ""Goldfinger_Apple_iPhone_Generic/Attachments/File/0/Messages-Chat/Messages-Chat_506/d22ee69f-19f6-4ffc-af6f-b47ff420e0fd.jpg"", ""id"": 281}"
WhatsApp|Twilight Grey|46762725331@s.whatsapp.net|Stockholm Stealers|46736673785-1614171884@g.us|Give me the rings😍😍|08.03.2021 20:13:29 UTC+01:00  |Incoming|
WhatsApp|Goldfinger|46702578150@s.whatsapp.net|Stockholm Stealers|46736673785-1614171884@g.us|No Twilight I need them 😎|08.03.2021 20:15:28 UTC+01:00  |Outgoing|
WhatsApp|46708275344@s.whatsapp.net|46708275344@s.whatsapp.net|Stockholm Stealers|46736673785-1614171884@g.us|Hahaha u pay, I give....|08.03.2021 20:15:31 UTC+01:00  |Incoming|
WhatsApp|Twilight Grey|46762725331@s.whatsapp.net|Stockholm Stealers|46736673785-1614171884@g.us|Haha okej, guess I'll have to wait till I got the money|08.03.2021 20:20:28 UTC+01:00  |Incoming|
WhatsApp|Goldfinger|46702578150@s.whatsapp.net|Stockholm Stealers|46736673785-1614171884@g.us|I’m working on it|08.03.2021 20:24:20 UTC+01:00  |Outgoing|
WhatsApp|46708275344@s.whatsapp.net|46708275344@s.whatsapp.net|Stockholm Stealers|46736673785-1614171884@g.us|💰👍|08.03.2021 21:55:38 UTC+01:00  |Incoming|
WhatsApp|Twilight Grey|46762725331@s.whatsapp.net|Stockholm Stealers|46736673785-1614171884@g.us|This house is quite isolated and surrounded by trees, so maybe it's a good house to brake in to. It even has a door on the back. Should I give it a try?|09.03.2021 11:00:41 UTC+01:00  |Incoming|"{""Path"": ""Goldfinger_Apple_iPhone_Generic/Attachments/File/0/Messages-Chat/Messages-Chat_513/c6a08fe6-1f56-4e5d-90b3-d613d041db09.jpg"", ""id"": 288}"
WhatsApp|46708275344@s.whatsapp.net|46708275344@s.whatsapp.net|Stockholm Stealers|46736673785-1614171884@g.us|Awesome. Looks like a perfect target. Thanks Twilight you rock 🪨🎸|09.03.2021 15:06:19 UTC+01:00  |Incoming|
WhatsApp|Goldfinger|46702578150@s.whatsapp.net|Stockholm Stealers|46736673785-1614171884@g.us|Good thinking|09.03.2021 18:32:02 UTC+01:00  |Outgoing|
WhatsApp|Goose System|46736673785@s.whatsapp.net|Stockholm Stealers|46736673785-1614171884@g.us|Oh bugger it's snowing tonight. People can see our footsteps...|09.03.2021 18:36:10 UTC+01:00  |Incoming|
WhatsApp|Goose System|46736673785@s.whatsapp.net|Stockholm Stealers|46736673785-1614171884@g.us||09.03.2021 18:36:24 UTC+01:00  |Incoming|"{""Path"": ""Goldfinger_Apple_iPhone_Generic/Attachments/File/0/Messages-Chat/Messages-Chat_517/2441ae1f-1747-464c-ac7e-b33429476e42.jpg"", ""id"": 292}"
WhatsApp|Goose System|46736673785@s.whatsapp.net|Stockholm Stealers|46736673785-1614171884@g.us|Schools out....|09.03.2021 18:54:31 UTC+01:00  |Incoming|"{""Path"": ""Goldfinger_Apple_iPhone_Generic/Attachments/File/0/Messages-Chat/Messages-Chat_518/91db0659-7b8c-42ed-8c0c-2d412084f99a.jpg"", ""id"": 293}"
WhatsApp|Goose System|46736673785@s.whatsapp.net|Stockholm Stealers|46736673785-1614171884@g.us|This place has easy access from.the woods behind it. Should be good cover for a job.|09.03.2021 19:13:57 UTC+01:00  |Incoming|
WhatsApp|Goose System|46736673785@s.whatsapp.net|Stockholm Stealers|46736673785-1614171884@g.us||09.03.2021 19:14:14 UTC+01:00  |Incoming|"{""Path"": ""Goldfinger_Apple_iPhone_Generic/Attachments/File/0/Messages-Chat/Messages-Chat_520/59aa4645-5444-4b2c-a0b0-a94f896db907.jpg"", ""id"": 295}"
WhatsApp|Goose System|46736673785@s.whatsapp.net|Stockholm Stealers|46736673785-1614171884@g.us||09.03.2021 19:14:20 UTC+01:00  |Incoming|
WhatsApp|Goose System|46736673785@s.whatsapp.net|Stockholm Stealers|46736673785-1614171884@g.us|Roxanne....|09.03.2021 19:25:42 UTC+01:00  |Incoming|"{""Path"": ""Goldfinger_Apple_iPhone_Generic/Attachments/File/0/Messages-Chat/Messages-Chat_522/da719053-b800-4818-b2a4-bfadbc177c3a.jpg"", ""id"": 297}"
WhatsApp|Goldfinger|46702578150@s.whatsapp.net|Stockholm Stealers|46736673785-1614171884@g.us|Ha ha|09.03.2021 19:33:04 UTC+01:00  |Outgoing|
WhatsApp|Twilight Grey|46762725331@s.whatsapp.net|Stockholm Stealers|46736673785-1614171884@g.us|Found nothing today sadly. Maybe I'll have better luck tomorrow|09.03.2021 19:33:20 UTC+01:00  |Incoming|
WhatsApp|Goldfinger|46702578150@s.whatsapp.net|Stockholm Stealers|46736673785-1614171884@g.us|That’s ok. No worries|09.03.2021 20:11:55 UTC+01:00  |Outgoing|
WhatsApp|Goose System|46736673785@s.whatsapp.net|Stockholm Stealers|46736673785-1614171884@g.us||10.03.2021 07:39:22 UTC+01:00  |Incoming|"{""Path"": ""Goldfinger_Apple_iPhone_Generic/Attachments/File/0/Messages-Chat/Messages-Chat_526/1d9947f0-c250-46fb-a99d-f5f6e4e868c8.thumb.jpg"", ""id"": 301}"
WhatsApp|46708275344@s.whatsapp.net|46708275344@s.whatsapp.net|Stockholm Stealers|46736673785-1614171884@g.us|Stop complaining man and get to work. We need to make the money 💰|10.03.2021 07:44:31 UTC+01:00  |Incoming|
WhatsApp|Twilight Grey|46762725331@s.whatsapp.net|Stockholm Stealers|46736673785-1614171884@g.us|Yes Maverick|10.03.2021 10:06:17 UTC+01:00  |Incoming|
WhatsApp|Goose System|46736673785@s.whatsapp.net|Stockholm Stealers|46736673785-1614171884@g.us||10.03.2021 11:03:41 UTC+01:00  |Incoming|"{""Path"": ""Goldfinger_Apple_iPhone_Generic/Attachments/File/0/Messages-Chat/Messages-Chat_529/e1e21961-4fdd-4abd-b40e-6692971e13b4.mp4"", ""id"": 304}"
WhatsApp|Goldfinger|46702578150@s.whatsapp.net|Stockholm Stealers|46736673785-1614171884@g.us|Glad you’re on top of things Mav|10.03.2021 15:53:49 UTC+01:00  |Outgoing|
WhatsApp|Goldfinger|46702578150@s.whatsapp.net|Stockholm Stealers|46736673785-1614171884@g.us|Mr COVID|10.03.2021 15:54:02 UTC+01:00  |Outgoing|"{""Path"": ""Goldfinger_Apple_iPhone_Generic/Attachments/File/0/Messages-Chat/Messages-Chat_531/6853dd84-7b2d-4164-ba94-8cf5be01a4fb.jpg"", ""id"": 306}"
WhatsApp|Goose System|46736673785@s.whatsapp.net|Stockholm Stealers|46736673785-1614171884@g.us||10.03.2021 18:58:14 UTC+01:00  |Incoming|
WhatsApp|Goose System|46736673785@s.whatsapp.net|Stockholm Stealers|46736673785-1614171884@g.us||10.03.2021 18:59:11 UTC+01:00  |Incoming|"{""Path"": ""Goldfinger_Apple_iPhone_Generic/Attachments/File/0/Messages-Chat/Messages-Chat_533/1e17cb6f-7767-4ae4-8bcf-18aa2cd55b89.jpg"", ""id"": 308}"
WhatsApp|Goose System|46736673785@s.whatsapp.net|Stockholm Stealers|46736673785-1614171884@g.us|Can I buy any beer from here, or is it only larger that they sell?|10.03.2021 19:05:08 UTC+01:00  |Incoming|"{""Path"": ""Goldfinger_Apple_iPhone_Generic/Attachments/File/0/Messages-Chat/Messages-Chat_534/9da59b26-2651-456a-9b1f-0247845e0f39.jpg"", ""id"": 309}"
WhatsApp|46708275344@s.whatsapp.net|46708275344@s.whatsapp.net|Stockholm Stealers|46736673785-1614171884@g.us|Mucho building work here...|10.03.2021 19:25:42 UTC+01:00  |Incoming|"{""Path"": ""Goldfinger_Apple_iPhone_Generic/Attachments/File/0/Messages-Chat/Messages-Chat_535/6594583a-cf06-45bf-80b6-b3c31b0b50a3.jpg"", ""id"": 310}"
WhatsApp|Twilight Grey|46762725331@s.whatsapp.net|Stockholm Stealers|46736673785-1614171884@g.us|Ha ha, so funny...🤨|10.03.2021 22:15:18 UTC+01:00  |Incoming|
WhatsApp|46708275344@s.whatsapp.net|46708275344@s.whatsapp.net|Stockholm Stealers|46736673785-1614171884@g.us|I am hilarious,  thank you for finally recognising my comic genius, alongside my criminal mastermind skills 😉|11.03.2021 08:28:27 UTC+01:00  |Incoming|
WhatsApp|46708275344@s.whatsapp.net|46708275344@s.whatsapp.net|Stockholm Stealers|46736673785-1614171884@g.us|Let's just say that last night out score was quantity over quality....|11.03.2021 08:30:56 UTC+01:00  |Incoming|
WhatsApp|46708275344@s.whatsapp.net|46708275344@s.whatsapp.net|Stockholm Stealers|46736673785-1614171884@g.us||11.03.2021 08:31:03 UTC+01:00  |Incoming|"{""Path"": ""Goldfinger_Apple_iPhone_Generic/Attachments/File/0/Messages-Chat/Messages-Chat_539/575dc65b-f273-4ce6-a52b-d2567fa648c1.jpg"", ""id"": 314}"
WhatsApp|46708275344@s.whatsapp.net|46708275344@s.whatsapp.net|Stockholm Stealers|46736673785-1614171884@g.us||11.03.2021 08:31:09 UTC+01:00  |Incoming|"{""Path"": ""Goldfinger_Apple_iPhone_Generic/Attachments/File/0/Messages-Chat/Messages-Chat_540/a2638e76-3160-4fa2-b1ee-fecfc15573f5.jpg"", ""id"": 315}"
WhatsApp|46708275344@s.whatsapp.net|46708275344@s.whatsapp.net|Stockholm Stealers|46736673785-1614171884@g.us|Know anyone who wants to shift a bucket of jewels???|11.03.2021 08:31:28 UTC+01:00  |Incoming|
WhatsApp|Twilight Grey|46762725331@s.whatsapp.net|Stockholm Stealers|46736673785-1614171884@g.us|No sorry, can't think oh anyone|11.03.2021 12:18:08 UTC+01:00  |Incoming|
WhatsApp|Goose System|46736673785@s.whatsapp.net|Stockholm Stealers|46736673785-1614171884@g.us||11.03.2021 18:30:17 UTC+01:00  |Incoming|"{""Path"": ""Goldfinger_Apple_iPhone_Generic/Attachments/File/0/Messages-Chat/Messages-Chat_543/28453cd1-ffa5-4363-8380-e45aa743025e.jpg"", ""id"": 318}"
WhatsApp|Goose System|46736673785@s.whatsapp.net|Stockholm Stealers|46736673785-1614171884@g.us|The weather seriously?|11.03.2021 18:30:33 UTC+01:00  |Incoming|
WhatsApp|Goose System|46736673785@s.whatsapp.net|Stockholm Stealers|46736673785-1614171884@g.us|Ok this is our secret stash location. We hide the loot here in future to avoid the risk of being caught in possession....|11.03.2021 19:06:27 UTC+01:00  |Incoming|"{""Path"": ""Goldfinger_Apple_iPhone_Generic/Attachments/File/0/Messages-Chat/Messages-Chat_545/ba5641f4-a92c-4028-ab45-50f9dbb06f2a.jpg"", ""id"": 320}"
WhatsApp|Goose System|46736673785@s.whatsapp.net|Stockholm Stealers|46736673785-1614171884@g.us||11.03.2021 19:06:37 UTC+01:00  |Incoming|
WhatsApp|46708275344@s.whatsapp.net|46708275344@s.whatsapp.net|Stockholm Stealers|46736673785-1614171884@g.us|I know h1ow he feels...|11.03.2021 19:38:41 UTC+01:00  |Incoming|
WhatsApp|46708275344@s.whatsapp.net|46708275344@s.whatsapp.net|Stockholm Stealers|46736673785-1614171884@g.us||11.03.2021 19:38:42 UTC+01:00  |Incoming|"{""Path"": ""Goldfinger_Apple_iPhone_Generic/Attachments/File/0/Messages-Chat/Messages-Chat_548/94dbc2ed-1272-4556-8b43-22bb2873c670.jpg"", ""id"": 323}"
WhatsApp|46708275344@s.whatsapp.net|46708275344@s.whatsapp.net|Stockholm Stealers|46736673785-1614171884@g.us|This place was very isolated|11.03.2021 19:49:38 UTC+01:00  |Incoming|"{""Path"": ""Goldfinger_Apple_iPhone_Generic/Attachments/File/0/Messages-Chat/Messages-Chat_549/0c8442df-0e7e-47f1-b640-fe86cd877dcc.jpg"", ""id"": 324}"
WhatsApp|Twilight Grey|46762725331@s.whatsapp.net|Stockholm Stealers|46736673785-1614171884@g.us|I've got two so could be a good amount of money|11.03.2021 20:18:16 UTC+01:00  |Incoming|
WhatsApp|Twilight Grey|46762725331@s.whatsapp.net|Stockholm Stealers|46736673785-1614171884@g.us|24K do you know anyone who might buy it?|11.03.2021 20:19:01 UTC+01:00  |Incoming|"{""Path"": ""Goldfinger_Apple_iPhone_Generic/Attachments/File/0/Messages-Chat/Messages-Chat_551/b91026ef-f232-437a-a7f1-8b9874a9d2f3.jpg"", ""id"": 326}"
WhatsApp|Goose System|46736673785@s.whatsapp.net|Stockholm Stealers|46736673785-1614171884@g.us|Wow expensive, nice work|11.03.2021 21:40:35 UTC+01:00  |Incoming|
WhatsApp|Twilight Grey|46762725331@s.whatsapp.net|Stockholm Stealers|46736673785-1614171884@g.us|Thank you|11.03.2021 21:41:08 UTC+01:00  |Incoming|
WhatsApp|Goose System|46736673785@s.whatsapp.net|Stockholm Stealers|46736673785-1614171884@g.us|You must be a professional by now....?|11.03.2021 21:43:26 UTC+01:00  |Incoming|
WhatsApp|46708275344@s.whatsapp.net|46708275344@s.whatsapp.net|Stockholm Stealers|46736673785-1614171884@g.us|I give you 20k Twilight|11.03.2021 21:49:44 UTC+01:00  |Incoming|
WhatsApp|Goldfinger|46702578150@s.whatsapp.net|Stockholm Stealers|46736673785-1614171884@g.us|Wooow!!!! Doing good out there|12.03.2021 08:05:25 UTC+01:00  |Outgoing|
WhatsApp|Goldfinger|46702578150@s.whatsapp.net|Stockholm Stealers|46736673785-1614171884@g.us|Feel like I’ve missed when it all went down 🙈|12.03.2021 08:05:55 UTC+01:00  |Outgoing|
WhatsApp|Twilight Grey|46762725331@s.whatsapp.net|Stockholm Stealers|46736673785-1614171884@g.us|Your chance will come|12.03.2021 09:48:35 UTC+01:00  |Incoming|
WhatsApp|Goldfinger|46702578150@s.whatsapp.net|Stockholm Stealers|46736673785-1614171884@g.us|Wish me luck 🍀|12.03.2021 10:54:21 UTC+01:00  |Outgoing|
WhatsApp|Goose System|46736673785@s.whatsapp.net|Stockholm Stealers|46736673785-1614171884@g.us||12.03.2021 18:29:19 UTC+01:00  |Incoming|
WhatsApp|Goose System|46736673785@s.whatsapp.net|Stockholm Stealers|46736673785-1614171884@g.us|Wonder what's going on in the purple room?|12.03.2021 18:36:03 UTC+01:00  |Incoming|"{""Path"": ""Goldfinger_Apple_iPhone_Generic/Attachments/File/0/Messages-Chat/Messages-Chat_561/5bf879ae-c0df-42d2-ba9f-0b4575f2a86c.jpg"", ""id"": 336}"
WhatsApp|Goldfinger|46702578150@s.whatsapp.net|Stockholm Stealers|46736673785-1614171884@g.us|Rain...|12.03.2021 19:18:53 UTC+01:00  |Outgoing|
WhatsApp|46708275344@s.whatsapp.net|46708275344@s.whatsapp.net|Stockholm Stealers|46736673785-1614171884@g.us|This feels like a trap?|12.03.2021 19:33:03 UTC+01:00  |Incoming|"{""Path"": ""Goldfinger_Apple_iPhone_Generic/Attachments/File/0/Messages-Chat/Messages-Chat_563/4107cb6f-b1ea-480d-aa7d-64bf6c2b6b44.jpg"", ""id"": 338}"
WhatsApp|46708275344@s.whatsapp.net|46708275344@s.whatsapp.net|Stockholm Stealers|46736673785-1614171884@g.us|You guys hungry?|12.03.2021 19:33:04 UTC+01:00  |Incoming|"{""Path"": ""Goldfinger_Apple_iPhone_Generic/Attachments/File/0/Messages-Chat/Messages-Chat_564/cbd886a3-1691-4d51-8624-1027dd028816.jpg"", ""id"": 339}"
WhatsApp|46708275344@s.whatsapp.net|46708275344@s.whatsapp.net|Stockholm Stealers|46736673785-1614171884@g.us|R u a big Prince fan or just an artist formerly known as a fan?|12.03.2021 20:09:42 UTC+01:00  |Incoming|
WhatsApp|Goldfinger|46702578150@s.whatsapp.net|Stockholm Stealers|46736673785-1614171884@g.us|Fan också 😂|12.03.2021 20:30:15 UTC+01:00  |Outgoing|
WhatsApp|Twilight Grey|46762725331@s.whatsapp.net|Stockholm Stealers|46736673785-1614171884@g.us|🤨|12.03.2021 21:15:57 UTC+01:00  |Incoming|
WhatsApp|46708275344@s.whatsapp.net|46708275344@s.whatsapp.net|Stockholm Stealers|46736673785-1614171884@g.us||13.03.2021 11:18:03 UTC+01:00  |Incoming|"{""Path"": ""Goldfinger_Apple_iPhone_Generic/Attachments/File/0/Messages-Chat/Messages-Chat_569/ff8e2f8e-7d9d-48c1-bdaa-de8b24bb8ff7.jpg"", ""id"": 344}"
WhatsApp|46708275344@s.whatsapp.net|46708275344@s.whatsapp.net|Stockholm Stealers|46736673785-1614171884@g.us|We had a good week team 🙌|13.03.2021 11:18:03 UTC+01:00  |Incoming|"{""Path"": ""Goldfinger_Apple_iPhone_Generic/Attachments/File/0/Messages-Chat/Messages-Chat_568/559789da-22a9-44c9-8156-50c72291953a.jpg"", ""id"": 343}"
WhatsApp|46708275344@s.whatsapp.net|46708275344@s.whatsapp.net|Stockholm Stealers|46736673785-1614171884@g.us||13.03.2021 11:18:03 UTC+01:00  |Incoming|"{""Path"": ""Goldfinger_Apple_iPhone_Generic/Attachments/File/0/Messages-Chat/Messages-Chat_571/93c3d9b7-e169-45fd-b3f4-20d592521195.jpg"", ""id"": 346}"
WhatsApp|46708275344@s.whatsapp.net|46708275344@s.whatsapp.net|Stockholm Stealers|46736673785-1614171884@g.us||13.03.2021 11:18:03 UTC+01:00  |Incoming|"{""Path"": ""Goldfinger_Apple_iPhone_Generic/Attachments/File/0/Messages-Chat/Messages-Chat_572/8a7148b4-7b71-4bf2-ab4f-da8660781d7b.jpg"", ""id"": 347}"
WhatsApp|46708275344@s.whatsapp.net|46708275344@s.whatsapp.net|Stockholm Stealers|46736673785-1614171884@g.us||13.03.2021 11:18:03 UTC+01:00  |Incoming|"{""Path"": ""Goldfinger_Apple_iPhone_Generic/Attachments/File/0/Messages-Chat/Messages-Chat_570/f55615f9-9f0f-4a55-a8db-764dc80db6d2.jpg"", ""id"": 345}"
WhatsApp|46708275344@s.whatsapp.net|46708275344@s.whatsapp.net|Stockholm Stealers|46736673785-1614171884@g.us||13.03.2021 11:18:04 UTC+01:00  |Incoming|"{""Path"": ""Goldfinger_Apple_iPhone_Generic/Attachments/File/0/Messages-Chat/Messages-Chat_573/d77ab26f-4b6d-4410-aec0-803fb46119f2.jpg"", ""id"": 348}"
WhatsApp|46708275344@s.whatsapp.net|46708275344@s.whatsapp.net|Stockholm Stealers|46736673785-1614171884@g.us|Now we need to shift this lot through the cafe...|13.03.2021 11:18:21 UTC+01:00  |Incoming|
WhatsApp|Goose System|46736673785@s.whatsapp.net|Stockholm Stealers|46736673785-1614171884@g.us|Nice work boss. Happy to help ☺️|13.03.2021 12:08:20 UTC+01:00  |Incoming|
WhatsApp|Goldfinger|46702578150@s.whatsapp.net|Stockholm Stealers|46736673785-1614171884@g.us|Cafe is open|13.03.2021 18:33:41 UTC+01:00  |Outgoing|
WhatsApp|Goldfinger|46702578150@s.whatsapp.net|Stockholm Stealers|46736673785-1614171884@g.us|Tomorrow|13.03.2021 18:33:49 UTC+01:00  |Outgoing|
WhatsApp|Goldfinger|46702578150@s.whatsapp.net|Stockholm Stealers|46736673785-1614171884@g.us|I go out then 😎|13.03.2021 18:34:06 UTC+01:00  |Outgoing|
WhatsApp|46708275344@s.whatsapp.net|46708275344@s.whatsapp.net|Stockholm Stealers|46736673785-1614171884@g.us|👌OK my friend. We visit tomorrow|13.03.2021 18:34:11 UTC+01:00  |Incoming|
WhatsApp|Goldfinger|46702578150@s.whatsapp.net|Stockholm Stealers|46736673785-1614171884@g.us|$uper|13.03.2021 18:34:31 UTC+01:00  |Outgoing|
WhatsApp|Goose System|46736673785@s.whatsapp.net|Stockholm Stealers|46736673785-1614171884@g.us|Ok so tonight we take time off and watch Melody Festivals?|13.03.2021 18:38:33 UTC+01:00  |Incoming|
WhatsApp|46708275344@s.whatsapp.net|46708275344@s.whatsapp.net|Stockholm Stealers|46736673785-1614171884@g.us|Yes great idea Goose. We worked hard, made a big score with the diamonds and we deserve a night off for once. Let's all enjoy the silly cult Swedish music show!|13.03.2021 18:43:32 UTC+01:00  |Incoming|
WhatsApp|Goldfinger|46702578150@s.whatsapp.net|Stockholm Stealers|46736673785-1614171884@g.us|🎵🔝it’s important stuff too|13.03.2021 18:43:49 UTC+01:00  |Outgoing|
WhatsApp|Twilight Grey|46762725331@s.whatsapp.net|Stockholm Stealers|46736673785-1614171884@g.us|Yeeeeesssss|13.03.2021 18:58:15 UTC+01:00  |Incoming|
WhatsApp|Twilight Grey|46762725331@s.whatsapp.net|Stockholm Stealers|46736673785-1614171884@g.us|Love that idea|13.03.2021 18:58:19 UTC+01:00  |Incoming|
WhatsApp|Goose System|46736673785@s.whatsapp.net|Stockholm Stealers|46736673785-1614171884@g.us||13.03.2021 19:56:23 UTC+01:00  |Incoming|"{""Path"": ""Goldfinger_Apple_iPhone_Generic/Attachments/File/0/Messages-Chat/Messages-Chat_586/196f23da-ed40-454e-ba63-4df1dd6047b6.mp4"", ""id"": 361}"
WhatsApp|46708275344@s.whatsapp.net|46708275344@s.whatsapp.net|Stockholm Stealers|46736673785-1614171884@g.us||13.03.2021 22:15:23 UTC+01:00  |Incoming|"{""Path"": ""Goldfinger_Apple_iPhone_Generic/Attachments/File/0/Messages-Chat/Messages-Chat_587/19aa0591-2534-4330-ad51-c4baea0fabe2.jpg"", ""id"": 362}"
WhatsApp|Twilight Grey|46762725331@s.whatsapp.net|Stockholm Stealers|46736673785-1614171884@g.us|Okey good for you|14.03.2021 09:00:26 UTC+01:00  |Incoming|
WhatsApp|Goose System|46736673785@s.whatsapp.net|Stockholm Stealers|46736673785-1614171884@g.us|It's anyone's guess what number house this is? 😊|14.03.2021 13:42:22 UTC+01:00  |Incoming|"{""Path"": ""Goldfinger_Apple_iPhone_Generic/Attachments/File/0/Messages-Chat/Messages-Chat_589/feff7db3-5995-4ec6-a532-606e25a3cad0.jpg"", ""id"": 364}"
WhatsApp|46708275344@s.whatsapp.net|46708275344@s.whatsapp.net|Stockholm Stealers|46736673785-1614171884@g.us|Scored!!!|14.03.2021 14:47:50 UTC+01:00  |Incoming|"{""Path"": ""Goldfinger_Apple_iPhone_Generic/Attachments/File/0/Messages-Chat/Messages-Chat_590/9f9f6860-9981-4eb9-9e0a-44677a83df22.jpg"", ""id"": 365}"
WhatsApp|46708275344@s.whatsapp.net|46708275344@s.whatsapp.net|Stockholm Stealers|46736673785-1614171884@g.us||14.03.2021 14:49:31 UTC+01:00  |Incoming|"{""Path"": ""Goldfinger_Apple_iPhone_Generic/Attachments/File/0/Messages-Chat/Messages-Chat_591/658ef715-db6e-4e9e-8843-2030d31baef6.jpg"", ""id"": 366}"
WhatsApp|46708275344@s.whatsapp.net|46708275344@s.whatsapp.net|Stockholm Stealers|46736673785-1614171884@g.us|Another jackpot house today. It's too easy....|14.03.2021 14:49:47 UTC+01:00  |Incoming|
WhatsApp|Goldfinger|46702578150@s.whatsapp.net|Stockholm Stealers|46736673785-1614171884@g.us|This bank door might be a problem?|14.03.2021 15:41:09 UTC+01:00  |Outgoing|"{""Path"": ""Goldfinger_Apple_iPhone_Generic/Attachments/File/0/Messages-Chat/Messages-Chat_593/e8930ab4-e4da-4fd3-ab47-06c1181498b0.jpg"", ""id"": 368}"
WhatsApp|Goldfinger|46702578150@s.whatsapp.net|Stockholm Stealers|46736673785-1614171884@g.us|Solid....|14.03.2021 15:41:26 UTC+01:00  |Outgoing|"{""Path"": ""Goldfinger_Apple_iPhone_Generic/Attachments/File/0/Messages-Chat/Messages-Chat_594/5e91b7f2-1428-4a45-8d52-c3678068dd17.jpg"", ""id"": 369}"
WhatsApp|Goldfinger|46702578150@s.whatsapp.net|Stockholm Stealers|46736673785-1614171884@g.us|Another trap|14.03.2021 15:43:30 UTC+01:00  |Outgoing|"{""Path"": ""Goldfinger_Apple_iPhone_Generic/Attachments/File/0/Messages-Chat/Messages-Chat_595/10b8e915-7ff3-4b2a-8f50-792f15a02139.jpg"", ""id"": 370}"
WhatsApp|46708275344@s.whatsapp.net|46708275344@s.whatsapp.net|Stockholm Stealers|46736673785-1614171884@g.us|Damn that place is super secure. How did you get in?|14.03.2021 21:17:54 UTC+01:00  |Incoming|
WhatsApp|Goose System|46736673785@s.whatsapp.net|Stockholm Stealers|46736673785-1614171884@g.us|Oh wow. It looks like a bank! They must have some awesome stuff in there to justify that level of security?|14.03.2021 21:19:10 UTC+01:00  |Incoming|
WhatsApp|Twilight Grey|46762725331@s.whatsapp.net|Stockholm Stealers|46736673785-1614171884@g.us|Wow super cool that you got in|14.03.2021 21:26:23 UTC+01:00  |Incoming|
WhatsApp|Goldfinger|46702578150@s.whatsapp.net|Stockholm Stealers|46736673785-1614171884@g.us|It used to be a bank but I recon they still hold some really valuable things there|14.03.2021 22:14:43 UTC+01:00  |Outgoing|
WhatsApp|Goldfinger|46702578150@s.whatsapp.net|Stockholm Stealers|46736673785-1614171884@g.us|I was sneaky and got in pretending to be interested in their business 👩‍💼😎🤣|14.03.2021 22:15:14 UTC+01:00  |Outgoing|
WhatsApp|Twilight Grey|46762725331@s.whatsapp.net|Stockholm Stealers|46736673785-1614171884@g.us|Wow Gold Finger got some moves up her sleeve 😎👏|15.03.2021 07:31:26 UTC+01:00  |Incoming|
WhatsApp|Goose System|46736673785@s.whatsapp.net|Stockholm Stealers|46736673785-1614171884@g.us|Impressive stuff Gold Finger. So let us know when we will see the results?|15.03.2021 07:33:59 UTC+01:00  |Incoming|
WhatsApp|46708275344@s.whatsapp.net|46708275344@s.whatsapp.net|Stockholm Stealers|46736673785-1614171884@g.us||15.03.2021 07:38:03 UTC+01:00  |Incoming|"{""Path"": ""Goldfinger_Apple_iPhone_Generic/Attachments/File/0/Messages-Chat/Messages-Chat_603/8613ed0f-e71d-46d5-9697-359989d8abcd.jpg"", ""id"": 378}"
WhatsApp|46708275344@s.whatsapp.net|46708275344@s.whatsapp.net|Stockholm Stealers|46736673785-1614171884@g.us|Get anything this good?|15.03.2021 07:38:15 UTC+01:00  |Incoming|
WhatsApp|Twilight Grey|46762725331@s.whatsapp.net|Stockholm Stealers|46736673785-1614171884@g.us|It's so grey today|15.03.2021 10:16:09 UTC+01:00  |Incoming|"{""Path"": ""Goldfinger_Apple_iPhone_Generic/Attachments/File/0/Messages-Chat/Messages-Chat_605/b45ccf0d-c54d-4439-a0c1-9c8fe02c5d90.jpg"", ""id"": 380}"
WhatsApp|Goose System|46736673785@s.whatsapp.net|Stockholm Stealers|46736673785-1614171884@g.us|But you are Twilight Grey. So this must be your perfect weather?|15.03.2021 10:37:11 UTC+01:00  |Incoming|
WhatsApp|46708275344@s.whatsapp.net|46708275344@s.whatsapp.net|Stockholm Stealers|46736673785-1614171884@g.us|😅|15.03.2021 10:39:13 UTC+01:00  |Incoming|
WhatsApp|Goose System|46736673785@s.whatsapp.net|Stockholm Stealers|46736673785-1614171884@g.us|Flushed with my success as an international jewelry thief...|15.03.2021 11:30:15 UTC+01:00  |Incoming|"{""Path"": ""Goldfinger_Apple_iPhone_Generic/Attachments/File/0/Messages-Chat/Messages-Chat_608/f50f7222-50b1-43a3-acdf-6d59b9817dc1.jpg"", ""id"": 383}"
WhatsApp|46708275344@s.whatsapp.net|46708275344@s.whatsapp.net|Stockholm Stealers|46736673785-1614171884@g.us|Binary license plate?|15.03.2021 17:01:21 UTC+01:00  |Incoming|
WhatsApp|46708275344@s.whatsapp.net|46708275344@s.whatsapp.net|Stockholm Stealers|46736673785-1614171884@g.us||15.03.2021 17:01:22 UTC+01:00  |Incoming|"{""Path"": ""Goldfinger_Apple_iPhone_Generic/Attachments/File/0/Messages-Chat/Messages-Chat_610/0badd148-8007-4f49-bf88-7130f6a4810e.jpg"", ""id"": 385}"
WhatsApp|46708275344@s.whatsapp.net|46708275344@s.whatsapp.net|Stockholm Stealers|46736673785-1614171884@g.us|😅|15.03.2021 17:03:44 UTC+01:00  |Incoming|
WhatsApp|Goose System|46736673785@s.whatsapp.net|Stockholm Stealers|46736673785-1614171884@g.us||15.03.2021 17:05:04 UTC+01:00  |Incoming|"{""Path"": ""Goldfinger_Apple_iPhone_Generic/Attachments/File/0/Messages-Chat/Messages-Chat_612/a56aaec0-1b73-4418-bc70-07fc825c42e7.jpg"", ""id"": 387}"
WhatsApp|Goose System|46736673785@s.whatsapp.net|Stockholm Stealers|46736673785-1614171884@g.us||15.03.2021 17:27:37 UTC+01:00  |Incoming|"{""Path"": ""Goldfinger_Apple_iPhone_Generic/Attachments/File/0/Messages-Chat/Messages-Chat_613/8bdcf2b3-ea13-4148-950a-f5aef642e48c.mp4"", ""id"": 388}"
WhatsApp|Twilight Grey|46762725331@s.whatsapp.net|Stockholm Stealers|46736673785-1614171884@g.us|Me tooo|15.03.2021 19:51:44 UTC+01:00  |Incoming|
WhatsApp|Twilight Grey|46762725331@s.whatsapp.net|Stockholm Stealers|46736673785-1614171884@g.us|Jerry is in my room😂|15.03.2021 20:10:37 UTC+01:00  |Incoming|"{""Path"": ""Goldfinger_Apple_iPhone_Generic/Attachments/File/0/Messages-Chat/Messages-Chat_615/eb8f977b-a5d8-4c63-9dda-f99d8c81cb04.mp4"", ""id"": 390}"
WhatsApp|Goose System|46736673785@s.whatsapp.net|Stockholm Stealers|46736673785-1614171884@g.us|😂|15.03.2021 21:16:37 UTC+01:00  |Incoming|
WhatsApp|Goldfinger|46702578150@s.whatsapp.net|Stockholm Stealers|46736673785-1614171884@g.us|I’ve got Tom|15.03.2021 21:18:02 UTC+01:00  |Outgoing|
WhatsApp|Goldfinger|46702578150@s.whatsapp.net|Stockholm Stealers|46736673785-1614171884@g.us|But he is not working right now|15.03.2021 21:18:15 UTC+01:00  |Outgoing|
WhatsApp|46708275344@s.whatsapp.net|46708275344@s.whatsapp.net|Stockholm Stealers|46736673785-1614171884@g.us||15.03.2021 21:25:15 UTC+01:00  |Incoming|"{""Path"": ""Goldfinger_Apple_iPhone_Generic/Attachments/File/0/Messages-Chat/Messages-Chat_619/3f653a33-5bad-4d51-931e-b2a46363c5de.mp4"", ""id"": 394}"
WhatsApp|46708275344@s.whatsapp.net|46708275344@s.whatsapp.net|Stockholm Stealers|46736673785-1614171884@g.us|This is how we roll baby 😎|15.03.2021 21:25:17 UTC+01:00  |Incoming|
WhatsApp|Goldfinger|46702578150@s.whatsapp.net|Stockholm Stealers|46736673785-1614171884@g.us|YMCA???? U r gay😎|15.03.2021 21:25:49 UTC+01:00  |Outgoing|
WhatsApp|46708275344@s.whatsapp.net|46708275344@s.whatsapp.net|Stockholm Stealers|46736673785-1614171884@g.us||15.03.2021 21:26:32 UTC+01:00  |Incoming|"{""Path"": ""Goldfinger_Apple_iPhone_Generic/Attachments/File/0/Messages-Chat/Messages-Chat_622/aa920232-6c70-4474-ab1e-4dee5191a8c0.mp4"", ""id"": 397}"
WhatsApp|Goldfinger|46702578150@s.whatsapp.net|Stockholm Stealers|46736673785-1614171884@g.us||15.03.2021 21:40:42 UTC+01:00  |Outgoing|"{""Path"": ""Goldfinger_Apple_iPhone_Generic/Attachments/File/0/Messages-Chat/Messages-Chat_623/7bf6d6ec-2604-4912-a7ad-b055e856d8af.mp4"", ""id"": 398}"
WhatsApp|Goldfinger|46702578150@s.whatsapp.net|Stockholm Stealers|46736673785-1614171884@g.us|I’m a true Bandit 💰🤣|15.03.2021 22:45:10 UTC+01:00  |Outgoing|
WhatsApp|Twilight Grey|46762725331@s.whatsapp.net|Stockholm Stealers|46736673785-1614171884@g.us|Oh gosh|15.03.2021 22:46:40 UTC+01:00  |Incoming|
WhatsApp|Goose System|46736673785@s.whatsapp.net|Stockholm Stealers|46736673785-1614171884@g.us||16.03.2021 09:36:55 UTC+01:00  |Incoming|"{""Path"": ""Goldfinger_Apple_iPhone_Generic/Attachments/File/0/Messages-Chat/Messages-Chat_626/63d80e1d-34b9-4cde-8443-39fc9f9f6b67.mp4"", ""id"": 401}"
WhatsApp|46708275344@s.whatsapp.net|46708275344@s.whatsapp.net|Stockholm Stealers|46736673785-1614171884@g.us|Hey dudes. This sucks. Big boss is giving us less and less for each score. Told me  price of gold is going down....|16.03.2021 09:49:17 UTC+01:00  |Incoming|
WhatsApp|46708275344@s.whatsapp.net|46708275344@s.whatsapp.net|Stockholm Stealers|46736673785-1614171884@g.us||16.03.2021 09:49:29 UTC+01:00  |Incoming|"{""Path"": ""Goldfinger_Apple_iPhone_Generic/Attachments/File/0/Messages-Chat/Messages-Chat_628/38e09784-9ee7-4cca-9363-4c47512c45ff.jpg"", ""id"": 403}"
WhatsApp|46708275344@s.whatsapp.net|46708275344@s.whatsapp.net|Stockholm Stealers|46736673785-1614171884@g.us|Seriously what the f....|16.03.2021 09:49:40 UTC+01:00  |Incoming|
WhatsApp|46708275344@s.whatsapp.net|46708275344@s.whatsapp.net|Stockholm Stealers|46736673785-1614171884@g.us|They print $1.9Trillion US Dollars and the price of gold goes down?|16.03.2021 09:50:09 UTC+01:00  |Incoming|
WhatsApp|46708275344@s.whatsapp.net|46708275344@s.whatsapp.net|Stockholm Stealers|46736673785-1614171884@g.us|We may have to switch jobs...|16.03.2021 09:50:21 UTC+01:00  |Incoming|
WhatsApp|Goose System|46736673785@s.whatsapp.net|Stockholm Stealers|46736673785-1614171884@g.us|Shit really? That sucks. So what the hell do we do?|16.03.2021 09:55:36 UTC+01:00  |Incoming|
WhatsApp|46708275344@s.whatsapp.net|46708275344@s.whatsapp.net|Stockholm Stealers|46736673785-1614171884@g.us|We steal more of course! Have to keep up with inflation by working ever harder...|16.03.2021 11:39:19 UTC+01:00  |Incoming|
WhatsApp|Goose System|46736673785@s.whatsapp.net|Stockholm Stealers|46736673785-1614171884@g.us||16.03.2021 11:41:14 UTC+01:00  |Incoming|"{""Path"": ""Goldfinger_Apple_iPhone_Generic/Attachments/File/0/Messages-Chat/Messages-Chat_634/17a8c364-2a37-4365-bcfb-4a3b23c2e975.mp4"", ""id"": 409}"
WhatsApp|46708275344@s.whatsapp.net|46708275344@s.whatsapp.net|Stockholm Stealers|46736673785-1614171884@g.us||16.03.2021 16:24:05 UTC+01:00  |Incoming|"{""Path"": ""Goldfinger_Apple_iPhone_Generic/Attachments/File/0/Messages-Chat/Messages-Chat_635/f33b1ace-d782-4a88-907c-81f1f8cf9092.jpg"", ""id"": 410}"
WhatsApp|46708275344@s.whatsapp.net|46708275344@s.whatsapp.net|Stockholm Stealers|46736673785-1614171884@g.us|Mooo|16.03.2021 16:24:08 UTC+01:00  |Incoming|
WhatsApp|Goldfinger|46702578150@s.whatsapp.net|Stockholm Stealers|46736673785-1614171884@g.us|WTF noooo I can’t shift more stuff.... tell our Boss 🖕🏼|16.03.2021 16:46:29 UTC+01:00  |Outgoing|
WhatsApp|Goldfinger|46702578150@s.whatsapp.net|Stockholm Stealers|46736673785-1614171884@g.us|Top one looks like last weeks catch.... we only got 10k....|16.03.2021 16:47:08 UTC+01:00  |Outgoing|"{""Path"": ""Goldfinger_Apple_iPhone_Generic/Attachments/File/0/Messages-Chat/Messages-Chat_638/46ed77c0-d8d9-4a79-8b6b-74a8d45234b7.jpg"", ""id"": 413}"
WhatsApp|Goose System|46736673785@s.whatsapp.net|Stockholm Stealers|46736673785-1614171884@g.us|Cost of movement under the radar....|16.03.2021 18:07:21 UTC+01:00  |Incoming|
WhatsApp|Goldfinger|46702578150@s.whatsapp.net|Stockholm Stealers|46736673785-1614171884@g.us|U r defend him|16.03.2021 19:22:50 UTC+01:00  |Outgoing|
WhatsApp|Twilight Grey|46762725331@s.whatsapp.net|Stockholm Stealers|46736673785-1614171884@g.us|Loosing money🥺|16.03.2021 19:59:57 UTC+01:00  |Incoming|
WhatsApp|Goose System|46736673785@s.whatsapp.net|Stockholm Stealers|46736673785-1614171884@g.us|Its no good. We have to earn more, steal more, do more. So out to work everyone 😣|17.03.2021 10:59:17 UTC+01:00  |Incoming|
WhatsApp|Goldfinger|46702578150@s.whatsapp.net|Stockholm Stealers|46736673785-1614171884@g.us|Going soon.... hoping to bring the real deal|17.03.2021 12:14:03 UTC+01:00  |Outgoing|
WhatsApp|46708275344@s.whatsapp.net|46708275344@s.whatsapp.net|Stockholm Stealers|46736673785-1614171884@g.us||17.03.2021 12:28:42 UTC+01:00  |Incoming|"{""Path"": ""Goldfinger_Apple_iPhone_Generic/Attachments/File/0/Messages-Chat/Messages-Chat_644/6ae3ccdc-53dd-4948-bf00-b2998ae96798.jpg"", ""id"": 419}"
WhatsApp|46708275344@s.whatsapp.net|46708275344@s.whatsapp.net|Stockholm Stealers|46736673785-1614171884@g.us|This is a nice piece I got. What do you guys think?|17.03.2021 12:28:59 UTC+01:00  |Incoming|
WhatsApp|Goose System|46736673785@s.whatsapp.net|Stockholm Stealers|46736673785-1614171884@g.us|Maybe 600 Kr at best?|17.03.2021 12:34:12 UTC+01:00  |Incoming|
WhatsApp|Goldfinger|46702578150@s.whatsapp.net|Stockholm Stealers|46736673785-1614171884@g.us||17.03.2021 13:48:54 UTC+01:00  |Outgoing|"{""Path"": ""Goldfinger_Apple_iPhone_Generic/Attachments/File/0/Messages-Chat/Messages-Chat_647/80d9b28a-8a36-440d-8ccb-1b7d97d9209f.jpg"", ""id"": 422}"
WhatsApp|Goldfinger|46702578150@s.whatsapp.net|Stockholm Stealers|46736673785-1614171884@g.us|Man that’s good gold for any finger|17.03.2021 13:49:11 UTC+01:00  |Outgoing|
WhatsApp|46708275344@s.whatsapp.net|46708275344@s.whatsapp.net|Stockholm Stealers|46736673785-1614171884@g.us|Nice, we can sell that. Good 💪|17.03.2021 13:52:47 UTC+01:00  |Incoming|
WhatsApp|Twilight Grey|46762725331@s.whatsapp.net|Stockholm Stealers|46736673785-1614171884@g.us|You guys are doing good|17.03.2021 15:12:14 UTC+01:00  |Incoming|
WhatsApp|Goose System|46736673785@s.whatsapp.net|Stockholm Stealers|46736673785-1614171884@g.us|Some days this job is rubbish|17.03.2021 16:40:02 UTC+01:00  |Incoming|"{""Path"": ""Goldfinger_Apple_iPhone_Generic/Attachments/File/0/Messages-Chat/Messages-Chat_651/4f598bbc-dba6-4c9e-b35f-e3747056f24c.jpg"", ""id"": 426}"
WhatsApp|Goldfinger|46702578150@s.whatsapp.net|Stockholm Stealers|46736673785-1614171884@g.us|Yep I feel you|17.03.2021 17:21:56 UTC+01:00  |Outgoing|
WhatsApp|46708275344@s.whatsapp.net|46708275344@s.whatsapp.net|Stockholm Stealers|46736673785-1614171884@g.us||17.03.2021 17:32:24 UTC+01:00  |Incoming|
WhatsApp|46708275344@s.whatsapp.net|46708275344@s.whatsapp.net|Stockholm Stealers|46736673785-1614171884@g.us|We did well today between Goose & Me 👍|17.03.2021 17:37:09 UTC+01:00  |Incoming|"{""Path"": ""Goldfinger_Apple_iPhone_Generic/Attachments/File/0/Messages-Chat/Messages-Chat_654/a25445b7-1fb5-4b36-a38f-5a0310534d1d.jpg"", ""id"": 429}"
WhatsApp|46708275344@s.whatsapp.net|46708275344@s.whatsapp.net|Stockholm Stealers|46736673785-1614171884@g.us||17.03.2021 17:37:09 UTC+01:00  |Incoming|"{""Path"": ""Goldfinger_Apple_iPhone_Generic/Attachments/File/0/Messages-Chat/Messages-Chat_655/709afe17-c0da-40e0-9113-aa7dae1beaeb.jpg"", ""id"": 430}"
WhatsApp|46708275344@s.whatsapp.net|46708275344@s.whatsapp.net|Stockholm Stealers|46736673785-1614171884@g.us||17.03.2021 17:37:10 UTC+01:00  |Incoming|"{""Path"": ""Goldfinger_Apple_iPhone_Generic/Attachments/File/0/Messages-Chat/Messages-Chat_656/83b18b87-4733-45f1-9168-14b060d0a0b4.jpg"", ""id"": 431}"
WhatsApp|46708275344@s.whatsapp.net|46708275344@s.whatsapp.net|Stockholm Stealers|46736673785-1614171884@g.us||17.03.2021 17:37:10 UTC+01:00  |Incoming|"{""Path"": ""Goldfinger_Apple_iPhone_Generic/Attachments/File/0/Messages-Chat/Messages-Chat_657/23ef2c5d-5336-4cc8-87fe-35f4892b7617.jpg"", ""id"": 432}"
WhatsApp|Goose System|46736673785@s.whatsapp.net|Stockholm Stealers|46736673785-1614171884@g.us|We did good|17.03.2021 17:47:58 UTC+01:00  |Incoming|"{""Path"": ""Goldfinger_Apple_iPhone_Generic/Attachments/File/0/Messages-Chat/Messages-Chat_658/f49ff365-2478-49bd-a0f8-401d922f88be.mp4"", ""id"": 433}"
WhatsApp|Twilight Grey|46762725331@s.whatsapp.net|Stockholm Stealers|46736673785-1614171884@g.us|Very true|17.03.2021 18:25:12 UTC+01:00  |Incoming|
WhatsApp|Twilight Grey|46762725331@s.whatsapp.net|Stockholm Stealers|46736673785-1614171884@g.us|But every job can be|17.03.2021 18:25:13 UTC+01:00  |Incoming|
WhatsApp|Goldfinger|46702578150@s.whatsapp.net|Stockholm Stealers|46736673785-1614171884@g.us|Good stuff|17.03.2021 19:36:46 UTC+01:00  |Outgoing|
WhatsApp|Twilight Grey|46762725331@s.whatsapp.net|Stockholm Stealers|46736673785-1614171884@g.us|Very good|17.03.2021 19:40:37 UTC+01:00  |Incoming|
WhatsApp|46708275344@s.whatsapp.net|46708275344@s.whatsapp.net|Stockholm Stealers|46736673785-1614171884@g.us|Ok you lot. I'm heading into the city on business. Whose coming?|18.03.2021 11:07:19 UTC+01:00  |Incoming|
WhatsApp|Twilight Grey|46762725331@s.whatsapp.net|Stockholm Stealers|46736673785-1614171884@g.us|Me me me|18.03.2021 12:01:22 UTC+01:00  |Incoming|
WhatsApp|Goose System|46736673785@s.whatsapp.net|Stockholm Stealers|46736673785-1614171884@g.us|Of course 😊|18.03.2021 14:28:36 UTC+01:00  |Incoming|
WhatsApp|46708275344@s.whatsapp.net|46708275344@s.whatsapp.net|Stockholm Stealers|46736673785-1614171884@g.us||18.03.2021 14:32:02 UTC+01:00  |Incoming|"{""Path"": ""Goldfinger_Apple_iPhone_Generic/Attachments/File/0/Messages-Chat/Messages-Chat_666/273b0b4c-6681-499d-b53d-f4526b6d2b99.jpg"", ""id"": 441}"
WhatsApp|46708275344@s.whatsapp.net|46708275344@s.whatsapp.net|Stockholm Stealers|46736673785-1614171884@g.us|Muppet|18.03.2021 14:32:06 UTC+01:00  |Incoming|
WhatsApp|Twilight Grey|46762725331@s.whatsapp.net|Stockholm Stealers|46736673785-1614171884@g.us|You are😝|18.03.2021 19:25:13 UTC+01:00  |Incoming|
WhatsApp|46708275344@s.whatsapp.net|46708275344@s.whatsapp.net|Stockholm Stealers|46736673785-1614171884@g.us|Need protection|18.03.2021 19:35:31 UTC+01:00  |Incoming|"{""Path"": ""Goldfinger_Apple_iPhone_Generic/Attachments/File/0/Messages-Chat/Messages-Chat_669/3814bc8f-7fb8-4ca3-8b1e-d6983473920d.jpg"", ""id"": 444}"
WhatsApp|Goose System|46736673785@s.whatsapp.net|Stockholm Stealers|46736673785-1614171884@g.us|Call that a knife? This is a proper knife!|18.03.2021 21:02:02 UTC+01:00  |Incoming|"{""Path"": ""Goldfinger_Apple_iPhone_Generic/Attachments/File/0/Messages-Chat/Messages-Chat_670/1897604c-2bd3-490c-934a-870dc626933e.jpg"", ""id"": 445}"
WhatsApp|Twilight Grey|46762725331@s.whatsapp.net|Stockholm Stealers|46736673785-1614171884@g.us|Now I'm scared|19.03.2021 09:57:23 UTC+01:00  |Incoming|
WhatsApp|Goose System|46736673785@s.whatsapp.net|Stockholm Stealers|46736673785-1614171884@g.us||19.03.2021 10:20:27 UTC+01:00  |Incoming|"{""Path"": ""Goldfinger_Apple_iPhone_Generic/Attachments/File/0/Messages-Chat/Messages-Chat_672/90a14fd6-0212-4d58-8299-463190557f4a.mp4"", ""id"": 447}"
WhatsApp|Goldfinger|46702578150@s.whatsapp.net|Stockholm Stealers|46736673785-1614171884@g.us|Do I need one too?|19.03.2021 10:22:19 UTC+01:00  |Outgoing|
WhatsApp|46708275344@s.whatsapp.net|46708275344@s.whatsapp.net|Stockholm Stealers|46736673785-1614171884@g.us|We all need protection 🙏|19.03.2021 10:27:28 UTC+01:00  |Incoming|
WhatsApp|46708275344@s.whatsapp.net|46708275344@s.whatsapp.net|Stockholm Stealers|46736673785-1614171884@g.us|In this line of work, it gets dangerous if you upset the wrong people...|19.03.2021 10:27:56 UTC+01:00  |Incoming|
WhatsApp|Twilight Grey|46762725331@s.whatsapp.net|Stockholm Stealers|46736673785-1614171884@g.us|I know it can be scary|19.03.2021 10:34:07 UTC+01:00  |Incoming|
WhatsApp|46708275344@s.whatsapp.net|46708275344@s.whatsapp.net|Stockholm Stealers|46736673785-1614171884@g.us|Today we can try to sell these...|19.03.2021 14:24:55 UTC+01:00  |Incoming|"{""Path"": ""Goldfinger_Apple_iPhone_Generic/Attachments/File/0/Messages-Chat/Messages-Chat_677/55c1d64e-2627-4153-887e-8b18ffe72b4a.jpg"", ""id"": 452}"
WhatsApp|46708275344@s.whatsapp.net|46708275344@s.whatsapp.net|Stockholm Stealers|46736673785-1614171884@g.us||19.03.2021 14:24:56 UTC+01:00  |Incoming|"{""Path"": ""Goldfinger_Apple_iPhone_Generic/Attachments/File/0/Messages-Chat/Messages-Chat_679/ac871b9e-624e-4070-8786-6d095a5145a0.jpg"", ""id"": 454}"
WhatsApp|46708275344@s.whatsapp.net|46708275344@s.whatsapp.net|Stockholm Stealers|46736673785-1614171884@g.us||19.03.2021 14:24:56 UTC+01:00  |Incoming|"{""Path"": ""Goldfinger_Apple_iPhone_Generic/Attachments/File/0/Messages-Chat/Messages-Chat_678/53cc3563-bab0-4338-9502-ac298fc37374.jpg"", ""id"": 453}"
WhatsApp|Goose System|46736673785@s.whatsapp.net|Stockholm Stealers|46736673785-1614171884@g.us|Nice work Mav. What is the cut?|19.03.2021 18:03:05 UTC+01:00  |Incoming|
WhatsApp|Twilight Grey|46762725331@s.whatsapp.net|Stockholm Stealers|46736673785-1614171884@g.us|Oh nice things👌|19.03.2021 18:16:25 UTC+01:00  |Incoming|
WhatsApp|Twilight Grey|46762725331@s.whatsapp.net|Stockholm Stealers|46736673785-1614171884@g.us|I'm on the train|19.03.2021 18:16:26 UTC+01:00  |Incoming|"{""Path"": ""Goldfinger_Apple_iPhone_Generic/Attachments/File/0/Messages-Chat/Messages-Chat_682/56fde4aa-280a-412d-abd9-9c6b0d95b243.jpg"", ""id"": 457}"
WhatsApp|46708275344@s.whatsapp.net|46708275344@s.whatsapp.net|Stockholm Stealers|46736673785-1614171884@g.us|See you soon 😊|19.03.2021 18:24:57 UTC+01:00  |Incoming|
WhatsApp|46708275344@s.whatsapp.net|46708275344@s.whatsapp.net|Stockholm Stealers|46736673785-1614171884@g.us|It's pay day team $$$$$|19.03.2021 20:07:06 UTC+01:00  |Incoming|"{""Path"": ""Goldfinger_Apple_iPhone_Generic/Attachments/File/0/Messages-Chat/Messages-Chat_684/d83fc9d5-f5c5-45a6-be9b-345bcc67b358.jpg"", ""id"": 459}"
WhatsApp|46708275344@s.whatsapp.net|46708275344@s.whatsapp.net|Stockholm Stealers|46736673785-1614171884@g.us|This little bag of white powder could be worth 100,000kr if we deal with it correctly 🤔|19.03.2021 20:07:49 UTC+01:00  |Incoming|
WhatsApp|Goldfinger|46702578150@s.whatsapp.net|Stockholm Stealers|46736673785-1614171884@g.us|How did you get your hands on that!!!! 👍💰|19.03.2021 20:08:26 UTC+01:00  |Outgoing|
WhatsApp|46708275344@s.whatsapp.net|46708275344@s.whatsapp.net|Stockholm Stealers|46736673785-1614171884@g.us|Brought it from a man at the local shops... he's a bad boy|19.03.2021 20:08:59 UTC+01:00  |Incoming|
WhatsApp|Goldfinger|46702578150@s.whatsapp.net|Stockholm Stealers|46736673785-1614171884@g.us|Good job|19.03.2021 20:12:44 UTC+01:00  |Outgoing|
WhatsApp|Twilight Grey|46762725331@s.whatsapp.net|Stockholm Stealers|46736673785-1614171884@g.us|Wow nice work|19.03.2021 20:14:47 UTC+01:00  |Incoming|
WhatsApp|Goose System|46736673785@s.whatsapp.net|Stockholm Stealers|46736673785-1614171884@g.us||19.03.2021 20:16:10 UTC+01:00  |Incoming|"{""Path"": ""Goldfinger_Apple_iPhone_Generic/Attachments/File/0/Messages-Chat/Messages-Chat_690/b5e6294a-1622-4655-827c-be9069534051.mp4"", ""id"": 465}"
WhatsApp|46708275344@s.whatsapp.net|46708275344@s.whatsapp.net|Stockholm Stealers|46736673785-1614171884@g.us|Me running away or a black dog running towards you?|19.03.2021 20:19:15 UTC+01:00  |Incoming|"{""Path"": ""Goldfinger_Apple_iPhone_Generic/Attachments/File/0/Messages-Chat/Messages-Chat_691/5b9d6742-6532-4a2d-929b-de132f4075b2.jpg"", ""id"": 466}"
WhatsApp|Goose System|46736673785@s.whatsapp.net|Stockholm Stealers|46736673785-1614171884@g.us|Ok me and Mav are off out looking for trouble again 😎|20.03.2021 15:15:05 UTC+01:00  |Incoming|
WhatsApp|46708275344@s.whatsapp.net|46708275344@s.whatsapp.net|Stockholm Stealers|46736673785-1614171884@g.us|I hate this kid...|20.03.2021 16:37:49 UTC+01:00  |Incoming|"{""Path"": ""Goldfinger_Apple_iPhone_Generic/Attachments/File/0/Messages-Chat/Messages-Chat_693/f741d2df-a744-43df-8deb-5442e0940d27.jpg"", ""id"": 468}"
WhatsApp|Goldfinger|46702578150@s.whatsapp.net|Stockholm Stealers|46736673785-1614171884@g.us|He is everywhere|20.03.2021 17:20:18 UTC+01:00  |Outgoing|
WhatsApp|Goldfinger|46702578150@s.whatsapp.net|Stockholm Stealers|46736673785-1614171884@g.us|Must be Mr 007|20.03.2021 17:20:26 UTC+01:00  |Outgoing|
WhatsApp|46708275344@s.whatsapp.net|46708275344@s.whatsapp.net|Stockholm Stealers|46736673785-1614171884@g.us|🤣|20.03.2021 17:27:21 UTC+01:00  |Incoming|
WhatsApp|Goose System|46736673785@s.whatsapp.net|Stockholm Stealers|46736673785-1614171884@g.us|That kid is a graffiti menace 😡|21.03.2021 14:17:16 UTC+01:00  |Incoming|
WhatsApp|Twilight Grey|46762725331@s.whatsapp.net|Stockholm Stealers|46736673785-1614171884@g.us|Haha yes Gold Finger 😂|21.03.2021 20:02:19 UTC+01:00  |Incoming|
WhatsApp|Goose System|46736673785@s.whatsapp.net|Stockholm Stealers|46736673785-1614171884@g.us|This one always seems to be empty?|22.03.2021 08:58:12 UTC+01:00  |Incoming|"{""Path"": ""Goldfinger_Apple_iPhone_Generic/Attachments/File/0/Messages-Chat/Messages-Chat_699/5f9aa88b-fdf9-4d31-9de8-7e5c2c1a00be.jpg"", ""id"": 474}"
WhatsApp|Twilight Grey|46762725331@s.whatsapp.net|Stockholm Stealers|46736673785-1614171884@g.us|Worth a try👌|22.03.2021 12:26:14 UTC+01:00  |Incoming|
WhatsApp|46708275344@s.whatsapp.net|46708275344@s.whatsapp.net|Stockholm Stealers|46736673785-1614171884@g.us||22.03.2021 13:51:02 UTC+01:00  |Incoming|"{""Path"": ""Goldfinger_Apple_iPhone_Generic/Attachments/File/0/Messages-Chat/Messages-Chat_701/4ea33d41-4a94-4ba3-a24b-b872049fbba3.jpg"", ""id"": 476}"
WhatsApp|46708275344@s.whatsapp.net|46708275344@s.whatsapp.net|Stockholm Stealers|46736673785-1614171884@g.us||22.03.2021 13:51:02 UTC+01:00  |Incoming|"{""Path"": ""Goldfinger_Apple_iPhone_Generic/Attachments/File/0/Messages-Chat/Messages-Chat_702/1d051b9f-3414-4cb1-96d7-c4b63630ef88.jpg"", ""id"": 477}"
WhatsApp|46708275344@s.whatsapp.net|46708275344@s.whatsapp.net|Stockholm Stealers|46736673785-1614171884@g.us||22.03.2021 13:51:03 UTC+01:00  |Incoming|"{""Path"": ""Goldfinger_Apple_iPhone_Generic/Attachments/File/0/Messages-Chat/Messages-Chat_704/19cf404b-0270-450a-a700-293a4ed44e47.jpg"", ""id"": 479}"
WhatsApp|46708275344@s.whatsapp.net|46708275344@s.whatsapp.net|Stockholm Stealers|46736673785-1614171884@g.us|Zoom zoom zooom|22.03.2021 13:51:03 UTC+01:00  |Incoming|"{""Path"": ""Goldfinger_Apple_iPhone_Generic/Attachments/File/0/Messages-Chat/Messages-Chat_705/f03bb56c-a02b-4d22-a054-31d6778a6852.jpg"", ""id"": 480}"
WhatsApp|46708275344@s.whatsapp.net|46708275344@s.whatsapp.net|Stockholm Stealers|46736673785-1614171884@g.us||22.03.2021 13:51:03 UTC+01:00  |Incoming|"{""Path"": ""Goldfinger_Apple_iPhone_Generic/Attachments/File/0/Messages-Chat/Messages-Chat_703/09a98bc9-1cca-49d3-91a6-0d743a996d9d.jpg"", ""id"": 478}"
WhatsApp|46708275344@s.whatsapp.net|46708275344@s.whatsapp.net|Stockholm Stealers|46736673785-1614171884@g.us||22.03.2021 13:51:04 UTC+01:00  |Incoming|"{""Path"": ""Goldfinger_Apple_iPhone_Generic/Attachments/File/0/Messages-Chat/Messages-Chat_707/d48aaa38-a57a-4db5-8b36-ecd4a6da3a68.jpg"", ""id"": 482}"
WhatsApp|46708275344@s.whatsapp.net|46708275344@s.whatsapp.net|Stockholm Stealers|46736673785-1614171884@g.us||22.03.2021 13:51:04 UTC+01:00  |Incoming|"{""Path"": ""Goldfinger_Apple_iPhone_Generic/Attachments/File/0/Messages-Chat/Messages-Chat_706/e8f04383-83b3-48ae-92d3-97c3c818b246.jpg"", ""id"": 481}"
WhatsApp|46708275344@s.whatsapp.net|46708275344@s.whatsapp.net|Stockholm Stealers|46736673785-1614171884@g.us|Yes let's give it a once over tonight when it gets dark.|22.03.2021 13:52:56 UTC+01:00  |Incoming|
WhatsApp|46708275344@s.whatsapp.net|46708275344@s.whatsapp.net|Stockholm Stealers|46736673785-1614171884@g.us||22.03.2021 13:56:38 UTC+01:00  |Incoming|
WhatsApp|Twilight Grey|46762725331@s.whatsapp.net|Stockholm Stealers|46736673785-1614171884@g.us|Sounds like a plan|22.03.2021 14:42:14 UTC+01:00  |Incoming|
WhatsApp|Goose System|46736673785@s.whatsapp.net|Stockholm Stealers|46736673785-1614171884@g.us|Have secured essential supplies 😊|23.03.2021 09:34:53 UTC+01:00  |Incoming|"{""Path"": ""Goldfinger_Apple_iPhone_Generic/Attachments/File/0/Messages-Chat/Messages-Chat_711/336c571b-3a1f-4ff2-80e3-5c47e2028fb1.jpg"", ""id"": 486}"
WhatsApp|Twilight Grey|46762725331@s.whatsapp.net|Stockholm Stealers|46736673785-1614171884@g.us|Good job|23.03.2021 09:43:40 UTC+01:00  |Incoming|
WhatsApp|46708275344@s.whatsapp.net|46708275344@s.whatsapp.net|Stockholm Stealers|46736673785-1614171884@g.us|This one looks like a great target. Close to the woods for an easy getaway in multiple directions 😌👌|23.03.2021 18:30:32 UTC+01:00  |Incoming|"{""Path"": ""Goldfinger_Apple_iPhone_Generic/Attachments/File/0/Messages-Chat/Messages-Chat_713/8ec4e6f7-beb7-4ca5-9c03-cd26f5ca448e.jpg"", ""id"": 488}"
WhatsApp|46708275344@s.whatsapp.net|46708275344@s.whatsapp.net|Stockholm Stealers|46736673785-1614171884@g.us|OK we will hit this one again  tonight. It was an easy target last time and the gap is large enough for the insurance payout to replace the stuff we stole first time around....|23.03.2021 18:58:20 UTC+01:00  |Incoming|"{""Path"": ""Goldfinger_Apple_iPhone_Generic/Attachments/File/0/Messages-Chat/Messages-Chat_714/6c9acd17-4177-47f9-abf8-a172c510f2c5.mp4"", ""id"": 489}"
WhatsApp|Goose System|46736673785@s.whatsapp.net|Stockholm Stealers|46736673785-1614171884@g.us|Give me 5 mins to grab tools|23.03.2021 19:01:16 UTC+01:00  |Incoming|
WhatsApp|46708275344@s.whatsapp.net|46708275344@s.whatsapp.net|Stockholm Stealers|46736673785-1614171884@g.us|Hurry up slow coach...|23.03.2021 19:08:50 UTC+01:00  |Incoming|
WhatsApp|46708275344@s.whatsapp.net|46708275344@s.whatsapp.net|Stockholm Stealers|46736673785-1614171884@g.us|It's a win tonight 🙌|23.03.2021 20:32:16 UTC+01:00  |Incoming|"{""Path"": ""Goldfinger_Apple_iPhone_Generic/Attachments/File/0/Messages-Chat/Messages-Chat_717/e9c89834-f32d-4770-905a-c29b929cdf92.jpg"", ""id"": 492}"
WhatsApp|Goose System|46736673785@s.whatsapp.net|Stockholm Stealers|46736673785-1614171884@g.us|We are so damn good 🥺|23.03.2021 20:36:19 UTC+01:00  |Incoming|
WhatsApp|Twilight Grey|46762725331@s.whatsapp.net|Stockholm Stealers|46736673785-1614171884@g.us|Very good|23.03.2021 21:10:54 UTC+01:00  |Incoming|
WhatsApp|Goose System|46736673785@s.whatsapp.net|Stockholm Stealers|46736673785-1614171884@g.us|Thanks|23.03.2021 21:29:04 UTC+01:00  |Incoming|"{""Path"": ""Goldfinger_Apple_iPhone_Generic/Attachments/File/0/Messages-Chat/Messages-Chat_720/5ba6558c-6870-4213-af03-cd0a7b26b25a.mp4"", ""id"": 495}"
WhatsApp|46708275344@s.whatsapp.net|46708275344@s.whatsapp.net|Stockholm Stealers|46736673785-1614171884@g.us|Last night was a good hit|24.03.2021 08:32:23 UTC+01:00  |Incoming|"{""Path"": ""Goldfinger_Apple_iPhone_Generic/Attachments/File/0/Messages-Chat/Messages-Chat_721/c944883b-cd22-4bdf-932e-1c9d514deee9.jpg"", ""id"": 496}"
WhatsApp|46708275344@s.whatsapp.net|46708275344@s.whatsapp.net|Stockholm Stealers|46736673785-1614171884@g.us||24.03.2021 08:32:23 UTC+01:00  |Incoming|"{""Path"": ""Goldfinger_Apple_iPhone_Generic/Attachments/File/0/Messages-Chat/Messages-Chat_722/8aa3c17b-f972-4ba1-a2ed-e42db7d456c9.jpg"", ""id"": 497}"
WhatsApp|Goose System|46736673785@s.whatsapp.net|Stockholm Stealers|46736673785-1614171884@g.us|Sweet and what's the cut for everyone???|24.03.2021 08:33:11 UTC+01:00  |Incoming|
WhatsApp|46708275344@s.whatsapp.net|46708275344@s.whatsapp.net|Stockholm Stealers|46736673785-1614171884@g.us|I would say about 4000kr each. Good split. Do the exchange tonight 🤔|24.03.2021 09:03:14 UTC+01:00  |Incoming|
WhatsApp|Twilight Grey|46762725331@s.whatsapp.net|Stockholm Stealers|46736673785-1614171884@g.us|But you didn't get to enjoy this beautiful day in the sun, by the water|24.03.2021 09:15:03 UTC+01:00  |Incoming|"{""Path"": ""Goldfinger_Apple_iPhone_Generic/Attachments/File/0/Messages-Chat/Messages-Chat_725/d17b4df2-26c0-4e89-b0da-804d03e34a47.jpg"", ""id"": 500}"
WhatsApp|Twilight Grey|46762725331@s.whatsapp.net|Stockholm Stealers|46736673785-1614171884@g.us|Wop wop🙌🙌|24.03.2021 09:36:36 UTC+01:00  |Incoming|
WhatsApp|46708275344@s.whatsapp.net|46708275344@s.whatsapp.net|Stockholm Stealers|46736673785-1614171884@g.us|😁🤪😛|24.03.2021 15:21:12 UTC+01:00  |Incoming|
WhatsApp|Goose System|46736673785@s.whatsapp.net|Stockholm Stealers|46736673785-1614171884@g.us||24.03.2021 15:28:15 UTC+01:00  |Incoming|"{""Path"": ""Goldfinger_Apple_iPhone_Generic/Attachments/File/0/Messages-Chat/Messages-Chat_728/7a5c4dc7-61d1-465d-b0d5-f6839d5da9c1.mp4"", ""id"": 503}"
WhatsApp|46708275344@s.whatsapp.net|46708275344@s.whatsapp.net|Stockholm Stealers|46736673785-1614171884@g.us|I am off out to see a man about a dog....|24.03.2021 18:08:17 UTC+01:00  |Incoming|
WhatsApp|46708275344@s.whatsapp.net|46708275344@s.whatsapp.net|Stockholm Stealers|46736673785-1614171884@g.us|Which is code for sell some drugs 🤔|24.03.2021 18:08:27 UTC+01:00  |Incoming|
WhatsApp|46708275344@s.whatsapp.net|46708275344@s.whatsapp.net|Stockholm Stealers|46736673785-1614171884@g.us|Goose hard at work tonight. Anyone seen him???|24.03.2021 18:37:24 UTC+01:00  |Incoming|"{""Path"": ""Goldfinger_Apple_iPhone_Generic/Attachments/File/0/Messages-Chat/Messages-Chat_731/f14a8cf8-c41f-4dd9-bce9-9751c3db44cc.jpg"", ""id"": 506}"
WhatsApp|46708275344@s.whatsapp.net|46708275344@s.whatsapp.net|Stockholm Stealers|46736673785-1614171884@g.us|Damn! I need a truck this bag to carry all the money we just made !!!!|24.03.2021 18:48:26 UTC+01:00  |Incoming|"{""Path"": ""Goldfinger_Apple_iPhone_Generic/Attachments/File/0/Messages-Chat/Messages-Chat_732/b6f493e2-0c7f-4726-95d2-60b4f664b711.jpg"", ""id"": 507}"
WhatsApp|46708275344@s.whatsapp.net|46708275344@s.whatsapp.net|Stockholm Stealers|46736673785-1614171884@g.us||24.03.2021 18:56:02 UTC+01:00  |Incoming|"{""Path"": ""Goldfinger_Apple_iPhone_Generic/Attachments/File/0/Messages-Chat/Messages-Chat_733/c411c686-8d1d-4d8b-94dd-258dfdd0d655.jpg"", ""id"": 508}"
WhatsApp|Twilight Grey|46762725331@s.whatsapp.net|Stockholm Stealers|46736673785-1614171884@g.us|💰💰|24.03.2021 18:57:02 UTC+01:00  |Incoming|
WhatsApp|Goose System|46736673785@s.whatsapp.net|Stockholm Stealers|46736673785-1614171884@g.us|Oh wow awesome 😊😎|25.03.2021 08:34:15 UTC+01:00  |Incoming|
WhatsApp|46708275344@s.whatsapp.net|46708275344@s.whatsapp.net|Stockholm Stealers|46736673785-1614171884@g.us|You don't get an equal split Goose!!!|25.03.2021 08:38:18 UTC+01:00  |Incoming|
WhatsApp|Goose System|46736673785@s.whatsapp.net|Stockholm Stealers|46736673785-1614171884@g.us|WTF??? It was an honest mistake dude. Come on we are supposed to be a team?|25.03.2021 08:38:55 UTC+01:00  |Incoming|
WhatsApp|46708275344@s.whatsapp.net|46708275344@s.whatsapp.net|Stockholm Stealers|46736673785-1614171884@g.us|Nope. U were not there for me when the deal went down. I had to ask Gold Finger to cover for me|25.03.2021 08:40:59 UTC+01:00  |Incoming|
WhatsApp|46708275344@s.whatsapp.net|46708275344@s.whatsapp.net|Stockholm Stealers|46736673785-1614171884@g.us|Time to celebrate gang,. MR BIG is paid off finally 🙌|25.03.2021 19:11:47 UTC+01:00  |Incoming|"{""Path"": ""Goldfinger_Apple_iPhone_Generic/Attachments/File/0/Messages-Chat/Messages-Chat_739/84622d19-e413-4f9b-989c-cfdcc7686282.jpg"", ""id"": 514}"
WhatsApp|Goose System|46736673785@s.whatsapp.net|Stockholm Stealers|46736673785-1614171884@g.us||25.03.2021 19:14:27 UTC+01:00  |Incoming|"{""Path"": ""Goldfinger_Apple_iPhone_Generic/Attachments/File/0/Messages-Chat/Messages-Chat_740/300766bf-d057-453d-af50-ae86995e524c.mp4"", ""id"": 515}"
WhatsApp|Goose System|46736673785@s.whatsapp.net|Stockholm Stealers|46736673785-1614171884@g.us|Woohoo 🎉🙌|25.03.2021 19:14:38 UTC+01:00  |Incoming|
WhatsApp|46708275344@s.whatsapp.net|46708275344@s.whatsapp.net|Stockholm Stealers|46736673785-1614171884@g.us|Hey everyone it's party time tonight to celebrate 🍾 our new freedom. Let's get wrecked 🙂|25.03.2021 19:38:28 UTC+01:00  |Incoming|
WhatsApp|Goose System|46736673785@s.whatsapp.net|Stockholm Stealers|46736673785-1614171884@g.us||25.03.2021 19:41:12 UTC+01:00  |Incoming|"{""Path"": ""Goldfinger_Apple_iPhone_Generic/Attachments/File/0/Messages-Chat/Messages-Chat_743/426b2032-cf78-42d9-8883-f51a8aa717b9.png"", ""id"": 518}"
WhatsApp|Goldfinger|46702578150@s.whatsapp.net|Stockholm Stealers|46736673785-1614171884@g.us||26.03.2021 13:21:40 UTC+01:00  |Outgoing|"{""Path"": ""Goldfinger_Apple_iPhone_Generic/Attachments/File/0/Messages-Chat/Messages-Chat_744/f34e2852-56ce-46ca-8fb8-78cb773c611c.mp4"", ""id"": 519}"
WhatsApp|Goldfinger|46702578150@s.whatsapp.net|Stockholm Stealers|46736673785-1614171884@g.us|I’ll be there|26.03.2021 13:21:47 UTC+01:00  |Outgoing|
WhatsApp|Goldfinger|46702578150@s.whatsapp.net|Stockholm Stealers|46736673785-1614171884@g.us|Starting early|26.03.2021 13:22:03 UTC+01:00  |Outgoing|"{""Path"": ""Goldfinger_Apple_iPhone_Generic/Attachments/File/0/Messages-Chat/Messages-Chat_746/6baa22dc-f346-4b48-a81b-a392d241b65a.jpg"", ""id"": 521}"
WhatsApp|Goldfinger|46702578150@s.whatsapp.net|Stockholm Stealers|46736673785-1614171884@g.us||26.03.2021 13:22:16 UTC+01:00  |Outgoing|
WhatsApp|Goose System|46736673785@s.whatsapp.net|Stockholm Stealers|46736673785-1614171884@g.us|Nice get us a pint while you are there?|26.03.2021 14:43:28 UTC+01:00  |Incoming|
WhatsApp|Goldfinger|46702578150@s.whatsapp.net|Stockholm Stealers|46736673785-1614171884@g.us|Got two and a gin and tonic|26.03.2021 16:42:15 UTC+01:00  |Outgoing|
WhatsApp|Goldfinger|46702578150@s.whatsapp.net|Stockholm Stealers|46736673785-1614171884@g.us|.....not|26.03.2021 16:42:21 UTC+01:00  |Outgoing|
WhatsApp|Twilight Grey|46762725331@s.whatsapp.net|Stockholm Stealers|46736673785-1614171884@g.us|Wohooo|26.03.2021 17:20:53 UTC+01:00  |Incoming|
WhatsApp|Twilight Grey|46762725331@s.whatsapp.net|Stockholm Stealers|46736673785-1614171884@g.us|Ice cream 😍|26.03.2021 17:20:54 UTC+01:00  |Incoming|
WhatsApp|Twilight Grey|46762725331@s.whatsapp.net|Stockholm Stealers|46736673785-1614171884@g.us||26.03.2021 17:20:54 UTC+01:00  |Incoming|"{""Path"": ""Goldfinger_Apple_iPhone_Generic/Attachments/File/0/Messages-Chat/Messages-Chat_753/195f77d6-3b89-4e32-bf0e-42f8187f8b59.jpg"", ""id"": 528}"
WhatsApp|Twilight Grey|46762725331@s.whatsapp.net|Stockholm Stealers|46736673785-1614171884@g.us|Haha|26.03.2021 17:27:39 UTC+01:00  |Incoming|
WhatsApp|Twilight Grey|46762725331@s.whatsapp.net|Stockholm Stealers|46736673785-1614171884@g.us||26.03.2021 17:44:19 UTC+01:00  |Incoming|"{""Path"": ""Goldfinger_Apple_iPhone_Generic/Attachments/File/0/Messages-Chat/Messages-Chat_755/e39f8157-86f5-4030-b917-177a82898d89.mp4"", ""id"": 530}"
WhatsApp|Goose System|46736673785@s.whatsapp.net|Stockholm Stealers|46736673785-1614171884@g.us|Ok heading out with Mav on another round of robbing the neighborhood 😊|26.03.2021 18:06:50 UTC+01:00  |Incoming|
WhatsApp|Goose System|46736673785@s.whatsapp.net|Stockholm Stealers|46736673785-1614171884@g.us|I am really trying to hinder all my farts but these signs are very personal???|26.03.2021 18:11:07 UTC+01:00  |Incoming|"{""Path"": ""Goldfinger_Apple_iPhone_Generic/Attachments/File/0/Messages-Chat/Messages-Chat_757/381de063-17fc-4b80-b96d-85aec19688f1.jpg"", ""id"": 532}"
WhatsApp|Goldfinger|46702578150@s.whatsapp.net|Stockholm Stealers|46736673785-1614171884@g.us|Oh sorry about that..Swedes love clarity|26.03.2021 18:21:35 UTC+01:00  |Outgoing|
WhatsApp|46708275344@s.whatsapp.net|46708275344@s.whatsapp.net|Stockholm Stealers|46736673785-1614171884@g.us||26.03.2021 18:36:51 UTC+01:00  |Incoming|
WhatsApp|46708275344@s.whatsapp.net|46708275344@s.whatsapp.net|Stockholm Stealers|46736673785-1614171884@g.us|🤣|26.03.2021 18:37:56 UTC+01:00  |Incoming|
WhatsApp|46708275344@s.whatsapp.net|46708275344@s.whatsapp.net|Stockholm Stealers|46736673785-1614171884@g.us|This one is always empty|26.03.2021 18:48:56 UTC+01:00  |Incoming|"{""Path"": ""Goldfinger_Apple_iPhone_Generic/Attachments/File/0/Messages-Chat/Messages-Chat_761/cbbb1dc3-c5ed-4cb1-9ebf-0cbb3df4dcba.jpg"", ""id"": 536}"
WhatsApp|Goose System|46736673785@s.whatsapp.net|Stockholm Stealers|46736673785-1614171884@g.us|Ok let's hit at the weekend|26.03.2021 18:53:27 UTC+01:00  |Incoming|
WhatsApp|46708275344@s.whatsapp.net|46708275344@s.whatsapp.net|Stockholm Stealers|46736673785-1614171884@g.us|Cool|26.03.2021 18:54:58 UTC+01:00  |Incoming|
WhatsApp|46708275344@s.whatsapp.net|46708275344@s.whatsapp.net|Stockholm Stealers|46736673785-1614171884@g.us|Might be being followed????|26.03.2021 19:08:23 UTC+01:00  |Incoming|"{""Path"": ""Goldfinger_Apple_iPhone_Generic/Attachments/File/0/Messages-Chat/Messages-Chat_764/8f1fdc57-e4a1-4e50-a5b4-9769899b6b23.jpg"", ""id"": 539}"
WhatsApp|Twilight Grey|46762725331@s.whatsapp.net|Stockholm Stealers|46736673785-1614171884@g.us|Oh no run|27.03.2021 07:39:17 UTC+01:00  |Incoming|
WhatsApp|Goldfinger|46702578150@s.whatsapp.net|Stockholm Stealers|46736673785-1614171884@g.us|Hope u r safe|27.03.2021 09:29:44 UTC+01:00  |Outgoing|
WhatsApp|Goldfinger|46702578150@s.whatsapp.net|Stockholm Stealers|46736673785-1614171884@g.us|I’m in Nacka again today|27.03.2021 09:29:54 UTC+01:00  |Outgoing|
WhatsApp|Goldfinger|46702578150@s.whatsapp.net|Stockholm Stealers|46736673785-1614171884@g.us|Not the cops...|27.03.2021 09:32:07 UTC+01:00  |Outgoing|"{""Path"": ""Goldfinger_Apple_iPhone_Generic/Attachments/File/0/Messages-Chat/Messages-Chat_768/70aff27d-d95f-4c39-a35f-c9ecdd9bd96a.jpg"", ""id"": 543}"
WhatsApp|Goldfinger|46702578150@s.whatsapp.net|Stockholm Stealers|46736673785-1614171884@g.us||27.03.2021 09:32:28 UTC+01:00  |Outgoing|
WhatsApp|46708275344@s.whatsapp.net|46708275344@s.whatsapp.net|Stockholm Stealers|46736673785-1614171884@g.us|Loving ❤ the big red engine|27.03.2021 14:34:52 UTC+01:00  |Incoming|
WhatsApp|46708275344@s.whatsapp.net|46708275344@s.whatsapp.net|Stockholm Stealers|46736673785-1614171884@g.us||27.03.2021 14:38:09 UTC+01:00  |Incoming|
WhatsApp|46708275344@s.whatsapp.net|46708275344@s.whatsapp.net|Stockholm Stealers|46736673785-1614171884@g.us||27.03.2021 14:38:24 UTC+01:00  |Incoming|"{""Path"": ""Goldfinger_Apple_iPhone_Generic/Attachments/File/0/Messages-Chat/Messages-Chat_772/854022ac-95d9-4519-a76a-a6495bb058ea.jpg"", ""id"": 547}"
WhatsApp|46708275344@s.whatsapp.net|46708275344@s.whatsapp.net|Stockholm Stealers|46736673785-1614171884@g.us||27.03.2021 14:38:48 UTC+01:00  |Incoming|"{""Path"": ""Goldfinger_Apple_iPhone_Generic/Attachments/File/0/Messages-Chat/Messages-Chat_773/605339c4-7557-4212-9459-1601f9204bd5.jpg"", ""id"": 548}"
WhatsApp|Goldfinger|46702578150@s.whatsapp.net|Stockholm Stealers|46736673785-1614171884@g.us||27.03.2021 14:39:14 UTC+01:00  |Outgoing|"{""Path"": ""Goldfinger_Apple_iPhone_Generic/Attachments/File/0/Messages-Chat/Messages-Chat_774/9a3a3fa4-d091-4874-a688-6675d6719583.jpg"", ""id"": 549}"
WhatsApp|Goldfinger|46702578150@s.whatsapp.net|Stockholm Stealers|46736673785-1614171884@g.us||27.03.2021 14:39:33 UTC+01:00  |Outgoing|
WhatsApp|46708275344@s.whatsapp.net|46708275344@s.whatsapp.net|Stockholm Stealers|46736673785-1614171884@g.us|Good work Goldy|27.03.2021 14:39:47 UTC+01:00  |Incoming|
WhatsApp|Goldfinger|46702578150@s.whatsapp.net|Stockholm Stealers|46736673785-1614171884@g.us|Thanks got some bling too|27.03.2021 14:40:03 UTC+01:00  |Outgoing|
WhatsApp|Goldfinger|46702578150@s.whatsapp.net|Stockholm Stealers|46736673785-1614171884@g.us|Bottom floor..,|27.03.2021 14:40:40 UTC+01:00  |Outgoing|"{""Path"": ""Goldfinger_Apple_iPhone_Generic/Attachments/File/0/Messages-Chat/Messages-Chat_778/d569b33a-48ee-4caf-93fc-5e1133c69b72.jpg"", ""id"": 553}"
WhatsApp|46708275344@s.whatsapp.net|46708275344@s.whatsapp.net|Stockholm Stealers|46736673785-1614171884@g.us|Damn. You are on form today girlfriend|27.03.2021 15:21:26 UTC+01:00  |Incoming|
WhatsApp|46708275344@s.whatsapp.net|46708275344@s.whatsapp.net|Stockholm Stealers|46736673785-1614171884@g.us|Oh yes.... we hit the jackpot tonight team 🤪|27.03.2021 19:56:22 UTC+01:00  |Incoming|
WhatsApp|46708275344@s.whatsapp.net|46708275344@s.whatsapp.net|Stockholm Stealers|46736673785-1614171884@g.us||27.03.2021 19:56:27 UTC+01:00  |Incoming|"{""Path"": ""Goldfinger_Apple_iPhone_Generic/Attachments/File/0/Messages-Chat/Messages-Chat_781/ca71032b-1ce8-4db7-9fa5-dda6be55cd63.jpg"", ""id"": 556}"
WhatsApp|46708275344@s.whatsapp.net|46708275344@s.whatsapp.net|Stockholm Stealers|46736673785-1614171884@g.us|They had gold blocks in the house! Unreal....|27.03.2021 19:56:44 UTC+01:00  |Incoming|
WhatsApp|46708275344@s.whatsapp.net|46708275344@s.whatsapp.net|Stockholm Stealers|46736673785-1614171884@g.us|Time to party...|27.03.2021 19:58:12 UTC+01:00  |Incoming|
WhatsApp|46708275344@s.whatsapp.net|46708275344@s.whatsapp.net|Stockholm Stealers|46736673785-1614171884@g.us||27.03.2021 19:58:21 UTC+01:00  |Incoming|"{""Path"": ""Goldfinger_Apple_iPhone_Generic/Attachments/File/0/Messages-Chat/Messages-Chat_784/370c7df5-c5f0-49db-ab66-a574af174aac.jpg"", ""id"": 559}"
WhatsApp|Goose System|46736673785@s.whatsapp.net|Stockholm Stealers|46736673785-1614171884@g.us|Wooohooooo 🎉🙌😁|27.03.2021 19:58:44 UTC+01:00  |Incoming|
WhatsApp|46708275344@s.whatsapp.net|46708275344@s.whatsapp.net|Stockholm Stealers|46736673785-1614171884@g.us|🤣|27.03.2021 23:22:15 UTC+01:00  |Incoming|
WhatsApp|46708275344@s.whatsapp.net|46708275344@s.whatsapp.net|Stockholm Stealers|46736673785-1614171884@g.us||27.03.2021 23:22:22 UTC+01:00  |Incoming|"{""Path"": ""Goldfinger_Apple_iPhone_Generic/Attachments/File/0/Messages-Chat/Messages-Chat_787/8cb154f5-d0ac-46f6-9c5f-8f7944f3b442.mp4"", ""id"": 562}"
WhatsApp|46708275344@s.whatsapp.net|46708275344@s.whatsapp.net|Stockholm Stealers|46736673785-1614171884@g.us|Who wants some chocolate 🍫 ????|28.03.2021 11:25:02 UTC+02:00  |Incoming|
WhatsApp|Goose System|46736673785@s.whatsapp.net|Stockholm Stealers|46736673785-1614171884@g.us|Disappointed.|28.03.2021 11:47:12 UTC+02:00  |Incoming|
WhatsApp|Goose System|46736673785@s.whatsapp.net|Stockholm Stealers|46736673785-1614171884@g.us|Shelves were empty. Total waste of time. Sorry|28.03.2021 11:47:30 UTC+02:00  |Incoming|
WhatsApp|46708275344@s.whatsapp.net|46708275344@s.whatsapp.net|Stockholm Stealers|46736673785-1614171884@g.us||28.03.2021 11:51:29 UTC+02:00  |Incoming|"{""Path"": ""Goldfinger_Apple_iPhone_Generic/Attachments/File/0/Messages-Chat/Messages-Chat_791/ba160349-f3d1-4c50-ab8f-901088b9ef57.mp4"", ""id"": 566}"
WhatsApp|Goose System|46736673785@s.whatsapp.net|Stockholm Stealers|46736673785-1614171884@g.us|😄|28.03.2021 11:53:59 UTC+02:00  |Incoming|
WhatsApp|46708275344@s.whatsapp.net|46708275344@s.whatsapp.net|Stockholm Stealers|46736673785-1614171884@g.us|When to tell that you might have overdone the thieving...|28.03.2021 12:33:12 UTC+02:00  |Incoming|"{""Path"": ""Goldfinger_Apple_iPhone_Generic/Attachments/File/0/Messages-Chat/Messages-Chat_793/91031b99-24d6-4ba2-8933-88579701b631.jpg"", ""id"": 568}"
WhatsApp|Goose System|46736673785@s.whatsapp.net|Stockholm Stealers|46736673785-1614171884@g.us|😄👍|28.03.2021 12:38:58 UTC+02:00  |Incoming|
WhatsApp|46708275344@s.whatsapp.net|46708275344@s.whatsapp.net|Stockholm Stealers|46736673785-1614171884@g.us|Weather is shitty today. Staying in and watching a movie instead fir a change...|28.03.2021 15:41:38 UTC+02:00  |Incoming|"{""Path"": ""Goldfinger_Apple_iPhone_Generic/Attachments/File/0/Messages-Chat/Messages-Chat_795/8c3ad4e6-d99f-477b-afe0-87f566fd933e.jpg"", ""id"": 570}"
WhatsApp|Twilight Grey|46762725331@s.whatsapp.net|Stockholm Stealers|46736673785-1614171884@g.us|But today is a new day with better weather. I'll go to the café and make some good deals|29.03.2021 08:33:27 UTC+02:00  |Incoming|
WhatsApp|46708275344@s.whatsapp.net|46708275344@s.whatsapp.net|Stockholm Stealers|46736673785-1614171884@g.us|Awesome work thanks Twilight. Tell them we can steal to order if they need anything special....?|29.03.2021 08:35:50 UTC+02:00  |Incoming|
WhatsApp|Twilight Grey|46762725331@s.whatsapp.net|Stockholm Stealers|46736673785-1614171884@g.us|Okey|29.03.2021 08:36:09 UTC+02:00  |Incoming|
WhatsApp|Goldfinger|46702578150@s.whatsapp.net|Stockholm Stealers|46736673785-1614171884@g.us|Don’t think Seven has made it his turf yet|29.03.2021 17:56:40 UTC+02:00  |Outgoing|"{""Path"": ""Goldfinger_Apple_iPhone_Generic/Attachments/File/0/Messages-Chat/Messages-Chat_799/12aa5f3b-943e-4e98-9a94-843e2bfe5961.jpg"", ""id"": 574}"
WhatsApp|Goose System|46736673785@s.whatsapp.net|Stockholm Stealers|46736673785-1614171884@g.us|Big house. Little house 😌|29.03.2021 18:15:15 UTC+02:00  |Incoming|"{""Path"": ""Goldfinger_Apple_iPhone_Generic/Attachments/File/0/Messages-Chat/Messages-Chat_800/a7a155c1-1b33-4cf9-a96c-54eb493e4796.jpg"", ""id"": 575}"
WhatsApp|Goose System|46736673785@s.whatsapp.net|Stockholm Stealers|46736673785-1614171884@g.us||29.03.2021 18:15:50 UTC+02:00  |Incoming|
WhatsApp|46708275344@s.whatsapp.net|46708275344@s.whatsapp.net|Stockholm Stealers|46736673785-1614171884@g.us|Decided to buy myself a new car with all my evil gains 💪|29.03.2021 18:32:32 UTC+02:00  |Incoming|"{""Path"": ""Goldfinger_Apple_iPhone_Generic/Attachments/File/0/Messages-Chat/Messages-Chat_802/92cefb0e-ee4f-47e9-bb88-166873e5b730.jpg"", ""id"": 577}"
WhatsApp|Goose System|46736673785@s.whatsapp.net|Stockholm Stealers|46736673785-1614171884@g.us||29.03.2021 18:38:29 UTC+02:00  |Incoming|"{""Path"": ""Goldfinger_Apple_iPhone_Generic/Attachments/File/0/Messages-Chat/Messages-Chat_803/60850947-e7ce-454f-9a02-af533b5e1b45.mp4"", ""id"": 578}"
WhatsApp|46708275344@s.whatsapp.net|46708275344@s.whatsapp.net|Stockholm Stealers|46736673785-1614171884@g.us|This whole place is upmarket. So dear...|29.03.2021 18:44:33 UTC+02:00  |Incoming|"{""Path"": ""Goldfinger_Apple_iPhone_Generic/Attachments/File/0/Messages-Chat/Messages-Chat_804/69878321-3042-4731-a42d-6b9adccea982.jpg"", ""id"": 579}"
WhatsApp|Goose System|46736673785@s.whatsapp.net|Stockholm Stealers|46736673785-1614171884@g.us|Oh my god. Dad jokes so bad. Please stop.|29.03.2021 18:46:18 UTC+02:00  |Incoming|
WhatsApp|Twilight Grey|46762725331@s.whatsapp.net|Stockholm Stealers|46736673785-1614171884@g.us|Btw I'm on my way, and I have some money for us all😎|29.03.2021 18:47:12 UTC+02:00  |Incoming|
WhatsApp|Goldfinger|46702578150@s.whatsapp.net|Stockholm Stealers|46736673785-1614171884@g.us|Good job Twilight|29.03.2021 18:47:57 UTC+02:00  |Outgoing|
WhatsApp|46708275344@s.whatsapp.net|46708275344@s.whatsapp.net|Stockholm Stealers|46736673785-1614171884@g.us|Awesome work Twilight 💪|29.03.2021 18:51:02 UTC+02:00  |Incoming|
WhatsApp|Goose System|46736673785@s.whatsapp.net|Stockholm Stealers|46736673785-1614171884@g.us|I've always liked you Twilight. Heading back for my cash 🙂|29.03.2021 18:59:01 UTC+02:00  |Incoming|
WhatsApp|46708275344@s.whatsapp.net|46708275344@s.whatsapp.net|Stockholm Stealers|46736673785-1614171884@g.us||29.03.2021 19:06:24 UTC+02:00  |Incoming|"{""Path"": ""Goldfinger_Apple_iPhone_Generic/Attachments/File/0/Messages-Chat/Messages-Chat_810/0070e01f-3fca-4a07-8130-d20afbd0b441.jpg"", ""id"": 585}"
WhatsApp|46708275344@s.whatsapp.net|46708275344@s.whatsapp.net|Stockholm Stealers|46736673785-1614171884@g.us||29.03.2021 19:06:33 UTC+02:00  |Incoming|
WhatsApp|46708275344@s.whatsapp.net|46708275344@s.whatsapp.net|Stockholm Stealers|46736673785-1614171884@g.us|This place is perfect.  Backs.onto the woods for an easy escape.. nothing overlooked|29.03.2021 19:07:01 UTC+02:00  |Incoming|
WhatsApp|Goose System|46736673785@s.whatsapp.net|Stockholm Stealers|46736673785-1614171884@g.us|Ok cool. Last one for the evening. My stash bag is already full 😌|29.03.2021 19:12:04 UTC+02:00  |Incoming|
WhatsApp|46708275344@s.whatsapp.net|46708275344@s.whatsapp.net|Stockholm Stealers|46736673785-1614171884@g.us|I'm the daddy|29.03.2021 19:17:49 UTC+02:00  |Incoming|"{""Path"": ""Goldfinger_Apple_iPhone_Generic/Attachments/File/0/Messages-Chat/Messages-Chat_814/496d0e02-6eea-4f7a-a2e2-90e5fc1dfdc8.jpg"", ""id"": 589}"
WhatsApp|Goose System|46736673785@s.whatsapp.net|Stockholm Stealers|46736673785-1614171884@g.us|Sent from Viber https://www.viber.com/invite/7aa60cc90bb97bd70c51ea8920b8c3372e27a6251bccfd43deba75570636456a|29.03.2021 20:24:26 UTC+02:00  |Incoming|"{""Path"": ""Goldfinger_Apple_iPhone_Generic/Attachments/File/0/Messages-Chat/Messages-Chat_815/54f7428b-8bed-40a5-b7c5-738d898aa07f.jpg"", ""id"": 590}"
WhatsApp|Goose System|46736673785@s.whatsapp.net|Stockholm Stealers|46736673785-1614171884@g.us|Nah this is the Papi 😊|29.03.2021 20:24:38 UTC+02:00  |Incoming|
WhatsApp|Twilight Grey|46762725331@s.whatsapp.net|Stockholm Stealers|46736673785-1614171884@g.us|I want that car thank you😍😍|30.03.2021 11:55:23 UTC+02:00  |Incoming|
WhatsApp|Goose System|46736673785@s.whatsapp.net|Stockholm Stealers|46736673785-1614171884@g.us|Ok I will see what I can do 👍|30.03.2021 15:49:14 UTC+02:00  |Incoming|
WhatsApp|46708275344@s.whatsapp.net|46708275344@s.whatsapp.net|Stockholm Stealers|46736673785-1614171884@g.us|OK gang. Going to make second drop with Bad Boy for the coke. Have my back I will go there with the package. Goose cover my back dude...|30.03.2021 17:37:30 UTC+02:00  |Incoming|
WhatsApp|Goose System|46736673785@s.whatsapp.net|Stockholm Stealers|46736673785-1614171884@g.us|Aw shit u r early??|30.03.2021 17:38:11 UTC+02:00  |Incoming|
WhatsApp|46708275344@s.whatsapp.net|46708275344@s.whatsapp.net|Stockholm Stealers|46736673785-1614171884@g.us|A little. Good to check the area beforehand.  Come when u can.|30.03.2021 17:38:46 UTC+02:00  |Incoming|
WhatsApp|Goose System|46736673785@s.whatsapp.net|Stockholm Stealers|46736673785-1614171884@g.us|Yes yes will stop what I am doing then!!!!|30.03.2021 17:39:04 UTC+02:00  |Incoming|
WhatsApp|46708275344@s.whatsapp.net|46708275344@s.whatsapp.net|Stockholm Stealers|46736673785-1614171884@g.us|Track me for safety... I am carrying the merchandise.|30.03.2021 17:43:54 UTC+02:00  |Incoming|
WhatsApp|46708275344@s.whatsapp.net|46708275344@s.whatsapp.net|Stockholm Stealers|46736673785-1614171884@g.us||30.03.2021 17:44:21 UTC+02:00  |Incoming|
WhatsApp|Goose System|46736673785@s.whatsapp.net|Stockholm Stealers|46736673785-1614171884@g.us|Yes boss ing from a safe distance behind you|30.03.2021 17:48:48 UTC+02:00  |Incoming|
WhatsApp|Goose System|46736673785@s.whatsapp.net|Stockholm Stealers|46736673785-1614171884@g.us|Tracking|30.03.2021 17:49:00 UTC+02:00  |Incoming|
WhatsApp|Goose System|46736673785@s.whatsapp.net|Stockholm Stealers|46736673785-1614171884@g.us|So annoyed 😠|30.03.2021 17:58:04 UTC+02:00  |Incoming|"{""Path"": ""Goldfinger_Apple_iPhone_Generic/Attachments/File/0/Messages-Chat/Messages-Chat_827/9831a143-17f3-4f2f-b802-4161d048eb33.jpg"", ""id"": 602}"
WhatsApp|46708275344@s.whatsapp.net|46708275344@s.whatsapp.net|Stockholm Stealers|46736673785-1614171884@g.us|That kid tags everything in the area, yet we never see him and nobody knows who he is. Very suspicious...|30.03.2021 18:02:15 UTC+02:00  |Incoming|
WhatsApp|46708275344@s.whatsapp.net|46708275344@s.whatsapp.net|Stockholm Stealers|46736673785-1614171884@g.us||30.03.2021 18:03:26 UTC+02:00  |Incoming|"{""Path"": ""Goldfinger_Apple_iPhone_Generic/Attachments/File/0/Messages-Chat/Messages-Chat_829/f846be3d-deb6-431c-bdf4-b715404a47df.jpg"", ""id"": 604}"
WhatsApp|Goose System|46736673785@s.whatsapp.net|Stockholm Stealers|46736673785-1614171884@g.us|Yes bloody everything|30.03.2021 18:05:30 UTC+02:00  |Incoming|"{""Path"": ""Goldfinger_Apple_iPhone_Generic/Attachments/File/0/Messages-Chat/Messages-Chat_830/62a72a51-c31c-4317-813e-c61935785e9d.jpg"", ""id"": 605}"
WhatsApp|Goose System|46736673785@s.whatsapp.net|Stockholm Stealers|46736673785-1614171884@g.us|Aaagggghhhh|30.03.2021 18:15:54 UTC+02:00  |Incoming|"{""Path"": ""Goldfinger_Apple_iPhone_Generic/Attachments/File/0/Messages-Chat/Messages-Chat_831/05648636-1ae6-4711-ad52-e73f361885ab.jpg"", ""id"": 606}"
WhatsApp|46708275344@s.whatsapp.net|46708275344@s.whatsapp.net|Stockholm Stealers|46736673785-1614171884@g.us|Hey all we good....|30.03.2021 18:32:23 UTC+02:00  |Incoming|
WhatsApp|46708275344@s.whatsapp.net|46708275344@s.whatsapp.net|Stockholm Stealers|46736673785-1614171884@g.us|Deal done. No issues|30.03.2021 18:32:31 UTC+02:00  |Incoming|
WhatsApp|46708275344@s.whatsapp.net|46708275344@s.whatsapp.net|Stockholm Stealers|46736673785-1614171884@g.us|Got the cash 💸🤪|30.03.2021 18:32:41 UTC+02:00  |Incoming|
WhatsApp|46708275344@s.whatsapp.net|46708275344@s.whatsapp.net|Stockholm Stealers|46736673785-1614171884@g.us||30.03.2021 18:32:48 UTC+02:00  |Incoming|"{""Path"": ""Goldfinger_Apple_iPhone_Generic/Attachments/File/0/Messages-Chat/Messages-Chat_835/daa0b6fa-5f9e-4efc-bc01-f8475a122980.jpg"", ""id"": 610}"
WhatsApp|46708275344@s.whatsapp.net|46708275344@s.whatsapp.net|Stockholm Stealers|46736673785-1614171884@g.us|Leaving station now.|30.03.2021 18:32:57 UTC+02:00  |Incoming|
WhatsApp|46708275344@s.whatsapp.net|46708275344@s.whatsapp.net|Stockholm Stealers|46736673785-1614171884@g.us|OMG|30.03.2021 18:52:04 UTC+02:00  |Incoming|"{""Path"": ""Goldfinger_Apple_iPhone_Generic/Attachments/File/0/Messages-Chat/Messages-Chat_837/c407e71b-df15-44ca-880f-cf2972c84185.jpg"", ""id"": 612}"
WhatsApp|Goose System|46736673785@s.whatsapp.net|Stockholm Stealers|46736673785-1614171884@g.us|😄|30.03.2021 18:55:56 UTC+02:00  |Incoming|
WhatsApp|46708275344@s.whatsapp.net|46708275344@s.whatsapp.net|Stockholm Stealers|46736673785-1614171884@g.us|We are in the money baby 👶|30.03.2021 19:00:49 UTC+02:00  |Incoming|"{""Path"": ""Goldfinger_Apple_iPhone_Generic/Attachments/File/0/Messages-Chat/Messages-Chat_839/96b3c118-261e-47aa-a146-e4f4d69c4154.jpg"", ""id"": 614}"
WhatsApp|Goose System|46736673785@s.whatsapp.net|Stockholm Stealers|46736673785-1614171884@g.us||30.03.2021 19:01:42 UTC+02:00  |Incoming|"{""Path"": ""Goldfinger_Apple_iPhone_Generic/Attachments/File/0/Messages-Chat/Messages-Chat_840/f969fbe9-66c0-422b-b695-4d47d155db64.mp4"", ""id"": 615}"
WhatsApp|Twilight Grey|46762725331@s.whatsapp.net|Stockholm Stealers|46736673785-1614171884@g.us||31.03.2021 15:20:23 UTC+02:00  |Incoming|"{""Path"": ""Goldfinger_Apple_iPhone_Generic/Attachments/File/0/Messages-Chat/Messages-Chat_841/af030444-44fa-4585-a009-8b3119b43ab2.jpg"", ""id"": 616}"
WhatsApp|Goldfinger|46702578150@s.whatsapp.net|Stockholm Stealers|46736673785-1614171884@g.us|I saw “Papi” the car just down the road... it’s so damn nice|31.03.2021 16:38:02 UTC+02:00  |Outgoing|
WhatsApp|Goldfinger|46702578150@s.whatsapp.net|Stockholm Stealers|46736673785-1614171884@g.us|And turquoise 😂|31.03.2021 16:38:14 UTC+02:00  |Outgoing|
WhatsApp|Goldfinger|46702578150@s.whatsapp.net|Stockholm Stealers|46736673785-1614171884@g.us|Jamming today 🎵|31.03.2021 17:45:23 UTC+02:00  |Outgoing|"{""Path"": ""Goldfinger_Apple_iPhone_Generic/Attachments/File/0/Messages-Chat/Messages-Chat_844/6e528008-0e0b-44c2-93d5-04aec988a933.jpg"", ""id"": 619}"
WhatsApp|Goose System|46736673785@s.whatsapp.net|Stockholm Stealers|46736673785-1614171884@g.us|I like the look of this Tesla. Would be nice to take one of these for a spin|31.03.2021 18:22:47 UTC+02:00  |Incoming|"{""Path"": ""Goldfinger_Apple_iPhone_Generic/Attachments/File/0/Messages-Chat/Messages-Chat_845/dc7b6a1d-c1dd-4307-91da-f75366733d0a.jpg"", ""id"": 620}"
WhatsApp|46708275344@s.whatsapp.net|46708275344@s.whatsapp.net|Stockholm Stealers|46736673785-1614171884@g.us|We can all have a new car soon with the amount of money we are bringing in these days....|31.03.2021 18:30:37 UTC+02:00  |Incoming|
WhatsApp|Goose System|46736673785@s.whatsapp.net|Stockholm Stealers|46736673785-1614171884@g.us||31.03.2021 18:34:36 UTC+02:00  |Incoming|"{""Path"": ""Goldfinger_Apple_iPhone_Generic/Attachments/File/0/Messages-Chat/Messages-Chat_847/c9c55ed4-ab6b-4530-b714-42f752437a12.png"", ""id"": 622}"
WhatsApp|Goose System|46736673785@s.whatsapp.net|Stockholm Stealers|46736673785-1614171884@g.us|Another day another seven....|31.03.2021 18:37:30 UTC+02:00  |Incoming|"{""Path"": ""Goldfinger_Apple_iPhone_Generic/Attachments/File/0/Messages-Chat/Messages-Chat_848/d06ce07c-246e-4cf6-a6ea-00e5caf3c0aa.jpg"", ""id"": 623}"
WhatsApp|46708275344@s.whatsapp.net|46708275344@s.whatsapp.net|Stockholm Stealers|46736673785-1614171884@g.us||31.03.2021 18:39:48 UTC+02:00  |Incoming|"{""Path"": ""Goldfinger_Apple_iPhone_Generic/Attachments/File/0/Messages-Chat/Messages-Chat_849/a7710984-fb48-4566-90f5-fde663d35216.mp4"", ""id"": 624}"
WhatsApp|Goose System|46736673785@s.whatsapp.net|Stockholm Stealers|46736673785-1614171884@g.us|Haha|31.03.2021 18:42:50 UTC+02:00  |Incoming|
WhatsApp|Goose System|46736673785@s.whatsapp.net|Stockholm Stealers|46736673785-1614171884@g.us|Hey guys. Not happy about tonight's developments. Me and Mav are not agreed. I may need to bug out for a while to get my head straight 🥺|31.03.2021 19:13:57 UTC+02:00  |Incoming|
WhatsApp|46708275344@s.whatsapp.net|46708275344@s.whatsapp.net|Stockholm Stealers|46736673785-1614171884@g.us|Fuck you Goose. This is between me and you. Don't bring the others into it.|31.03.2021 19:14:53 UTC+02:00  |Incoming|
WhatsApp|46708275344@s.whatsapp.net|46708275344@s.whatsapp.net|Stockholm Stealers|46736673785-1614171884@g.us|Go home have a good long think about your future. Don't make a bad call and remember who helped you.|31.03.2021 19:15:22 UTC+02:00  |Incoming|
WhatsApp|Goose System|46736673785@s.whatsapp.net|Stockholm Stealers|46736673785-1614171884@g.us|Yee yee whatever|31.03.2021 19:17:34 UTC+02:00  |Incoming|
WhatsApp|46708275344@s.whatsapp.net|46708275344@s.whatsapp.net|Stockholm Stealers|46736673785-1614171884@g.us|What is this shit???|01.04.2021 08:32:51 UTC+02:00  |Incoming|
WhatsApp|46708275344@s.whatsapp.net|46708275344@s.whatsapp.net|Stockholm Stealers|46736673785-1614171884@g.us||01.04.2021 08:33:03 UTC+02:00  |Incoming|"{""Path"": ""Goldfinger_Apple_iPhone_Generic/Attachments/File/0/Messages-Chat/Messages-Chat_856/8160943e-046a-4f09-83a7-151be6c3719f.jpg"", ""id"": 631}"
WhatsApp|46708275344@s.whatsapp.net|46708275344@s.whatsapp.net|Stockholm Stealers|46736673785-1614171884@g.us||01.04.2021 08:33:03 UTC+02:00  |Incoming|"{""Path"": ""Goldfinger_Apple_iPhone_Generic/Attachments/File/0/Messages-Chat/Messages-Chat_857/b20aa65c-2a39-454e-ad4d-9f784f8f938e.jpg"", ""id"": 632}"
WhatsApp|46708275344@s.whatsapp.net|46708275344@s.whatsapp.net|Stockholm Stealers|46736673785-1614171884@g.us|Some old fashioned tape playing thing?|01.04.2021 08:33:23 UTC+02:00  |Incoming|
WhatsApp|46708275344@s.whatsapp.net|46708275344@s.whatsapp.net|Stockholm Stealers|46736673785-1614171884@g.us|Hey all. Goose isn't talking to me, but there's still work to be done. I am going out for a recon. Looking for business as usual...|01.04.2021 18:11:01 UTC+02:00  |Incoming|
WhatsApp|46708275344@s.whatsapp.net|46708275344@s.whatsapp.net|Stockholm Stealers|46736673785-1614171884@g.us||01.04.2021 18:11:10 UTC+02:00  |Incoming|
WhatsApp|46708275344@s.whatsapp.net|46708275344@s.whatsapp.net|Stockholm Stealers|46736673785-1614171884@g.us|Must think he is rock hard...|01.04.2021 19:07:35 UTC+02:00  |Incoming|"{""Path"": ""Goldfinger_Apple_iPhone_Generic/Attachments/File/0/Messages-Chat/Messages-Chat_861/e57e69bc-4e84-4863-9be0-187f24b8e42e.jpg"", ""id"": 636}"
WhatsApp|46708275344@s.whatsapp.net|46708275344@s.whatsapp.net|Stockholm Stealers|46736673785-1614171884@g.us|Jets won...|01.04.2021 21:50:34 UTC+02:00  |Incoming|
WhatsApp|Twilight Grey|46762725331@s.whatsapp.net|Stockholm Stealers|46736673785-1614171884@g.us||02.04.2021 13:00:17 UTC+02:00  |Incoming|"{""Path"": ""Goldfinger_Apple_iPhone_Generic/Attachments/File/0/Messages-Chat/Messages-Chat_863/61ce84b9-d9fa-4627-9b44-9ed017819874.jpg"", ""id"": 638}"
WhatsApp|Goldfinger|46702578150@s.whatsapp.net|Stockholm Stealers|46736673785-1614171884@g.us|Yummy|02.04.2021 15:54:00 UTC+02:00  |Outgoing|
WhatsApp|46708275344@s.whatsapp.net|46708275344@s.whatsapp.net|Stockholm Stealers|46736673785-1614171884@g.us|Looks like a nice Easter meal. Glad you can relax.|02.04.2021 15:54:01 UTC+02:00  |Incoming|
WhatsApp|46708275344@s.whatsapp.net|46708275344@s.whatsapp.net|Stockholm Stealers|46736673785-1614171884@g.us|Just looked outside. We may have a problem....|02.04.2021 16:17:17 UTC+02:00  |Incoming|"{""Path"": ""Goldfinger_Apple_iPhone_Generic/Attachments/File/0/Messages-Chat/Messages-Chat_866/ecba244d-b9d8-4cf2-b21e-3fc9ca6f95c4.jpg"", ""id"": 641}"
WhatsApp|status@broadcast|status@broadcast|Goldfinger|46702578150@s.whatsapp.net||20.02.2021 14:09:46 UTC+01:00|Incoming|"{""Path"": ""Goldfinger_Apple_iPhone_Generic/Attachments/File/0/Messages-Chat/Messages-Chat_225/a2440435-e19d-481e-8bfe-aa8ba9ea8447.jpg"", ""id"": 0}"
WhatsApp|status@broadcast|status@broadcast|Goldfinger|46702578150@s.whatsapp.net||20.02.2021 14:09:46 UTC+01:00  |Incoming|"{""Path"": ""Goldfinger_Apple_iPhone_Generic/Attachments/File/0/Messages-Chat/Messages-Chat_226/03db0a9b-f5d7-47a9-b63f-1aadda9fa635.mp4"", ""id"": 1}"
WhatsApp|status@broadcast|status@broadcast|Goldfinger|46702578150@s.whatsapp.net||20.02.2021 14:09:46 UTC+01:00  |Incoming|"{""Path"": ""Goldfinger_Apple_iPhone_Generic/Attachments/File/0/Messages-Chat/Messages-Chat_227/5cc885d5-d30c-4f5d-b247-513173f952f3.jpg"", ""id"": 2}"
WhatsApp|status@broadcast|status@broadcast|Goldfinger|46702578150@s.whatsapp.net||20.02.2021 14:09:46 UTC+01:00  |Incoming|"{""Path"": ""Goldfinger_Apple_iPhone_Generic/Attachments/File/0/Messages-Chat/Messages-Chat_228/aa2ecbb9-9b5f-45ef-a932-7b80ca29b985.jpg"", ""id"": 3}"
WhatsApp|status@broadcast|status@broadcast|Goldfinger|46702578150@s.whatsapp.net||20.02.2021 14:09:46 UTC+01:00  |Incoming|"{""Path"": ""Goldfinger_Apple_iPhone_Generic/Attachments/File/0/Messages-Chat/Messages-Chat_229/18c6bbc9-fb85-42ca-b534-d2a2e88d3ffb.jpg"", ""id"": 4}"
WhatsApp|status@broadcast|status@broadcast|Goldfinger|46702578150@s.whatsapp.net||20.02.2021 14:09:46 UTC+01:00  |Incoming|"{""Path"": ""Goldfinger_Apple_iPhone_Generic/Attachments/File/0/Messages-Chat/Messages-Chat_230/239d5965-cdc1-496d-90af-8951f1179847.jpg"", ""id"": 5}"
WhatsApp|status@broadcast|status@broadcast|Goldfinger|46702578150@s.whatsapp.net||20.02.2021 14:09:46 UTC+01:00  |Incoming|"{""Path"": ""Goldfinger_Apple_iPhone_Generic/Attachments/File/0/Messages-Chat/Messages-Chat_231/e711f15f-bfb2-4bab-b261-17bb06a4e483.jpg.png"", ""id"": 6}"
WhatsApp|status@broadcast|status@broadcast|Goldfinger|46702578150@s.whatsapp.net||20.02.2021 14:09:46 UTC+01:00  |Incoming|"{""Path"": ""Goldfinger_Apple_iPhone_Generic/Attachments/File/0/Messages-Chat/Messages-Chat_232/d50fe35d-1c14-487c-a8de-da6072e9b4f0.jpg.png"", ""id"": 7}"
WhatsApp|status@broadcast|status@broadcast|Goldfinger|46702578150@s.whatsapp.net||20.02.2021 14:09:46 UTC+01:00  |Incoming|"{""Path"": ""Goldfinger_Apple_iPhone_Generic/Attachments/File/0/Messages-Chat/Messages-Chat_233/dedacc39-cb11-4cda-9c9f-5ca493c9d5a6.jpg.png"", ""id"": 8}"
WhatsApp|status@broadcast|status@broadcast|Goldfinger|46702578150@s.whatsapp.net||20.02.2021 14:09:46 UTC+01:00  |Incoming|"{""Path"": ""Goldfinger_Apple_iPhone_Generic/Attachments/File/0/Messages-Chat/Messages-Chat_234/b48dc1e6-715c-4556-9dab-f80b997173f2.jpg.png"", ""id"": 9}"
WhatsApp|Goldfinger|46702578150@s.whatsapp.net|Goose System|46736673785@s.whatsapp.net|Howdy Goose ✌️|20.02.2021 14:11:34 UTC+01:00  |Outgoing|
WhatsApp|Goose System|46736673785@s.whatsapp.net|Goldfinger|46702578150@s.whatsapp.net|Hey great to hear from you!  Long time no see... You been away?|20.02.2021 14:12:19 UTC+01:00  |Incoming|
WhatsApp|Goldfinger|46702578150@s.whatsapp.net|Goose System|46736673785@s.whatsapp.net|Yep Done some time bit back With a vegence!!!!|20.02.2021 14:13:16 UTC+01:00  |Outgoing|
WhatsApp|Goldfinger|46702578150@s.whatsapp.net|Goose System|46736673785@s.whatsapp.net|What have you been up to?|21.02.2021 08:23:46 UTC+01:00  |Outgoing|
WhatsApp|Goose System|46736673785@s.whatsapp.net|Goldfinger|46702578150@s.whatsapp.net|Ducking and diving. Dodging and weaving....|21.02.2021 08:37:01 UTC+01:00  |Incoming|
WhatsApp|Goldfinger|46702578150@s.whatsapp.net|Goose System|46736673785@s.whatsapp.net|😎👍|21.02.2021 08:39:54 UTC+01:00  |Outgoing|
WhatsApp|Goose System|46736673785@s.whatsapp.net|Goldfinger|46702578150@s.whatsapp.net||21.02.2021 12:04:55 UTC+01:00  |Incoming|"{""Path"": ""Goldfinger_Apple_iPhone_Generic/Attachments/File/0/Messages-Chat/Messages-Chat_242/275bb703-dede-4125-8cd4-01be7f05a906.jpg"", ""id"": 17}"
WhatsApp|Goldfinger|46702578150@s.whatsapp.net|Goose System|46736673785@s.whatsapp.net|Are you skiing?|21.02.2021 12:15:27 UTC+01:00  |Outgoing|
WhatsApp|Goldfinger|46702578150@s.whatsapp.net|Goose System|46736673785@s.whatsapp.net||21.02.2021 12:15:38 UTC+01:00  |Outgoing|"{""Path"": ""Goldfinger_Apple_iPhone_Generic/Attachments/File/0/Messages-Chat/Messages-Chat_244/c0e8778f-ce14-472c-9ce6-140fdea3e0c4.jpg"", ""id"": 19}"
WhatsApp|Goldfinger|46702578150@s.whatsapp.net|Goose System|46736673785@s.whatsapp.net|I can’t see you|21.02.2021 12:15:51 UTC+01:00  |Outgoing|
WhatsApp|Goose System|46736673785@s.whatsapp.net|Goldfinger|46702578150@s.whatsapp.net||21.02.2021 15:40:34 UTC+01:00  |Incoming|"{""Path"": ""Goldfinger_Apple_iPhone_Generic/Attachments/File/0/Messages-Chat/Messages-Chat_246/fcf92d3c-d83c-45c3-b008-8f2a9b1e932c.mp4"", ""id"": 21}"
WhatsApp|Goldfinger|46702578150@s.whatsapp.net|Goose System|46736673785@s.whatsapp.net|Nice moves|21.02.2021 19:06:29 UTC+01:00  |Outgoing|
WhatsApp|Goose System|46736673785@s.whatsapp.net|Goldfinger|46702578150@s.whatsapp.net|Oh yes 😁|21.02.2021 19:07:37 UTC+01:00  |Incoming|
WhatsApp|Goose System|46736673785@s.whatsapp.net|Goldfinger|46702578150@s.whatsapp.net|Going out on plot with Mav to see what's up. Exciting times|22.02.2021 18:09:24 UTC+01:00  |Incoming|
WhatsApp|Goose System|46736673785@s.whatsapp.net|Goldfinger|46702578150@s.whatsapp.net||22.02.2021 18:09:44 UTC+01:00  |Incoming|"{""Path"": ""Goldfinger_Apple_iPhone_Generic/Attachments/File/0/Messages-Chat/Messages-Chat_250/eb68d465-5a67-4e95-aeea-048c6a1ee531.jpg"", ""id"": 25}"
WhatsApp|Goldfinger|46702578150@s.whatsapp.net|Goose System|46736673785@s.whatsapp.net|Any good|22.02.2021 20:57:18 UTC+01:00  |Outgoing|
WhatsApp|Goose System|46736673785@s.whatsapp.net|Goldfinger|46702578150@s.whatsapp.net|Perfect|22.02.2021 22:05:18 UTC+01:00  |Incoming|
WhatsApp|Goldfinger|46702578150@s.whatsapp.net|Goose System|46736673785@s.whatsapp.net|Meeting place?|23.02.2021 13:18:13 UTC+01:00  |Outgoing|"{""Path"": ""Goldfinger_Apple_iPhone_Generic/Attachments/File/0/Messages-Chat/Messages-Chat_253/dd9294fd-c753-4518-bbc7-9688cd556eeb.jpg"", ""id"": 28}"
WhatsApp|Goose System|46736673785@s.whatsapp.net|Goldfinger|46702578150@s.whatsapp.net|A supermarket called Willy's. Bound to be appropriate 🙂|27.02.2021 09:35:16 UTC+01:00  |Incoming|
WhatsApp|Goldfinger|46702578150@s.whatsapp.net|Goose System|46736673785@s.whatsapp.net|It is|27.02.2021 19:51:57 UTC+01:00  |Outgoing|
WhatsApp|Goldfinger|46702578150@s.whatsapp.net|Goose System|46736673785@s.whatsapp.net|My mate asked if cryptocurrency is good? U know?|03.03.2021 08:49:58 UTC+01:00  |Outgoing|
WhatsApp|Goose System|46736673785@s.whatsapp.net|Goldfinger|46702578150@s.whatsapp.net|Bitcoin is cool. Tell him to buy some. Monero if u don't want the cops to be able to trace it...|03.03.2021 13:43:06 UTC+01:00  |Incoming|
WhatsApp|Goldfinger|46702578150@s.whatsapp.net|Goose System|46736673785@s.whatsapp.net|Perfect|03.03.2021 20:21:24 UTC+01:00  |Outgoing|
WhatsApp|Goose System|46736673785@s.whatsapp.net|Goldfinger|46702578150@s.whatsapp.net|Who is Seven? He is on our turf a lot. Needs a slap....|04.03.2021 18:05:51 UTC+01:00  |Incoming|"{""Path"": ""Goldfinger_Apple_iPhone_Generic/Attachments/File/0/Messages-Chat/Messages-Chat_259/f5eb0971-015d-4713-86e3-df947a1b8178.jpg"", ""id"": 34}"
WhatsApp|Goldfinger|46702578150@s.whatsapp.net|Goose System|46736673785@s.whatsapp.net|Never seen him.|05.03.2021 18:25:27 UTC+01:00  |Outgoing|
WhatsApp|Goose System|46736673785@s.whatsapp.net|Goldfinger|46702578150@s.whatsapp.net||05.03.2021 20:02:35 UTC+01:00  |Incoming|"{""Path"": ""Goldfinger_Apple_iPhone_Generic/Attachments/File/0/Messages-Chat/Messages-Chat_261/a07842ca-5ed4-474e-8de8-85b8c7933c5d.mp4"", ""id"": 36}"
WhatsApp|Goldfinger|46702578150@s.whatsapp.net|Goose System|46736673785@s.whatsapp.net||05.03.2021 20:23:49 UTC+01:00  |Outgoing|"{""Path"": ""Goldfinger_Apple_iPhone_Generic/Attachments/File/0/Messages-Chat/Messages-Chat_262/ce30f49e-6484-4db6-98c5-aaeeaec8c2cb.mp4"", ""id"": 37}"
WhatsApp|Goose System|46736673785@s.whatsapp.net|Goldfinger|46702578150@s.whatsapp.net|You are slightly cute|06.03.2021 09:45:00 UTC+01:00  |Incoming|
WhatsApp|Goose System|46736673785@s.whatsapp.net|Goldfinger|46702578150@s.whatsapp.net||06.03.2021 12:12:11 UTC+01:00  |Incoming|"{""Path"": ""Goldfinger_Apple_iPhone_Generic/Attachments/File/0/Messages-Chat/Messages-Chat_264/473dc537-924a-4a3b-9785-8a2d51b45922.jpg"", ""id"": 39}"
WhatsApp|Goose System|46736673785@s.whatsapp.net|Goldfinger|46702578150@s.whatsapp.net|You don't look so good today?|06.03.2021 12:45:29 UTC+01:00  |Incoming|"{""Path"": ""Goldfinger_Apple_iPhone_Generic/Attachments/File/0/Messages-Chat/Messages-Chat_265/12bb620e-4f82-4323-8d4a-bb6ab563fe51.jpg"", ""id"": 40}"
WhatsApp|Goose System|46736673785@s.whatsapp.net|Goldfinger|46702578150@s.whatsapp.net|This place is great. Sri Lankan food.|06.03.2021 14:10:16 UTC+01:00  |Incoming|"{""Path"": ""Goldfinger_Apple_iPhone_Generic/Attachments/File/0/Messages-Chat/Messages-Chat_266/6ae035ae-7f96-42da-85d3-d781a1d83e6f.jpg"", ""id"": 41}"
WhatsApp|Goldfinger|46702578150@s.whatsapp.net|Goose System|46736673785@s.whatsapp.net|Thanks 😊 Do you know how long I worked to get that makeup on?!? 😂|06.03.2021 16:36:09 UTC+01:00  |Outgoing|
WhatsApp|Goose System|46736673785@s.whatsapp.net|Goldfinger|46702578150@s.whatsapp.net|Sweet|06.03.2021 17:42:31 UTC+01:00  |Incoming|
WhatsApp|Goldfinger|46702578150@s.whatsapp.net|Goose System|46736673785@s.whatsapp.net||06.03.2021 17:44:33 UTC+01:00  |Outgoing|
WhatsApp|Goose System|46736673785@s.whatsapp.net|Goldfinger|46702578150@s.whatsapp.net|Don't be a square ⬜|09.03.2021 20:47:50 UTC+01:00  |Incoming|"{""Path"": ""Goldfinger_Apple_iPhone_Generic/Attachments/File/0/Messages-Chat/Messages-Chat_270/0f375333-e686-44d1-a69f-f15b40d6fb60.jpg"", ""id"": 45}"
WhatsApp|Goldfinger|46702578150@s.whatsapp.net|Goose System|46736673785@s.whatsapp.net|It’s Hip, or so I’ve heard|10.03.2021 15:54:33 UTC+01:00  |Outgoing|
WhatsApp|Goose System|46736673785@s.whatsapp.net|Goldfinger|46702578150@s.whatsapp.net|https://www.facebook.com/gmcdrivers/videos/238803389981485/?sfnsn=mo|12.03.2021 20:22:15 UTC+01:00  |Incoming|
WhatsApp|Goose System|46736673785@s.whatsapp.net|Goldfinger|46702578150@s.whatsapp.net|https://www.urbandictionary.com/define.php?term=Bifle|12.03.2021 20:27:35 UTC+01:00  |Incoming|
WhatsApp|Goldfinger|46702578150@s.whatsapp.net|Goose System|46736673785@s.whatsapp.net||12.03.2021 20:29:19 UTC+01:00  |Outgoing|"{""Path"": ""Goldfinger_Apple_iPhone_Generic/Attachments/File/0/Messages-Chat/Messages-Chat_274/20c3d8b8-b3d6-4637-a3d9-2ed867d23a38.mp4"", ""id"": 49}"
WhatsApp|Goldfinger|46702578150@s.whatsapp.net|Goose System|46736673785@s.whatsapp.net|You and your old crime series|12.03.2021 20:29:49 UTC+01:00  |Outgoing|
WhatsApp|Goose System|46736673785@s.whatsapp.net|Goldfinger|46702578150@s.whatsapp.net||12.03.2021 20:30:08 UTC+01:00  |Incoming|"{""Path"": ""Goldfinger_Apple_iPhone_Generic/Attachments/File/0/Messages-Chat/Messages-Chat_276/9706526a-87f9-4e07-81d7-6c5fc618cba9.mp4"", ""id"": 51}"
WhatsApp|Goldfinger|46702578150@s.whatsapp.net|Goose System|46736673785@s.whatsapp.net|💕|12.03.2021 20:30:29 UTC+01:00  |Outgoing|
WhatsApp|Goose System|46736673785@s.whatsapp.net|Goldfinger|46702578150@s.whatsapp.net|To join the meeting on Google Meet, click this link:  https://meet.google.com/ete-bwxi-avn    Or open Meet and enter this code: ete-bwxi-avn|12.03.2021 20:32:13 UTC+01:00  |Incoming|
WhatsApp|Goose System|46736673785@s.whatsapp.net|Goldfinger|46702578150@s.whatsapp.net|This is where I am right now|17.03.2021 17:09:49 UTC+01:00  |Incoming|"{""Path"": ""Goldfinger_Apple_iPhone_Generic/Attachments/File/0/Messages-Chat/Messages-Chat_279/d108c741-4c6e-47aa-8a82-b8feb44de414.jpg"", ""id"": 54}"
WhatsApp|Goose System|46736673785@s.whatsapp.net|Goldfinger|46702578150@s.whatsapp.net||17.03.2021 17:09:57 UTC+01:00  |Incoming|
WhatsApp|Goldfinger|46702578150@s.whatsapp.net|Goose System|46736673785@s.whatsapp.net|I’m back to base|17.03.2021 17:22:27 UTC+01:00  |Outgoing|
WhatsApp|Goose System|46736673785@s.whatsapp.net|Goldfinger|46702578150@s.whatsapp.net|Sorry Gold Finger. I liked you but I can't do this anymore. Take care x|02.04.2021 12:03:22 UTC+02:00  |Incoming|
WhatsApp|Goldfinger|46702578150@s.whatsapp.net|Goose System|46736673785@s.whatsapp.net|Wtf?!?!?|02.04.2021 15:54:14 UTC+02:00  |Outgoing|
WhatsApp|Twilight Grey|46762725331@s.whatsapp.net|Goldfinger|46702578150@s.whatsapp.net|U Der?|21.02.2021 13:31:40 UTC+01:00  |Incoming|
WhatsApp|Goldfinger|46702578150@s.whatsapp.net|Twilight Grey|46762725331@s.whatsapp.net|Me here|21.02.2021 15:26:28 UTC+01:00  |Outgoing|
WhatsApp|Twilight Grey|46762725331@s.whatsapp.net|Goldfinger|46702578150@s.whatsapp.net|What's up?|25.02.2021 18:23:59 UTC+01:00  |Incoming|
WhatsApp|Goldfinger|46702578150@s.whatsapp.net|Twilight Grey|46762725331@s.whatsapp.net||25.02.2021 20:28:05 UTC+01:00  |Outgoing|"{""Path"": ""Goldfinger_Apple_iPhone_Generic/Attachments/File/0/Messages-Chat/Messages-Chat_288/38dd59e2-d62e-400b-a995-639d46e2cb3f.png"", ""id"": 63}"
WhatsApp|Goldfinger|46702578150@s.whatsapp.net|Twilight Grey|46762725331@s.whatsapp.net|Coffee time|25.02.2021 20:28:12 UTC+01:00  |Outgoing|
WhatsApp|Goldfinger|46702578150@s.whatsapp.net|Twilight Grey|46762725331@s.whatsapp.net||25.02.2021 20:29:21 UTC+01:00  |Outgoing|"{""Path"": ""Goldfinger_Apple_iPhone_Generic/Attachments/File/0/Messages-Chat/Messages-Chat_290/6af7c687-42ce-4b1e-bc2a-194dc17eb6b3.png"", ""id"": 65}"
WhatsApp|Twilight Grey|46762725331@s.whatsapp.net|Goldfinger|46702578150@s.whatsapp.net||25.02.2021 20:31:54 UTC+01:00  |Incoming|"{""Path"": ""Goldfinger_Apple_iPhone_Generic/Attachments/File/0/Messages-Chat/Messages-Chat_291/d2f8ce2a-c848-4506-95d9-39e4d9a6ecc1.mp4"", ""id"": 66}"
WhatsApp|Goldfinger|46702578150@s.whatsapp.net|Twilight Grey|46762725331@s.whatsapp.net|Cute|25.02.2021 20:33:24 UTC+01:00  |Outgoing|
WhatsApp|Twilight Grey|46762725331@s.whatsapp.net|Goldfinger|46702578150@s.whatsapp.net|Hihi I thought so|25.02.2021 20:33:51 UTC+01:00  |Incoming|
WhatsApp|Goldfinger|46702578150@s.whatsapp.net|Twilight Grey|46762725331@s.whatsapp.net||25.02.2021 20:34:19 UTC+01:00  |Outgoing|"{""Path"": ""Goldfinger_Apple_iPhone_Generic/Attachments/File/0/Messages-Chat/Messages-Chat_294/30e0d82b-6ade-4d54-a89d-b33e22c50147.png"", ""id"": 69}"
WhatsApp|Goldfinger|46702578150@s.whatsapp.net|Twilight Grey|46762725331@s.whatsapp.net||06.03.2021 17:54:14 UTC+01:00  |Outgoing|"{""Path"": ""Goldfinger_Apple_iPhone_Generic/Attachments/File/0/Messages-Chat/Messages-Chat_295/1b5454b8-a518-4c21-8e3d-4c2a57a51a62.jpg"", ""id"": 70}"
WhatsApp|Goldfinger|46702578150@s.whatsapp.net|Twilight Grey|46762725331@s.whatsapp.net|Liking this one|06.03.2021 17:54:22 UTC+01:00  |Outgoing|
WhatsApp|Twilight Grey|46762725331@s.whatsapp.net|Goldfinger|46702578150@s.whatsapp.net|Yes that looks nice|06.03.2021 22:12:02 UTC+01:00  |Incoming|
WhatsApp|Goldfinger|46702578150@s.whatsapp.net|Twilight Grey|46762725331@s.whatsapp.net|Are you getting any cash?|12.03.2021 08:04:56 UTC+01:00  |Outgoing|
WhatsApp|Twilight Grey|46762725331@s.whatsapp.net|Goldfinger|46702578150@s.whatsapp.net|Yeah a little, but could always use  some more|12.03.2021 09:48:14 UTC+01:00  |Incoming|
WhatsApp|Goldfinger|46702578150@s.whatsapp.net|Twilight Grey|46762725331@s.whatsapp.net|Ok I’m on it|12.03.2021 10:53:48 UTC+01:00  |Outgoing|
WhatsApp|Twilight Grey|46762725331@s.whatsapp.net|Goldfinger|46702578150@s.whatsapp.net|Great|12.03.2021 21:12:41 UTC+01:00  |Incoming|
WhatsApp|Goldfinger|46702578150@s.whatsapp.net|Twilight Grey|46762725331@s.whatsapp.net|A bit like u today.... Grey|16.03.2021 16:47:44 UTC+01:00  |Outgoing|"{""Path"": ""Goldfinger_Apple_iPhone_Generic/Attachments/File/0/Messages-Chat/Messages-Chat_302/37adf9ef-e897-4229-9359-5cb04a591e43.jpg"", ""id"": 77}"
WhatsApp|Twilight Grey|46762725331@s.whatsapp.net|Goldfinger|46702578150@s.whatsapp.net|Oh no, no goodie|16.03.2021 19:58:08 UTC+01:00  |Incoming|
WhatsApp|Goldfinger|46702578150@s.whatsapp.net|Twilight Grey|46762725331@s.whatsapp.net|Oh yes baddie|17.03.2021 12:14:30 UTC+01:00  |Outgoing|
WhatsApp|Twilight Grey|46762725331@s.whatsapp.net|Goldfinger|46702578150@s.whatsapp.net|Today also my day since it is grey😂|17.03.2021 14:34:27 UTC+01:00  |Incoming|
WhatsApp|46708275344@s.whatsapp.net|46708275344@s.whatsapp.net|Goldfinger|46702578150@s.whatsapp.net|Did I slip up?|13.03.2021 18:35:34 UTC+01:00  |Incoming|"{""Path"": ""Goldfinger_Apple_iPhone_Generic/Attachments/File/0/Messages-Chat/Messages-Chat_868/f6560083-b4ea-4c1f-9a1e-4776448d89ec.jpg"", ""id"": 643}"
WhatsApp|Goldfinger|46702578150@s.whatsapp.net|46708275344@s.whatsapp.net|46708275344@s.whatsapp.net|Only got the one?|13.03.2021 18:35:54 UTC+01:00  |Outgoing|
WhatsApp|46708275344@s.whatsapp.net|46708275344@s.whatsapp.net|Goldfinger|46702578150@s.whatsapp.net|You're bananas 🍌|13.03.2021 18:36:12 UTC+01:00  |Incoming|
WhatsApp|Goldfinger|46702578150@s.whatsapp.net|46708275344@s.whatsapp.net|46708275344@s.whatsapp.net||13.03.2021 18:39:15 UTC+01:00  |Outgoing|"{""Path"": ""Goldfinger_Apple_iPhone_Generic/Attachments/File/0/Messages-Chat/Messages-Chat_871/231302f6-9bac-4bf6-b964-d7f79661d196.mp4"", ""id"": 646}"
WhatsApp|46708275344@s.whatsapp.net|46708275344@s.whatsapp.net|Goldfinger|46702578150@s.whatsapp.net||13.03.2021 18:42:26 UTC+01:00  |Incoming|"{""Path"": ""Goldfinger_Apple_iPhone_Generic/Attachments/File/0/Messages-Chat/Messages-Chat_872/dcfbd027-89b7-4f09-949c-6a648cd13a5f.mp4"", ""id"": 647}"
WhatsApp|Goldfinger|46702578150@s.whatsapp.net|46708275344@s.whatsapp.net|46708275344@s.whatsapp.net|Nana.....|13.03.2021 18:42:45 UTC+01:00  |Outgoing|
WhatsApp|46708275344@s.whatsapp.net|46708275344@s.whatsapp.net|Goldfinger|46702578150@s.whatsapp.net||15.03.2021 17:04:00 UTC+01:00  |Incoming|"{""Path"": ""Goldfinger_Apple_iPhone_Generic/Attachments/File/0/Messages-Chat/Messages-Chat_874/2cb73cd8-e214-452f-bd64-2896fbb34826.jpg"", ""id"": 649}"
WhatsApp|46708275344@s.whatsapp.net|46708275344@s.whatsapp.net|Goldfinger|46702578150@s.whatsapp.net|What's pink and wrinkly and hangs out your trousers? 👖|18.03.2021 10:06:57 UTC+01:00  |Incoming|
WhatsApp|Goldfinger|46702578150@s.whatsapp.net|46708275344@s.whatsapp.net|46708275344@s.whatsapp.net|I have no idea 🤷‍♀️ but I’m sure you’ll tell me|19.03.2021 10:22:55 UTC+01:00  |Outgoing|
WhatsApp|46708275344@s.whatsapp.net|46708275344@s.whatsapp.net|Goldfinger|46702578150@s.whatsapp.net|Your mum 🤣|19.03.2021 10:28:13 UTC+01:00  |Incoming|
WhatsApp|46708275344@s.whatsapp.net|46708275344@s.whatsapp.net|Goldfinger|46702578150@s.whatsapp.net||21.03.2021 12:24:58 UTC+01:00  |Incoming|"{""Path"": ""Goldfinger_Apple_iPhone_Generic/Attachments/File/0/Messages-Chat/Messages-Chat_878/dedb32e4-eda5-41d3-a422-9de46c7a0af1.jpg"", ""id"": 653}"
WhatsApp|Goldfinger|46702578150@s.whatsapp.net|46708275344@s.whatsapp.net|46708275344@s.whatsapp.net||22.03.2021 10:43:38 UTC+01:00  |Outgoing|"{""Path"": ""Goldfinger_Apple_iPhone_Generic/Attachments/File/0/Messages-Chat/Messages-Chat_879/b1ddf044-152c-4e67-851c-6100fdaf17b3.jpg"", ""id"": 654}"
WhatsApp|46708275344@s.whatsapp.net|46708275344@s.whatsapp.net|Goldfinger|46702578150@s.whatsapp.net|Nice how much?|22.03.2021 13:53:06 UTC+01:00  |Incoming|
WhatsApp|Goldfinger|46702578150@s.whatsapp.net|46708275344@s.whatsapp.net|46708275344@s.whatsapp.net|3k with necklace|23.03.2021 15:07:52 UTC+01:00  |Outgoing|
WhatsApp|46708275344@s.whatsapp.net|46708275344@s.whatsapp.net|Goldfinger|46702578150@s.whatsapp.net|Oh OK I know a man...|23.03.2021 18:31:34 UTC+01:00  |Incoming|
WhatsApp|46708275344@s.whatsapp.net|46708275344@s.whatsapp.net|Goldfinger|46702578150@s.whatsapp.net||23.03.2021 18:31:53 UTC+01:00  |Incoming|
WhatsApp|46708275344@s.whatsapp.net|46708275344@s.whatsapp.net|Goldfinger|46702578150@s.whatsapp.net||23.03.2021 19:09:18 UTC+01:00  |Incoming|"{""Path"": ""Goldfinger_Apple_iPhone_Generic/Attachments/File/0/Messages-Chat/Messages-Chat_884/6eaf9935-7a88-441d-95a1-1d89804c418f.thumb.jpg"", ""id"": 659}"
WhatsApp|Goldfinger|46702578150@s.whatsapp.net|46708275344@s.whatsapp.net|46708275344@s.whatsapp.net||26.03.2021 13:11:18 UTC+01:00  |Outgoing|"{""Path"": ""Goldfinger_Apple_iPhone_Generic/Attachments/File/0/Messages-Chat/Messages-Chat_885/4740f4ad-1c31-4025-b208-672c987c1b6b.jpg"", ""id"": 660}"
WhatsApp|Goldfinger|46702578150@s.whatsapp.net|46708275344@s.whatsapp.net|46708275344@s.whatsapp.net|Stoned?|26.03.2021 13:20:38 UTC+01:00  |Outgoing|
WhatsApp|46708275344@s.whatsapp.net|46708275344@s.whatsapp.net|Goldfinger|46702578150@s.whatsapp.net|🙂|26.03.2021 18:36:51 UTC+01:00  |Incoming|
WhatsApp|46708275344@s.whatsapp.net|46708275344@s.whatsapp.net|Goldfinger|46702578150@s.whatsapp.net||28.03.2021 12:31:12 UTC+02:00  |Incoming|"{""Path"": ""Goldfinger_Apple_iPhone_Generic/Attachments/File/0/Messages-Chat/Messages-Chat_888/d22485c7-a022-44d4-9c68-77663df3e874.jpg"", ""id"": 663}"
WhatsApp|Goldfinger|46702578150@s.whatsapp.net|46708275344@s.whatsapp.net|46708275344@s.whatsapp.net|Yummy|29.03.2021 17:56:50 UTC+02:00  |Outgoing|
WhatsApp|46708275344@s.whatsapp.net|46708275344@s.whatsapp.net|Goldfinger|46702578150@s.whatsapp.net||30.03.2021 17:49:59 UTC+02:00  |Incoming|"{""Path"": ""Goldfinger_Apple_iPhone_Generic/Attachments/File/0/Messages-Chat/Messages-Chat_890/ad07dc16-d181-40b9-9737-3f544d348fef.jpg"", ""id"": 665}"
WhatsApp|46708275344@s.whatsapp.net|46708275344@s.whatsapp.net|Goldfinger|46702578150@s.whatsapp.net|Google translate is cool.|30.03.2021 19:25:14 UTC+02:00  |Incoming|
WhatsApp|46708275344@s.whatsapp.net|46708275344@s.whatsapp.net|Goldfinger|46702578150@s.whatsapp.net||30.03.2021 19:25:23 UTC+02:00  |Incoming|"{""Path"": ""Goldfinger_Apple_iPhone_Generic/Attachments/File/0/Messages-Chat/Messages-Chat_892/c6b65f92-24e8-48ba-b021-8d51d21a09ad.jpg"", ""id"": 667}"
WhatsApp|46708275344@s.whatsapp.net|46708275344@s.whatsapp.net|Goldfinger|46702578150@s.whatsapp.net||30.03.2021 19:25:58 UTC+02:00  |Incoming|"{""Path"": ""Goldfinger_Apple_iPhone_Generic/Attachments/File/0/Messages-Chat/Messages-Chat_893/289cd343-59b5-48a9-8d23-9ec3c6378867.jpg"", ""id"": 668}"
WhatsApp|Goldfinger|46702578150@s.whatsapp.net|46708275344@s.whatsapp.net|46708275344@s.whatsapp.net|Google knows it all|31.03.2021 16:37:01 UTC+02:00  |Outgoing|
WhatsApp|46708275344@s.whatsapp.net|46708275344@s.whatsapp.net|Goldfinger|46702578150@s.whatsapp.net|Yep|31.03.2021 18:30:46 UTC+02:00  |Incoming|
WhatsApp|46708275344@s.whatsapp.net|46708275344@s.whatsapp.net|Goldfinger|46702578150@s.whatsapp.net|I like the look of this one???|31.03.2021 19:32:03 UTC+02:00  |Incoming|"{""Path"": ""Goldfinger_Apple_iPhone_Generic/Attachments/File/0/Messages-Chat/Messages-Chat_896/e5c5c9bd-abab-4a79-ba23-045aaefd2e63.jpg"", ""id"": 671}"
WhatsApp|Goldfinger|46702578150@s.whatsapp.net|46708275344@s.whatsapp.net|46708275344@s.whatsapp.net|Love this|31.03.2021 19:42:41 UTC+02:00  |Outgoing|"{""Path"": ""Goldfinger_Apple_iPhone_Generic/Attachments/File/0/Messages-Chat/Messages-Chat_897/ca1f03b2-9390-4840-b730-dfca1ab22cae.mp4"", ""id"": 672}"
WhatsApp|46708275344@s.whatsapp.net|46708275344@s.whatsapp.net|Goldfinger|46702578150@s.whatsapp.net|Oh god Goldy. Please stop using the product. We can't afford it and I don't know if I can rely on you. Need your head straight while Goose is wobbling....|31.03.2021 19:44:09 UTC+02:00  |Incoming|
WhatsApp|Goldfinger|46702578150@s.whatsapp.net|46708275344@s.whatsapp.net|46708275344@s.whatsapp.net|Ok... message received|02.04.2021 15:53:25 UTC+02:00  |Outgoing|
Facebook Messenger|Michael Jonson|1004201305|Rupert Beae|100063691416962|Is that you Maverick?|13.02.2021 15:07:42 UTC+01:00  |Incoming|
Facebook Messenger|Rupert Beae|100063691416962|Michael Jonson||Absolutely. Rocking and rolling in the sleepy Stockholm suburbs looking for a job man. What you got for me? 😉|13.02.2021 15:09:01 UTC+01:00  |Outgoing|
Facebook Messenger|Michael Jonson|1004201305|Rupert Beae|100063691416962|Alright standby Mav. Will put a team together and get back to you....|13.02.2021 15:09:48 UTC+01:00  |Incoming|
Facebook Messenger|Michael Jonson|1004201305|Rupert Beae|100063691416962||14.02.2021 19:45:18 UTC+01:00  |Incoming|"{""Path"": ""Maverick_Samsung_Galaxy_S21/Attachments/File/0/Messages-Chat/Messages-Chat_197/image-483001963104669(3).jpg"", ""id"": 196}, {""Path"": ""Maverick_Samsung_Galaxy_S21/Attachments/File/0/Messages-Chat/Messages-Chat_197/image-483001963104669(2).jpg"", ""id"": 197}, {""Path"": ""Maverick_Samsung_Galaxy_S21/Attachments/File/0/Messages-Chat/Messages-Chat_197/image-483001963104669(4).jpg"", ""id"": 199}, {""Path"": ""Maverick_Samsung_Galaxy_S21/Attachments/File/0/Messages-Chat/Messages-Chat_197/image-483001963104669.jpg"", ""id"": 200}"
Facebook Messenger|Michael Jonson|1004201305|Rupert Beae|100063691416962||16.02.2021 13:51:35 UTC+01:00  |Incoming|"{""Path"": ""Maverick_Samsung_Galaxy_S21/Attachments/File/0/Messages-Chat/Messages-Chat_196/video-1613479894.mp4"", ""id"": 195}, {""Path"": ""Maverick_Samsung_Galaxy_S21/Attachments/File/0/Messages-Chat/Messages-Chat_196/video-1613479894.mp4.jpg"", ""id"": 196}"
Facebook Messenger|Michael Jonson|1004201305|Rupert Beae|100063691416962||17.02.2021 12:49:12 UTC+01:00  |Incoming|"{""Path"": ""Maverick_Samsung_Galaxy_S21/Attachments/File/0/Messages-Chat/Messages-Chat_195/image-2847260618882867(3).png"", ""id"": 194}, {""Path"": ""Maverick_Samsung_Galaxy_S21/Attachments/File/0/Messages-Chat/Messages-Chat_195/image-2847260618882867(2).png"", ""id"": 195}, {""Path"": ""Maverick_Samsung_Galaxy_S21/Attachments/File/0/Messages-Chat/Messages-Chat_195/image-2847260618882867(4).png"", ""id"": 197}, {""Path"": ""Maverick_Samsung_Galaxy_S21/Attachments/File/0/Messages-Chat/Messages-Chat_195/image-2847260618882867.png"", ""id"": 198}"
Facebook Messenger|Rupert Beae|100063691416962|Michael Jonson|||17.02.2021 19:00:52 UTC+01:00  |Outgoing|"{""Path"": ""Maverick_Samsung_Galaxy_S21/Attachments/File/0/Messages-Chat/Messages-Chat_194/image-904714687005016(3).jpg"", ""id"": 193}, {""Path"": ""Maverick_Samsung_Galaxy_S21/Attachments/File/0/Messages-Chat/Messages-Chat_194/image-904714687005016(2).jpg"", ""id"": 194}, {""Path"": ""Maverick_Samsung_Galaxy_S21/Attachments/File/0/Messages-Chat/Messages-Chat_194/image-904714687005016(4).jpg"", ""id"": 196}, {""Path"": ""Maverick_Samsung_Galaxy_S21/Attachments/File/0/Messages-Chat/Messages-Chat_194/image-904714687005016.jpg"", ""id"": 197}"
Facebook Messenger|Michael Jonson|1004201305|Rupert Beae|100063691416962|Dark? Cold? WTF...|17.02.2021 20:03:34 UTC+01:00  |Incoming|
Facebook Messenger|Michael Jonson|1004201305|Rupert Beae|100063691416962||20.02.2021 16:23:30 UTC+01:00  |Incoming|"{""Path"": ""Maverick_Samsung_Galaxy_S21/Attachments/File/0/Messages-Chat/Messages-Chat_192/image-4261135927247045(3).png"", ""id"": 191}, {""Path"": ""Maverick_Samsung_Galaxy_S21/Attachments/File/0/Messages-Chat/Messages-Chat_192/image-4261135927247045(2).png"", ""id"": 192}, {""Path"": ""Maverick_Samsung_Galaxy_S21/Attachments/File/0/Messages-Chat/Messages-Chat_192/image-4261135927247045(4).png"", ""id"": 194}, {""Path"": ""Maverick_Samsung_Galaxy_S21/Attachments/File/0/Messages-Chat/Messages-Chat_192/image-4261135927247045.png"", ""id"": 195}"
Facebook Messenger|Michael Jonson|1004201305|Rupert Beae|100063691416962||23.02.2021 22:55:37 UTC+01:00  |Incoming|"{""Path"": ""Maverick_Samsung_Galaxy_S21/Attachments/File/0/Messages-Chat/Messages-Chat_191/image-1318058761894283(3).jpg"", ""id"": 190}, {""Path"": ""Maverick_Samsung_Galaxy_S21/Attachments/File/0/Messages-Chat/Messages-Chat_191/image-1318058761894283(2).jpg"", ""id"": 191}, {""Path"": ""Maverick_Samsung_Galaxy_S21/Attachments/File/0/Messages-Chat/Messages-Chat_191/image-1318058761894283(4).jpg"", ""id"": 193}, {""Path"": ""Maverick_Samsung_Galaxy_S21/Attachments/File/0/Messages-Chat/Messages-Chat_191/image-1318058761894283.jpg"", ""id"": 194}"
Facebook Messenger|Rupert Beae|100063691416962|Michael Jonson|||11.03.2021 19:48:47 UTC+01:00  |Outgoing|"{""Path"": ""Maverick_Samsung_Galaxy_S21/Attachments/File/0/Messages-Chat/Messages-Chat_190/gif-2529389287357758.gif"", ""id"": 189}"
Facebook Messenger|Michael Jonson|1004201305|Rupert Beae|100063691416962||11.03.2021 20:47:51 UTC+01:00  |Incoming|"{""Path"": ""Maverick_Samsung_Galaxy_S21/Attachments/File/0/Messages-Chat/Messages-Chat_189/gif-459882061886164.gif"", ""id"": 188}"
Facebook Messenger|Michael Jonson|1004201305|Rupert Beae|100063691416962||13.03.2021 11:43:36 UTC+01:00  |Incoming|"{""Path"": ""Maverick_Samsung_Galaxy_S21/Attachments/File/0/Messages-Chat/Messages-Chat_188/video-1615632216.mp4"", ""id"": 187}, {""Path"": ""Maverick_Samsung_Galaxy_S21/Attachments/File/0/Messages-Chat/Messages-Chat_188/video-1615632216.mp4.jpg"", ""id"": 188}"
Facebook Messenger|Michael Jonson|1004201305|Rupert Beae|100063691416962|https://youtube.com/watch?v=avaSdC0QOUM&feature=share|13.03.2021 15:24:36 UTC+01:00  |Incoming|
Facebook Messenger|Michael Jonson|1004201305|Rupert Beae|100063691416962||13.03.2021 16:06:20 UTC+01:00  |Incoming|"{""Path"": ""Maverick_Samsung_Galaxy_S21/Attachments/File/0/Messages-Chat/Messages-Chat_186/video-1615647979.mp4"", ""id"": 185}, {""Path"": ""Maverick_Samsung_Galaxy_S21/Attachments/File/0/Messages-Chat/Messages-Chat_186/video-1615647979.mp4.jpg"", ""id"": 186}"
Facebook Messenger|Michael Jonson|1004201305|Rupert Beae|100063691416962||13.03.2021 23:24:41 UTC+01:00  |Incoming|"{""Path"": ""Maverick_Samsung_Galaxy_S21/Attachments/File/0/Messages-Chat/Messages-Chat_185/image-443109880343823(3).jpg"", ""id"": 184}, {""Path"": ""Maverick_Samsung_Galaxy_S21/Attachments/File/0/Messages-Chat/Messages-Chat_185/image-443109880343823(2).jpg"", ""id"": 185}, {""Path"": ""Maverick_Samsung_Galaxy_S21/Attachments/File/0/Messages-Chat/Messages-Chat_185/image-443109880343823(4).jpg"", ""id"": 187}, {""Path"": ""Maverick_Samsung_Galaxy_S21/Attachments/File/0/Messages-Chat/Messages-Chat_185/image-443109880343823.jpg"", ""id"": 188}"
Facebook Messenger|Michael Jonson|1004201305|Rupert Beae|100063691416962|This could be a good place to visit ...|14.03.2021 11:16:32 UTC+01:00  |Incoming|
Facebook Messenger|Michael Jonson|1004201305|Rupert Beae|100063691416962|https://www.knightfrank.co.uk/property-for-sale/sidmouth|14.03.2021 11:16:50 UTC+01:00  |Incoming|
Facebook Messenger|Rupert Beae|100063691416962|Michael Jonson||?|14.03.2021 14:48:41 UTC+01:00  |Outgoing|
Facebook Messenger|Michael Jonson|1004201305|Rupert Beae|100063691416962||16.03.2021 06:58:22 UTC+01:00  |Incoming|"{""Path"": ""Maverick_Samsung_Galaxy_S21/Attachments/File/0/Messages-Chat/Messages-Chat_181/image-810869762834976(3).png"", ""id"": 180}, {""Path"": ""Maverick_Samsung_Galaxy_S21/Attachments/File/0/Messages-Chat/Messages-Chat_181/image-810869762834976(2).png"", ""id"": 181}, {""Path"": ""Maverick_Samsung_Galaxy_S21/Attachments/File/0/Messages-Chat/Messages-Chat_181/image-810869762834976(4).png"", ""id"": 183}, {""Path"": ""Maverick_Samsung_Galaxy_S21/Attachments/File/0/Messages-Chat/Messages-Chat_181/image-810869762834976.png"", ""id"": 184}"
Facebook Messenger|Rupert Beae|100063691416962|Michael Jonson|||19.03.2021 14:03:02 UTC+01:00  |Outgoing|"{""Path"": ""Maverick_Samsung_Galaxy_S21/Attachments/File/0/Messages-Chat/Messages-Chat_180/image-441617850259123(3).jpg"", ""id"": 179}, {""Path"": ""Maverick_Samsung_Galaxy_S21/Attachments/File/0/Messages-Chat/Messages-Chat_180/image-441617850259123(2).jpg"", ""id"": 180}, {""Path"": ""Maverick_Samsung_Galaxy_S21/Attachments/File/0/Messages-Chat/Messages-Chat_180/image-441617850259123(4).jpg"", ""id"": 182}, {""Path"": ""Maverick_Samsung_Galaxy_S21/Attachments/File/0/Messages-Chat/Messages-Chat_180/image-441617850259123.jpg"", ""id"": 183}"
Facebook Messenger|Michael Jonson|1004201305|Rupert Beae|100063691416962||19.03.2021 20:13:31 UTC+01:00  |Incoming|"{""Path"": ""Maverick_Samsung_Galaxy_S21/Attachments/File/0/Messages-Chat/Messages-Chat_179/video-1616181210.mp4"", ""id"": 178}, {""Path"": ""Maverick_Samsung_Galaxy_S21/Attachments/File/0/Messages-Chat/Messages-Chat_179/video-1616181210.mp4.jpg"", ""id"": 179}"
Facebook Messenger|Michael Jonson|1004201305|Rupert Beae|100063691416962||20.03.2021 20:46:42 UTC+01:00  |Incoming|"{""Path"": ""Maverick_Samsung_Galaxy_S21/Attachments/File/0/Messages-Chat/Messages-Chat_178/video-1616269601.mp4"", ""id"": 177}, {""Path"": ""Maverick_Samsung_Galaxy_S21/Attachments/File/0/Messages-Chat/Messages-Chat_178/video-1616269601.mp4.jpg"", ""id"": 178}"
Facebook Messenger|Michael Jonson|1004201305|Rupert Beae|100063691416962||20.03.2021 22:35:27 UTC+01:00  |Incoming|"{""Path"": ""Maverick_Samsung_Galaxy_S21/Attachments/File/0/Messages-Chat/Messages-Chat_177/1.jpg"", ""id"": 176}, {""Path"": ""Maverick_Samsung_Galaxy_S21/Attachments/File/0/Messages-Chat/Messages-Chat_177/0.jpg"", ""id"": 177}"
Facebook Messenger|Michael Jonson|1004201305|Rupert Beae|100063691416962||20.03.2021 22:35:44 UTC+01:00  |Incoming|"{""Path"": ""Maverick_Samsung_Galaxy_S21/Attachments/File/0/Messages-Chat/Messages-Chat_176/1.jpg"", ""id"": 175}, {""Path"": ""Maverick_Samsung_Galaxy_S21/Attachments/File/0/Messages-Chat/Messages-Chat_176/0.jpg"", ""id"": 176}"
Facebook Messenger|Michael Jonson|1004201305|Rupert Beae|100063691416962||20.03.2021 22:37:15 UTC+01:00  |Incoming|"{""Path"": ""Maverick_Samsung_Galaxy_S21/Attachments/File/0/Messages-Chat/Messages-Chat_175/1.jpg"", ""id"": 174}, {""Path"": ""Maverick_Samsung_Galaxy_S21/Attachments/File/0/Messages-Chat/Messages-Chat_175/0.jpg"", ""id"": 175}, {""Path"": ""Maverick_Samsung_Galaxy_S21/Attachments/File/0/Messages-Chat/Messages-Chat_175/2.jpg"", ""id"": 177}"
Facebook Messenger|Michael Jonson|1004201305|Rupert Beae|100063691416962||20.03.2021 22:37:29 UTC+01:00  |Incoming|"{""Path"": ""Maverick_Samsung_Galaxy_S21/Attachments/File/0/Messages-Chat/Messages-Chat_174/1.jpg"", ""id"": 173}, {""Path"": ""Maverick_Samsung_Galaxy_S21/Attachments/File/0/Messages-Chat/Messages-Chat_174/0.jpg"", ""id"": 174}"
Facebook Messenger|Michael Jonson|1004201305|Rupert Beae|100063691416962||20.03.2021 22:38:39 UTC+01:00  |Incoming|"{""Path"": ""Maverick_Samsung_Galaxy_S21/Attachments/File/0/Messages-Chat/Messages-Chat_173/1.jpg"", ""id"": 172}, {""Path"": ""Maverick_Samsung_Galaxy_S21/Attachments/File/0/Messages-Chat/Messages-Chat_173/0.jpg"", ""id"": 173}, {""Path"": ""Maverick_Samsung_Galaxy_S21/Attachments/File/0/Messages-Chat/Messages-Chat_173/2.jpg"", ""id"": 175}"
Facebook Messenger|Michael Jonson|1004201305|Rupert Beae|100063691416962||20.03.2021 22:38:49 UTC+01:00  |Incoming|"{""Path"": ""Maverick_Samsung_Galaxy_S21/Attachments/File/0/Messages-Chat/Messages-Chat_172/1.jpg"", ""id"": 171}, {""Path"": ""Maverick_Samsung_Galaxy_S21/Attachments/File/0/Messages-Chat/Messages-Chat_172/0.jpg"", ""id"": 172}"
Facebook Messenger|Michael Jonson|1004201305|Rupert Beae|100063691416962|https://www.youtube.com/watch?v=RidKpZEJj4E|20.03.2021 22:38:59 UTC+01:00  |Incoming|
Facebook Messenger|Michael Jonson|1004201305|Rupert Beae|100063691416962|https://www.theguardian.com/us-news/2020/sep/24/man-licorice-dies-massachusetts|20.03.2021 22:39:23 UTC+01:00  |Incoming|
Facebook Messenger|Michael Jonson|1004201305|Rupert Beae|100063691416962||20.03.2021 22:39:35 UTC+01:00  |Incoming|"{""Path"": ""Maverick_Samsung_Galaxy_S21/Attachments/File/0/Messages-Chat/Messages-Chat_169/1.jpg"", ""id"": 168}, {""Path"": ""Maverick_Samsung_Galaxy_S21/Attachments/File/0/Messages-Chat/Messages-Chat_169/0.jpg"", ""id"": 169}, {""Path"": ""Maverick_Samsung_Galaxy_S21/Attachments/File/0/Messages-Chat/Messages-Chat_169/2.jpg"", ""id"": 171}"
Facebook Messenger|Michael Jonson|1004201305|Rupert Beae|100063691416962||20.03.2021 22:39:57 UTC+01:00  |Incoming|"{""Path"": ""Maverick_Samsung_Galaxy_S21/Attachments/File/0/Messages-Chat/Messages-Chat_168/1.jpg"", ""id"": 167}, {""Path"": ""Maverick_Samsung_Galaxy_S21/Attachments/File/0/Messages-Chat/Messages-Chat_168/0.jpg"", ""id"": 168}, {""Path"": ""Maverick_Samsung_Galaxy_S21/Attachments/File/0/Messages-Chat/Messages-Chat_168/2.jpg"", ""id"": 170}"
Facebook Messenger|Michael Jonson|1004201305|Rupert Beae|100063691416962||20.03.2021 22:40:35 UTC+01:00  |Incoming|"{""Path"": ""Maverick_Samsung_Galaxy_S21/Attachments/File/0/Messages-Chat/Messages-Chat_167/1.jpg"", ""id"": 166}, {""Path"": ""Maverick_Samsung_Galaxy_S21/Attachments/File/0/Messages-Chat/Messages-Chat_167/0.jpg"", ""id"": 167}"
Facebook Messenger|Michael Jonson|1004201305|Rupert Beae|100063691416962||20.03.2021 22:41:36 UTC+01:00  |Incoming|"{""Path"": ""Maverick_Samsung_Galaxy_S21/Attachments/File/0/Messages-Chat/Messages-Chat_166/1.jpg"", ""id"": 165}, {""Path"": ""Maverick_Samsung_Galaxy_S21/Attachments/File/0/Messages-Chat/Messages-Chat_166/0.jpg"", ""id"": 166}"
Facebook Messenger|Michael Jonson|1004201305|Rupert Beae|100063691416962||26.03.2021 19:20:31 UTC+01:00  |Incoming|"{""Path"": ""Maverick_Samsung_Galaxy_S21/Attachments/File/0/Messages-Chat/Messages-Chat_165/image-268045968362759(3).png"", ""id"": 164}, {""Path"": ""Maverick_Samsung_Galaxy_S21/Attachments/File/0/Messages-Chat/Messages-Chat_165/image-268045968362759(2).png"", ""id"": 165}, {""Path"": ""Maverick_Samsung_Galaxy_S21/Attachments/File/0/Messages-Chat/Messages-Chat_165/image-268045968362759(4).png"", ""id"": 167}, {""Path"": ""Maverick_Samsung_Galaxy_S21/Attachments/File/0/Messages-Chat/Messages-Chat_165/image-268045968362759.png"", ""id"": 168}"
Facebook Messenger|Michael Jonson|1004201305|Rupert Beae|100063691416962||26.03.2021 19:20:53 UTC+01:00|Incoming|"{""Path"": ""Maverick_Samsung_Galaxy_S21/Attachments/File/0/Messages-Chat/Messages-Chat_164/image-753677035276895(3).jpg"", ""id"": 163}, {""Path"": ""Maverick_Samsung_Galaxy_S21/Attachments/File/0/Messages-Chat/Messages-Chat_164/image-753677035276895(2).jpg"", ""id"": 164}, {""Path"": ""Maverick_Samsung_Galaxy_S21/Attachments/File/0/Messages-Chat/Messages-Chat_164/image-753677035276895(4).jpg"", ""id"": 166}, {""Path"": ""Maverick_Samsung_Galaxy_S21/Attachments/File/0/Messages-Chat/Messages-Chat_164/image-753677035276895.jpg"", ""id"": 167}"
Facebook Messenger|Jose Topgun|100064031851829|Rupert Beae|100063691416962|Howdy partner 👋|20.02.2021 18:29:19 UTC+01:00  |Incoming|
Facebook Messenger|Rupert Beae|100063691416962|Jose Topgun|100064031851829|LMAO you are everywhere 🤣|20.02.2021 18:29:53 UTC+01:00  |Outgoing|
Facebook Messenger|Rupert Beae|100063691416962|Jose Topgun|100064031851829||20.02.2021 18:30:54 UTC+01:00  |Outgoing|"{""Path"": ""Maverick_Samsung_Galaxy_S21/Attachments/File/0/Messages-Chat/Messages-Chat_62/1.png"", ""id"": 61}, {""Path"": ""Maverick_Samsung_Galaxy_S21/Attachments/File/0/Messages-Chat/Messages-Chat_62/0.png"", ""id"": 62}"
Facebook Messenger|Rupert Beae|100063691416962|Jose Topgun|100064031851829|Damn u silly|03.03.2021 08:39:44 UTC+01:00  |Outgoing|
Facebook Messenger|Jose Topgun|100064031851829|Rupert Beae|100063691416962|Yes boss. Going out now|03.03.2021 17:43:02 UTC+01:00  |Incoming|
Facebook Messenger|Jose Topgun|100064031851829|Rupert Beae|100063691416962||05.03.2021 20:06:07 UTC+01:00  |Incoming|"{""Path"": ""Maverick_Samsung_Galaxy_S21/Attachments/File/0/Messages-Chat/Messages-Chat_59/image-880735986041638(3).jpg"", ""id"": 58}, {""Path"": ""Maverick_Samsung_Galaxy_S21/Attachments/File/0/Messages-Chat/Messages-Chat_59/image-880735986041638(2).jpg"", ""id"": 59}, {""Path"": ""Maverick_Samsung_Galaxy_S21/Attachments/File/0/Messages-Chat/Messages-Chat_59/image-880735986041638(4).jpg"", ""id"": 61}, {""Path"": ""Maverick_Samsung_Galaxy_S21/Attachments/File/0/Messages-Chat/Messages-Chat_59/image-880735986041638.jpg"", ""id"": 62}"
Facebook Messenger|Jose Topgun|100064031851829|Rupert Beae|100063691416962|Hot wheels 🤩|05.03.2021 20:06:11 UTC+01:00  |Incoming|
Facebook Messenger|Jose Topgun|100064031851829|Rupert Beae|100063691416962|Sweet mini van, let's use it to carry all the loot|06.03.2021 09:45:23 UTC+01:00  |Incoming|
Facebook Messenger|Rupert Beae|100063691416962|Jose Topgun|100064031851829|Yep going back there soon. Know a guy who will take it off our hands after the job is done. Make some extra cash on top of the big loot.|07.03.2021 08:03:31 UTC+01:00  |Outgoing|
Facebook Messenger|Jose Topgun|100064031851829|Rupert Beae|100063691416962||07.03.2021 08:24:55 UTC+01:00  |Incoming|"{""Path"": ""Maverick_Samsung_Galaxy_S21/Attachments/File/0/Messages-Chat/Messages-Chat_55/1.png"", ""id"": 54}, {""Path"": ""Maverick_Samsung_Galaxy_S21/Attachments/File/0/Messages-Chat/Messages-Chat_55/0.png"", ""id"": 55}"
Facebook Messenger|Rupert Beae|100063691416962|Jose Topgun|100064031851829||07.03.2021 10:15:42 UTC+01:00  |Outgoing|"{""Path"": ""Maverick_Samsung_Galaxy_S21/Attachments/File/0/Messages-Chat/Messages-Chat_54/image-240752817759975(3).jpg"", ""id"": 53}, {""Path"": ""Maverick_Samsung_Galaxy_S21/Attachments/File/0/Messages-Chat/Messages-Chat_54/image-240752817759975(2).jpg"", ""id"": 54}, {""Path"": ""Maverick_Samsung_Galaxy_S21/Attachments/File/0/Messages-Chat/Messages-Chat_54/image-240752817759975(4).jpg"", ""id"": 56}, {""Path"": ""Maverick_Samsung_Galaxy_S21/Attachments/File/0/Messages-Chat/Messages-Chat_54/image-240752817759975.jpg"", ""id"": 57}"
Facebook Messenger|Rupert Beae|100063691416962|Jose Topgun|100064031851829|Score!|07.03.2021 10:15:47 UTC+01:00  |Outgoing|
Facebook Messenger|Jose Topgun|100064031851829|Rupert Beae|100063691416962|So sweet , what a score. You hit the big time with that baby|07.03.2021 10:17:06 UTC+01:00  |Incoming|
Facebook Messenger|Rupert Beae|100063691416962|Jose Topgun|100064031851829|Worth a lot of money 💰 for sure|07.03.2021 15:56:14 UTC+01:00  |Outgoing|
Facebook Messenger|Jose Topgun|100064031851829|Rupert Beae|100063691416962||07.03.2021 16:01:44 UTC+01:00  |Incoming|"{""Path"": ""Maverick_Samsung_Galaxy_S21/Attachments/File/0/Messages-Chat/Messages-Chat_50/1.png"", ""id"": 49}, {""Path"": ""Maverick_Samsung_Galaxy_S21/Attachments/File/0/Messages-Chat/Messages-Chat_50/0.png"", ""id"": 50}"
Facebook Messenger|Jose Topgun|100064031851829|Rupert Beae|100063691416962||08.03.2021 19:05:50 UTC+01:00  |Incoming|"{""Path"": ""Maverick_Samsung_Galaxy_S21/Attachments/File/0/Messages-Chat/Messages-Chat_49/image-137857568227428(3).jpg"", ""id"": 48}, {""Path"": ""Maverick_Samsung_Galaxy_S21/Attachments/File/0/Messages-Chat/Messages-Chat_49/image-137857568227428(2).jpg"", ""id"": 49}, {""Path"": ""Maverick_Samsung_Galaxy_S21/Attachments/File/0/Messages-Chat/Messages-Chat_49/image-137857568227428(4).jpg"", ""id"": 51}, {""Path"": ""Maverick_Samsung_Galaxy_S21/Attachments/File/0/Messages-Chat/Messages-Chat_49/image-137857568227428.jpg"", ""id"": 52}"
Facebook Messenger|Rupert Beae|100063691416962|Jose Topgun|100064031851829||11.03.2021 19:47:55 UTC+01:00  |Outgoing|"{""Path"": ""Maverick_Samsung_Galaxy_S21/Attachments/File/0/Messages-Chat/Messages-Chat_48/image-340030084081630(3).jpg"", ""id"": 47}, {""Path"": ""Maverick_Samsung_Galaxy_S21/Attachments/File/0/Messages-Chat/Messages-Chat_48/image-340030084081630(2).jpg"", ""id"": 48}, {""Path"": ""Maverick_Samsung_Galaxy_S21/Attachments/File/0/Messages-Chat/Messages-Chat_48/image-340030084081630(4).jpg"", ""id"": 50}, {""Path"": ""Maverick_Samsung_Galaxy_S21/Attachments/File/0/Messages-Chat/Messages-Chat_48/image-340030084081630.jpg"", ""id"": 51}"
Facebook Messenger|Rupert Beae|100063691416962|Jose Topgun|100064031851829|Stash location is cool|11.03.2021 19:48:06 UTC+01:00  |Outgoing|
Facebook Messenger|Jose Topgun|100064031851829|Rupert Beae|100063691416962|Yes but naturally keep it quiet. Don't want the whole world to know about this place...|11.03.2021 21:42:17 UTC+01:00  |Incoming|
Facebook Messenger|Rupert Beae|100063691416962|Jose Topgun|100064031851829||11.03.2021 21:46:39 UTC+01:00  |Outgoing|"{""Path"": ""Maverick_Samsung_Galaxy_S21/Attachments/File/0/Messages-Chat/Messages-Chat_45/1.png"", ""id"": 44}, {""Path"": ""Maverick_Samsung_Galaxy_S21/Attachments/File/0/Messages-Chat/Messages-Chat_45/0.png"", ""id"": 45}"
Facebook Messenger|Rupert Beae|100063691416962|Jose Topgun|100064031851829|Naturally 😁|11.03.2021 21:46:49 UTC+01:00  |Outgoing|
Facebook Messenger|Jose Topgun|100064031851829|Rupert Beae|100063691416962||12.03.2021 20:20:22 UTC+01:00  |Incoming|"{""Path"": ""Maverick_Samsung_Galaxy_S21/Attachments/File/0/Messages-Chat/Messages-Chat_43/1.jpg"", ""id"": 42}, {""Path"": ""Maverick_Samsung_Galaxy_S21/Attachments/File/0/Messages-Chat/Messages-Chat_43/0.jpg"", ""id"": 43}"
Facebook Messenger|Rupert Beae|100063691416962|Jose Topgun|100064031851829||12.03.2021 20:36:54 UTC+01:00  |Outgoing|"{""Path"": ""Maverick_Samsung_Galaxy_S21/Attachments/File/0/Messages-Chat/Messages-Chat_42/1.jpg"", ""id"": 41}, {""Path"": ""Maverick_Samsung_Galaxy_S21/Attachments/File/0/Messages-Chat/Messages-Chat_42/0.jpg"", ""id"": 42}"
Facebook Messenger|Rupert Beae|100063691416962|Jose Topgun|100064031851829||13.03.2021 11:45:35 UTC+01:00  |Outgoing|"{""Path"": ""Maverick_Samsung_Galaxy_S21/Attachments/File/0/Messages-Chat/Messages-Chat_41/video-1615632334.mp4"", ""id"": 40}, {""Path"": ""Maverick_Samsung_Galaxy_S21/Attachments/File/0/Messages-Chat/Messages-Chat_41/video-1615632334.mp4.jpg"", ""id"": 41}"
Facebook Messenger|Rupert Beae|100063691416962|Jose Topgun|100064031851829||19.03.2021 20:13:45 UTC+01:00  |Outgoing|"{""Path"": ""Maverick_Samsung_Galaxy_S21/Attachments/File/0/Messages-Chat/Messages-Chat_40/video-1616181224.mp4"", ""id"": 39}, {""Path"": ""Maverick_Samsung_Galaxy_S21/Attachments/File/0/Messages-Chat/Messages-Chat_40/video-1616181224.mp4.jpg"", ""id"": 40}"
Facebook Messenger|Jose Topgun|100064031851829|Rupert Beae|100063691416962|https://youtube.com/watch?v=cRIfsFefatg&feature=share|20.03.2021 10:45:42 UTC+01:00  |Incoming|
Facebook Messenger|Rupert Beae|100063691416962|Jose Topgun|100064031851829|😁|20.03.2021 11:26:47 UTC+01:00  |Outgoing|
Facebook Messenger|Rupert Beae|100063691416962|Jose Topgun|100064031851829||20.03.2021 16:40:02 UTC+01:00  |Outgoing|"{""Path"": ""Maverick_Samsung_Galaxy_S21/Attachments/File/0/Messages-Chat/Messages-Chat_37/image-276939360693340(3).jpg"", ""id"": 36}, {""Path"": ""Maverick_Samsung_Galaxy_S21/Attachments/File/0/Messages-Chat/Messages-Chat_37/image-276939360693340(2).jpg"", ""id"": 37}, {""Path"": ""Maverick_Samsung_Galaxy_S21/Attachments/File/0/Messages-Chat/Messages-Chat_37/image-276939360693340(4).jpg"", ""id"": 39}, {""Path"": ""Maverick_Samsung_Galaxy_S21/Attachments/File/0/Messages-Chat/Messages-Chat_37/image-276939360693340.jpg"", ""id"": 40}"
Facebook Messenger|Rupert Beae|100063691416962|Jose Topgun|100064031851829|Can you meet me here dude?|20.03.2021 16:42:24 UTC+01:00  |Outgoing|
Facebook Messenger|Rupert Beae|100063691416962|Jose Topgun|100064031851829||20.03.2021 22:49:25 UTC+01:00  |Outgoing|"{""Path"": ""Maverick_Samsung_Galaxy_S21/Attachments/File/0/Messages-Chat/Messages-Chat_35/1.jpg"", ""id"": 34}, {""Path"": ""Maverick_Samsung_Galaxy_S21/Attachments/File/0/Messages-Chat/Messages-Chat_35/0.jpg"", ""id"": 35}"
Facebook Messenger|Rupert Beae|100063691416962|Jose Topgun|100064031851829||24.03.2021 15:25:50 UTC+01:00  |Outgoing|
Facebook Messenger|Jose Topgun|100064031851829|Rupert Beae|100063691416962||28.03.2021 20:50:07 UTC+02:00  |Incoming|"{""Path"": ""Maverick_Samsung_Galaxy_S21/Attachments/File/0/Messages-Chat/Messages-Chat_33/image-3927815553920468(3).jpg"", ""id"": 32}, {""Path"": ""Maverick_Samsung_Galaxy_S21/Attachments/File/0/Messages-Chat/Messages-Chat_33/image-3927815553920468(2).jpg"", ""id"": 33}, {""Path"": ""Maverick_Samsung_Galaxy_S21/Attachments/File/0/Messages-Chat/Messages-Chat_33/image-3927815553920468(4).jpg"", ""id"": 35}, {""Path"": ""Maverick_Samsung_Galaxy_S21/Attachments/File/0/Messages-Chat/Messages-Chat_33/image-3927815553920468.jpg"", ""id"": 36}"
Facebook Messenger|Jose Topgun|100064031851829|Rupert Beae|100063691416962|Having a coffee|28.03.2021 20:50:12 UTC+02:00  |Incoming|
Facebook Messenger|Rupert Beae|100063691416962|Jose Topgun|100064031851829||29.03.2021 18:40:21 UTC+02:00  |Outgoing|"{""Path"": ""Maverick_Samsung_Galaxy_S21/Attachments/File/0/Messages-Chat/Messages-Chat_31/image-444131069989202(3).jpg"", ""id"": 30}, {""Path"": ""Maverick_Samsung_Galaxy_S21/Attachments/File/0/Messages-Chat/Messages-Chat_31/image-444131069989202(2).jpg"", ""id"": 31}, {""Path"": ""Maverick_Samsung_Galaxy_S21/Attachments/File/0/Messages-Chat/Messages-Chat_31/image-444131069989202(4).jpg"", ""id"": 33}, {""Path"": ""Maverick_Samsung_Galaxy_S21/Attachments/File/0/Messages-Chat/Messages-Chat_31/image-444131069989202.jpg"", ""id"": 34}"
Facebook Messenger|Rupert Beae|100063691416962|Jose Topgun|100064031851829|Working|29.03.2021 18:40:25 UTC+02:00  |Outgoing|
Facebook Messenger|Jose Topgun|100064031851829|Rupert Beae|100063691416962|Me too|29.03.2021 18:46:47 UTC+02:00  |Incoming|
Facebook Messenger|Jose Topgun|100064031851829|Rupert Beae|100063691416962||29.03.2021 18:46:59 UTC+02:00  |Incoming|"{""Path"": ""Maverick_Samsung_Galaxy_S21/Attachments/File/0/Messages-Chat/Messages-Chat_28/image-302023324684227(3).jpg"", ""id"": 27}, {""Path"": ""Maverick_Samsung_Galaxy_S21/Attachments/File/0/Messages-Chat/Messages-Chat_28/image-302023324684227(2).jpg"", ""id"": 28}, {""Path"": ""Maverick_Samsung_Galaxy_S21/Attachments/File/0/Messages-Chat/Messages-Chat_28/image-302023324684227(4).jpg"", ""id"": 30}, {""Path"": ""Maverick_Samsung_Galaxy_S21/Attachments/File/0/Messages-Chat/Messages-Chat_28/image-302023324684227.jpg"", ""id"": 31}"
Facebook Messenger|Jose Topgun|100064031851829|Rupert Beae|100063691416962||29.03.2021 18:58:29 UTC+02:00|Incoming|"{""Path"": ""Maverick_Samsung_Galaxy_S21/Attachments/File/0/Messages-Chat/Messages-Chat_27/image-842205993034853(3).jpg"", ""id"": 26}, {""Path"": ""Maverick_Samsung_Galaxy_S21/Attachments/File/0/Messages-Chat/Messages-Chat_27/image-842205993034853(2).jpg"", ""id"": 27}, {""Path"": ""Maverick_Samsung_Galaxy_S21/Attachments/File/0/Messages-Chat/Messages-Chat_27/image-842205993034853(4).jpg"", ""id"": 29}, {""Path"": ""Maverick_Samsung_Galaxy_S21/Attachments/File/0/Messages-Chat/Messages-Chat_27/image-842205993034853.jpg"", ""id"": 30}"
Facebook Messenger|Rupert Beae|100063691416962|Goldy Finger|100063606951015||20.02.2021 18:40:15 UTC+01:00  |Outgoing|"{""Path"": ""Maverick_Samsung_Galaxy_S21/Attachments/File/0/Messages-Chat/Messages-Chat_163/image-425426845232642(3).jpg"", ""id"": 162}, {""Path"": ""Maverick_Samsung_Galaxy_S21/Attachments/File/0/Messages-Chat/Messages-Chat_163/image-425426845232642(2).jpg"", ""id"": 163}, {""Path"": ""Maverick_Samsung_Galaxy_S21/Attachments/File/0/Messages-Chat/Messages-Chat_163/image-425426845232642.jpg"", ""id"": 165}"
Facebook Messenger|Goldy Finger|100063606951015|Rupert Beae|100063691416962||20.02.2021 18:46:25 UTC+01:00  |Incoming|"{""Path"": ""Maverick_Samsung_Galaxy_S21/Attachments/File/0/Messages-Chat/Messages-Chat_162/image-917380002134391(3).png"", ""id"": 161}, {""Path"": ""Maverick_Samsung_Galaxy_S21/Attachments/File/0/Messages-Chat/Messages-Chat_162/image-917380002134391(2).png"", ""id"": 162}, {""Path"": ""Maverick_Samsung_Galaxy_S21/Attachments/File/0/Messages-Chat/Messages-Chat_162/image-917380002134391(4).png"", ""id"": 164}, {""Path"": ""Maverick_Samsung_Galaxy_S21/Attachments/File/0/Messages-Chat/Messages-Chat_162/image-917380002134391.png"", ""id"": 165}"
Facebook Messenger|Goldy Finger|100063606951015|Rupert Beae|100063691416962|You need some? I know a dude|21.02.2021 08:22:36 UTC+01:00  |Incoming|
Facebook Messenger|Rupert Beae|100063691416962|Goldy Finger|100063606951015|Yes good thinking. Be stupid to get caught with our real phones....|21.02.2021 08:25:01 UTC+01:00  |Outgoing|
Facebook Messenger|Goldy Finger|100063606951015|Rupert Beae|100063691416962|Yep|21.02.2021 08:27:24 UTC+01:00  |Incoming|
Facebook Messenger|Rupert Beae|100063691416962|Goldy Finger|100063606951015||21.02.2021 08:27:33 UTC+01:00  |Outgoing|"{""Path"": ""Maverick_Samsung_Galaxy_S21/Attachments/File/0/Messages-Chat/Messages-Chat_158/1.png"", ""id"": 157}, {""Path"": ""Maverick_Samsung_Galaxy_S21/Attachments/File/0/Messages-Chat/Messages-Chat_158/0.png"", ""id"": 158}"
Facebook Messenger|Goldy Finger|100063606951015|Rupert Beae|100063691416962|I fix|21.02.2021 08:27:41 UTC+01:00  |Incoming|
Facebook Messenger|Rupert Beae|100063691416962|Goldy Finger|100063606951015|What's up.  You busy tonight?|22.02.2021 20:02:58 UTC+01:00  |Outgoing|
Facebook Messenger|Rupert Beae|100063691416962|Goldy Finger|100063606951015|U like?|22.02.2021 20:46:21 UTC+01:00  |Outgoing|
Facebook Messenger|Rupert Beae|100063691416962|Goldy Finger|100063606951015||22.02.2021 20:46:26 UTC+01:00  |Outgoing|"{""Path"": ""Maverick_Samsung_Galaxy_S21/Attachments/File/0/Messages-Chat/Messages-Chat_154/image-224545192715965(3).jpg"", ""id"": 153}, {""Path"": ""Maverick_Samsung_Galaxy_S21/Attachments/File/0/Messages-Chat/Messages-Chat_154/image-224545192715965(2).jpg"", ""id"": 154}, {""Path"": ""Maverick_Samsung_Galaxy_S21/Attachments/File/0/Messages-Chat/Messages-Chat_154/image-224545192715965(4).jpg"", ""id"": 156}, {""Path"": ""Maverick_Samsung_Galaxy_S21/Attachments/File/0/Messages-Chat/Messages-Chat_154/image-224545192715965.jpg"", ""id"": 157}"
Facebook Messenger|Goldy Finger|100063606951015|Rupert Beae|100063691416962|Yes where|22.02.2021 20:59:22 UTC+01:00  |Incoming|
Facebook Messenger|Rupert Beae|100063691416962|Goldy Finger|100063606951015||22.02.2021 22:08:26 UTC+01:00  |Outgoing|"{""Path"": ""Maverick_Samsung_Galaxy_S21/Attachments/File/0/Messages-Chat/Messages-Chat_152/image-812826959447165(3).jpg"", ""id"": 151}, {""Path"": ""Maverick_Samsung_Galaxy_S21/Attachments/File/0/Messages-Chat/Messages-Chat_152/image-812826959447165(2).jpg"", ""id"": 152}, {""Path"": ""Maverick_Samsung_Galaxy_S21/Attachments/File/0/Messages-Chat/Messages-Chat_152/image-812826959447165(4).jpg"", ""id"": 154}, {""Path"": ""Maverick_Samsung_Galaxy_S21/Attachments/File/0/Messages-Chat/Messages-Chat_152/image-812826959447165.jpg"", ""id"": 155}"
Facebook Messenger|Rupert Beae|100063691416962|Goldy Finger|100063606951015||22.02.2021 22:08:33 UTC+01:00  |Outgoing|"{""Path"": ""Maverick_Samsung_Galaxy_S21/Attachments/File/0/Messages-Chat/Messages-Chat_151/image-549440642683438(3).jpg"", ""id"": 150}, {""Path"": ""Maverick_Samsung_Galaxy_S21/Attachments/File/0/Messages-Chat/Messages-Chat_151/image-549440642683438(2).jpg"", ""id"": 151}, {""Path"": ""Maverick_Samsung_Galaxy_S21/Attachments/File/0/Messages-Chat/Messages-Chat_151/image-549440642683438(4).jpg"", ""id"": 153}, {""Path"": ""Maverick_Samsung_Galaxy_S21/Attachments/File/0/Messages-Chat/Messages-Chat_151/image-549440642683438.jpg"", ""id"": 154}"
Facebook Messenger|Rupert Beae|100063691416962|Goldy Finger|100063606951015||22.02.2021 22:08:35 UTC+01:00  |Outgoing|"{""Path"": ""Maverick_Samsung_Galaxy_S21/Attachments/File/0/Messages-Chat/Messages-Chat_150/image-1858661317616769(3).jpg"", ""id"": 149}, {""Path"": ""Maverick_Samsung_Galaxy_S21/Attachments/File/0/Messages-Chat/Messages-Chat_150/image-1858661317616769(2).jpg"", ""id"": 150}, {""Path"": ""Maverick_Samsung_Galaxy_S21/Attachments/File/0/Messages-Chat/Messages-Chat_150/image-1858661317616769(4).jpg"", ""id"": 152}, {""Path"": ""Maverick_Samsung_Galaxy_S21/Attachments/File/0/Messages-Chat/Messages-Chat_150/image-1858661317616769.jpg"", ""id"": 153}"
Facebook Messenger|Rupert Beae|100063691416962|Goldy Finger|100063606951015|Easy access|22.02.2021 22:08:45 UTC+01:00  |Outgoing|
Facebook Messenger|Goldy Finger|100063606951015|Rupert Beae|100063691416962|Perfect|23.02.2021 13:19:27 UTC+01:00  |Incoming|
Facebook Messenger|Rupert Beae|100063691416962|Goldy Finger|100063606951015||23.02.2021 13:20:27 UTC+01:00  |Outgoing|"{""Path"": ""Maverick_Samsung_Galaxy_S21/Attachments/File/0/Messages-Chat/Messages-Chat_147/1.png"", ""id"": 146}, {""Path"": ""Maverick_Samsung_Galaxy_S21/Attachments/File/0/Messages-Chat/Messages-Chat_147/0.png"", ""id"": 147}"
Facebook Messenger|Rupert Beae|100063691416962|Goldy Finger|100063606951015|Thanks will set up sometime this week 👍|23.02.2021 13:20:45 UTC+01:00  |Outgoing|
Facebook Messenger|Goldy Finger|100063606951015|Rupert Beae|100063691416962|Escape routes?|23.02.2021 13:21:06 UTC+01:00  |Incoming|
Facebook Messenger|Rupert Beae|100063691416962|Goldy Finger|100063606951015|Tunnelbana?|25.02.2021 19:49:30 UTC+01:00  |Outgoing|
Facebook Messenger|Rupert Beae|100063691416962|Goldy Finger|100063606951015|Bunny girl?|25.02.2021 19:49:31 UTC+01:00  |Outgoing|
Facebook Messenger|Rupert Beae|100063691416962|Goldy Finger|100063606951015||25.02.2021 19:49:38 UTC+01:00  |Outgoing|"{""Path"": ""Maverick_Samsung_Galaxy_S21/Attachments/File/0/Messages-Chat/Messages-Chat_142/image-2773940232844903(3).jpg"", ""id"": 141}, {""Path"": ""Maverick_Samsung_Galaxy_S21/Attachments/File/0/Messages-Chat/Messages-Chat_142/image-2773940232844903(2).jpg"", ""id"": 142}, {""Path"": ""Maverick_Samsung_Galaxy_S21/Attachments/File/0/Messages-Chat/Messages-Chat_142/image-2773940232844903(4).jpg"", ""id"": 144}, {""Path"": ""Maverick_Samsung_Galaxy_S21/Attachments/File/0/Messages-Chat/Messages-Chat_142/image-2773940232844903.jpg"", ""id"": 145}"
Facebook Messenger|Rupert Beae|100063691416962|Goldy Finger|100063606951015||25.02.2021 19:51:01 UTC+01:00  |Outgoing|"{""Path"": ""Maverick_Samsung_Galaxy_S21/Attachments/File/0/Messages-Chat/Messages-Chat_141/video-1614278980.mp4"", ""id"": 140}, {""Path"": ""Maverick_Samsung_Galaxy_S21/Attachments/File/0/Messages-Chat/Messages-Chat_141/video-1614278980.mp4.jpg"", ""id"": 141}"
Facebook Messenger|Rupert Beae|100063691416962|Goldy Finger|100063606951015|You like?|26.02.2021 13:18:02 UTC+01:00  |Outgoing|
Facebook Messenger|Goldy Finger|100063606951015|Rupert Beae|100063691416962|Can’t see the attachment|26.02.2021 13:33:27 UTC+01:00  |Incoming|
Facebook Messenger|Rupert Beae|100063691416962|Goldy Finger|100063606951015|Bugger.|26.02.2021 13:35:55 UTC+01:00  |Outgoing|
Facebook Messenger|Rupert Beae|100063691416962|Goldy Finger|100063606951015||26.02.2021 13:36:01 UTC+01:00  |Outgoing|"{""Path"": ""Maverick_Samsung_Galaxy_S21/Attachments/File/0/Messages-Chat/Messages-Chat_137/image-746772846213641(3).jpg"", ""id"": 136}, {""Path"": ""Maverick_Samsung_Galaxy_S21/Attachments/File/0/Messages-Chat/Messages-Chat_137/image-746772846213641(2).jpg"", ""id"": 137}, {""Path"": ""Maverick_Samsung_Galaxy_S21/Attachments/File/0/Messages-Chat/Messages-Chat_137/image-746772846213641(4).jpg"", ""id"": 139}, {""Path"": ""Maverick_Samsung_Galaxy_S21/Attachments/File/0/Messages-Chat/Messages-Chat_137/image-746772846213641.jpg"", ""id"": 140}"
Facebook Messenger|Goldy Finger|100063606951015|Rupert Beae|100063691416962|Nice go grab|26.02.2021 13:47:20 UTC+01:00  |Incoming|
Facebook Messenger|Rupert Beae|100063691416962|Goldy Finger|100063606951015|I grabbed and got. Come get it😁|26.02.2021 14:05:36 UTC+01:00  |Outgoing|
Facebook Messenger|Goldy Finger|100063606951015|Rupert Beae|100063691416962|Ha ha nice|26.02.2021 20:18:27 UTC+01:00  |Incoming|
Facebook Messenger|Goldy Finger|100063606951015|Rupert Beae|100063691416962||01.03.2021 18:17:16 UTC+01:00  |Incoming|"{""Path"": ""Maverick_Samsung_Galaxy_S21/Attachments/File/0/Messages-Chat/Messages-Chat_133/image-247648406996706(3).jpg"", ""id"": 132}, {""Path"": ""Maverick_Samsung_Galaxy_S21/Attachments/File/0/Messages-Chat/Messages-Chat_133/image-247648406996706(2).jpg"", ""id"": 133}, {""Path"": ""Maverick_Samsung_Galaxy_S21/Attachments/File/0/Messages-Chat/Messages-Chat_133/image-247648406996706(4).jpg"", ""id"": 135}, {""Path"": ""Maverick_Samsung_Galaxy_S21/Attachments/File/0/Messages-Chat/Messages-Chat_133/image-247648406996706.jpg"", ""id"": 136}"
Facebook Messenger|Goldy Finger|100063606951015|Rupert Beae|100063691416962|Food is on|01.03.2021 18:17:21 UTC+01:00  |Incoming|
Facebook Messenger|Rupert Beae|100063691416962|Goldy Finger|100063606951015|Golden balls?|02.03.2021 08:34:46 UTC+01:00  |Outgoing|
Facebook Messenger|Goldy Finger|100063606951015|Rupert Beae|100063691416962|You wish|02.03.2021 09:57:37 UTC+01:00  |Incoming|
Facebook Messenger|Rupert Beae|100063691416962|Goldy Finger|100063606951015||02.03.2021 19:03:21 UTC+01:00  |Outgoing|"{""Path"": ""Maverick_Samsung_Galaxy_S21/Attachments/File/0/Messages-Chat/Messages-Chat_129/image-745755319411962(3).jpg"", ""id"": 128}, {""Path"": ""Maverick_Samsung_Galaxy_S21/Attachments/File/0/Messages-Chat/Messages-Chat_129/image-745755319411962(2).jpg"", ""id"": 129}, {""Path"": ""Maverick_Samsung_Galaxy_S21/Attachments/File/0/Messages-Chat/Messages-Chat_129/image-745755319411962(4).jpg"", ""id"": 131}, {""Path"": ""Maverick_Samsung_Galaxy_S21/Attachments/File/0/Messages-Chat/Messages-Chat_129/image-745755319411962.jpg"", ""id"": 132}"
Facebook Messenger|Rupert Beae|100063691416962|Goldy Finger|100063606951015|Business class waste?|02.03.2021 19:03:37 UTC+01:00  |Outgoing|
Facebook Messenger|Goldy Finger|100063606951015|Rupert Beae|100063691416962|No other things flying now|03.03.2021 08:45:02 UTC+01:00  |Incoming|
Facebook Messenger|Goldy Finger|100063606951015|Rupert Beae|100063691416962||03.03.2021 08:45:20 UTC+01:00  |Incoming|"{""Path"": ""Maverick_Samsung_Galaxy_S21/Attachments/File/0/Messages-Chat/Messages-Chat_126/1.png"", ""id"": 125}, {""Path"": ""Maverick_Samsung_Galaxy_S21/Attachments/File/0/Messages-Chat/Messages-Chat_126/0.png"", ""id"": 126}"
Facebook Messenger|Goldy Finger|100063606951015|Rupert Beae|100063691416962||03.03.2021 13:06:44 UTC+01:00  |Incoming|"{""Path"": ""Maverick_Samsung_Galaxy_S21/Attachments/File/0/Messages-Chat/Messages-Chat_125/image-822184828365127(3).png"", ""id"": 124}, {""Path"": ""Maverick_Samsung_Galaxy_S21/Attachments/File/0/Messages-Chat/Messages-Chat_125/image-822184828365127(2).png"", ""id"": 125}, {""Path"": ""Maverick_Samsung_Galaxy_S21/Attachments/File/0/Messages-Chat/Messages-Chat_125/image-822184828365127(4).png"", ""id"": 127}, {""Path"": ""Maverick_Samsung_Galaxy_S21/Attachments/File/0/Messages-Chat/Messages-Chat_125/image-822184828365127.png"", ""id"": 128}"
Facebook Messenger|Goldy Finger|100063606951015|Rupert Beae|100063691416962|Looks like gold to me?!|03.03.2021 13:06:51 UTC+01:00  |Incoming|
Facebook Messenger|Rupert Beae|100063691416962|Goldy Finger|100063606951015|Sell it... we need the cash 💸|03.03.2021 13:38:19 UTC+01:00  |Outgoing|
Facebook Messenger|Goldy Finger|100063606951015|Rupert Beae|100063691416962|I need to snatch it first...|03.03.2021 20:19:56 UTC+01:00  |Incoming|
Facebook Messenger|Goldy Finger|100063606951015|Rupert Beae|100063691416962|Old lady came back too fast|03.03.2021 20:20:07 UTC+01:00  |Incoming|
Facebook Messenger|Rupert Beae|100063691416962|Goldy Finger|100063606951015|Right. OK next time.|03.03.2021 21:35:03 UTC+01:00  |Outgoing|
Facebook Messenger|Goldy Finger|100063606951015|Rupert Beae|100063691416962|Yep|04.03.2021 08:34:05 UTC+01:00  |Incoming|
Facebook Messenger|Goldy Finger|100063606951015|Rupert Beae|100063691416962||06.03.2021 17:59:29 UTC+01:00  |Incoming|"{""Path"": ""Maverick_Samsung_Galaxy_S21/Attachments/File/0/Messages-Chat/Messages-Chat_118/video-1615049969.mp4"", ""id"": 117}, {""Path"": ""Maverick_Samsung_Galaxy_S21/Attachments/File/0/Messages-Chat/Messages-Chat_118/video-1615049969.mp4.jpg"", ""id"": 118}"
Facebook Messenger|Rupert Beae|100063691416962|Goldy Finger|100063606951015|U likey da bling baby?|07.03.2021 08:00:08 UTC+01:00  |Outgoing|"{""Path"": ""Maverick_Samsung_Galaxy_S21/Attachments/File/0/Messages-Chat/Messages-Chat_117/1.jpg"", ""id"": 116}, {""Path"": ""Maverick_Samsung_Galaxy_S21/Attachments/File/0/Messages-Chat/Messages-Chat_117/0.jpg"", ""id"": 117}"
Facebook Messenger|Goldy Finger|100063606951015|Rupert Beae|100063691416962|Yes yes yes|07.03.2021 10:33:59 UTC+01:00  |Incoming|
Facebook Messenger|Rupert Beae|100063691416962|Goldy Finger|100063606951015|Whatever u like Angel....|07.03.2021 15:55:58 UTC+01:00  |Outgoing|
Facebook Messenger|Goldy Finger|100063606951015|Rupert Beae|100063691416962||07.03.2021 18:18:14 UTC+01:00  |Incoming|"{""Path"": ""Maverick_Samsung_Galaxy_S21/Attachments/File/0/Messages-Chat/Messages-Chat_114/1.png"", ""id"": 113}, {""Path"": ""Maverick_Samsung_Galaxy_S21/Attachments/File/0/Messages-Chat/Messages-Chat_114/0.png"", ""id"": 114}"
Facebook Messenger|Rupert Beae|100063691416962|Goldy Finger|100063606951015||09.03.2021 19:41:59 UTC+01:00  |Outgoing|"{""Path"": ""Maverick_Samsung_Galaxy_S21/Attachments/File/0/Messages-Chat/Messages-Chat_113/image-288804305999015(3).jpg"", ""id"": 112}, {""Path"": ""Maverick_Samsung_Galaxy_S21/Attachments/File/0/Messages-Chat/Messages-Chat_113/image-288804305999015(2).jpg"", ""id"": 113}, {""Path"": ""Maverick_Samsung_Galaxy_S21/Attachments/File/0/Messages-Chat/Messages-Chat_113/image-288804305999015(4).jpg"", ""id"": 115}, {""Path"": ""Maverick_Samsung_Galaxy_S21/Attachments/File/0/Messages-Chat/Messages-Chat_113/image-288804305999015.jpg"", ""id"": 116}"
Facebook Messenger|Rupert Beae|100063691416962|Goldy Finger|100063606951015|Gazelle head on a wall in a house round here . More money than sense?|09.03.2021 20:08:38 UTC+01:00  |Outgoing|
Facebook Messenger|Goldy Finger|100063606951015|Rupert Beae|100063691416962|No sellable though|09.03.2021 20:12:38 UTC+01:00  |Incoming|
Facebook Messenger|Rupert Beae|100063691416962|Goldy Finger|100063606951015||11.03.2021 19:47:35 UTC+01:00  |Outgoing|"{""Path"": ""Maverick_Samsung_Galaxy_S21/Attachments/File/0/Messages-Chat/Messages-Chat_110/image-550780409230143(3).jpg"", ""id"": 109}, {""Path"": ""Maverick_Samsung_Galaxy_S21/Attachments/File/0/Messages-Chat/Messages-Chat_110/image-550780409230143(2).jpg"", ""id"": 110}, {""Path"": ""Maverick_Samsung_Galaxy_S21/Attachments/File/0/Messages-Chat/Messages-Chat_110/image-550780409230143(4).jpg"", ""id"": 112}, {""Path"": ""Maverick_Samsung_Galaxy_S21/Attachments/File/0/Messages-Chat/Messages-Chat_110/image-550780409230143.jpg"", ""id"": 113}"
Facebook Messenger|Rupert Beae|100063691416962|Goldy Finger|100063606951015|Do you want to build a snowman?|11.03.2021 19:47:45 UTC+01:00  |Outgoing|
Facebook Messenger|Goldy Finger|100063606951015|Rupert Beae|100063691416962|Yeah cool guy 😂|12.03.2021 08:03:50 UTC+01:00  |Incoming|
Facebook Messenger|Rupert Beae|100063691416962|Goldy Finger|100063606951015||13.03.2021 11:45:33 UTC+01:00  |Outgoing|"{""Path"": ""Maverick_Samsung_Galaxy_S21/Attachments/File/0/Messages-Chat/Messages-Chat_107/video-1615632332.mp4"", ""id"": 106}, {""Path"": ""Maverick_Samsung_Galaxy_S21/Attachments/File/0/Messages-Chat/Messages-Chat_107/video-1615632332.mp4.jpg"", ""id"": 107}"
Facebook Messenger|Rupert Beae|100063691416962|Goldy Finger|100063606951015||13.03.2021 16:09:58 UTC+01:00  |Outgoing|"{""Path"": ""Maverick_Samsung_Galaxy_S21/Attachments/File/0/Messages-Chat/Messages-Chat_106/video-1615648197.mp4"", ""id"": 105}, {""Path"": ""Maverick_Samsung_Galaxy_S21/Attachments/File/0/Messages-Chat/Messages-Chat_106/video-1615648197.mp4.jpg"", ""id"": 106}"
Facebook Messenger|Goldy Finger|100063606951015|Rupert Beae|100063691416962|Is happy times|13.03.2021 18:32:40 UTC+01:00  |Incoming|
Facebook Messenger|Rupert Beae|100063691416962|Goldy Finger|100063606951015|Celebrate with a pair of diamond earrings?|13.03.2021 18:33:23 UTC+01:00  |Outgoing|
Facebook Messenger|Rupert Beae|100063691416962|Goldy Finger|100063606951015||13.03.2021 18:33:28 UTC+01:00  |Outgoing|"{""Path"": ""Maverick_Samsung_Galaxy_S21/Attachments/File/0/Messages-Chat/Messages-Chat_103/image-192574012263523(3).jpg"", ""id"": 102}, {""Path"": ""Maverick_Samsung_Galaxy_S21/Attachments/File/0/Messages-Chat/Messages-Chat_103/image-192574012263523(2).jpg"", ""id"": 103}, {""Path"": ""Maverick_Samsung_Galaxy_S21/Attachments/File/0/Messages-Chat/Messages-Chat_103/image-192574012263523(4).jpg"", ""id"": 105}, {""Path"": ""Maverick_Samsung_Galaxy_S21/Attachments/File/0/Messages-Chat/Messages-Chat_103/image-192574012263523.jpg"", ""id"": 106}"
Facebook Messenger|Goldy Finger|100063606951015|Rupert Beae|100063691416962|Yeahhhh I’m impressed|13.03.2021 18:35:24 UTC+01:00  |Incoming|
Facebook Messenger|Goldy Finger|100063606951015|Rupert Beae|100063691416962|Naxos is 💰|15.03.2021 08:27:27 UTC+01:00  |Incoming|
Facebook Messenger|Goldy Finger|100063606951015|Rupert Beae|100063691416962|Going back now|15.03.2021 08:27:27 UTC+01:00  |Incoming|
Facebook Messenger|Rupert Beae|100063691416962|Goldy Finger|100063606951015|Naxos in Greece or Nacka in Sweden?|15.03.2021 10:38:39 UTC+01:00  |Outgoing|
Facebook Messenger|Goldy Finger|100063606951015|Rupert Beae|100063691416962|Either 😃|15.03.2021 21:19:49 UTC+01:00  |Incoming|
Facebook Messenger|Goldy Finger|100063606951015|Rupert Beae|100063691416962|Closer with Nacka|15.03.2021 21:20:08 UTC+01:00  |Incoming|
Facebook Messenger|Rupert Beae|100063691416962|Goldy Finger|100063606951015||15.03.2021 21:23:04 UTC+01:00  |Outgoing|"{""Path"": ""Maverick_Samsung_Galaxy_S21/Attachments/File/0/Messages-Chat/Messages-Chat_96/1.png"", ""id"": 95}, {""Path"": ""Maverick_Samsung_Galaxy_S21/Attachments/File/0/Messages-Chat/Messages-Chat_96/0.png"", ""id"": 96}"
Facebook Messenger|Goldy Finger|100063606951015|Rupert Beae|100063691416962|You’ve been out today?|15.03.2021 21:23:53 UTC+01:00  |Incoming|
Facebook Messenger|Rupert Beae|100063691416962|Goldy Finger|100063606951015||15.03.2021 21:26:00 UTC+01:00  |Outgoing|"{""Path"": ""Maverick_Samsung_Galaxy_S21/Attachments/File/0/Messages-Chat/Messages-Chat_94/image-429237321474017(3).jpg"", ""id"": 93}, {""Path"": ""Maverick_Samsung_Galaxy_S21/Attachments/File/0/Messages-Chat/Messages-Chat_94/image-429237321474017(2).jpg"", ""id"": 94}, {""Path"": ""Maverick_Samsung_Galaxy_S21/Attachments/File/0/Messages-Chat/Messages-Chat_94/image-429237321474017(4).jpg"", ""id"": 96}, {""Path"": ""Maverick_Samsung_Galaxy_S21/Attachments/File/0/Messages-Chat/Messages-Chat_94/image-429237321474017.jpg"", ""id"": 97}"
Facebook Messenger|Rupert Beae|100063691416962|Goldy Finger|100063606951015|Seeing the sights|15.03.2021 21:26:05 UTC+01:00  |Outgoing|
Facebook Messenger|Goldy Finger|100063606951015|Rupert Beae|100063691416962|Wow|15.03.2021 22:46:04 UTC+01:00  |Incoming|
Facebook Messenger|Goldy Finger|100063606951015|Rupert Beae|100063691416962||15.03.2021 22:46:18 UTC+01:00  |Incoming|"{""Path"": ""Maverick_Samsung_Galaxy_S21/Attachments/File/0/Messages-Chat/Messages-Chat_91/image-824747368441144(3).jpg"", ""id"": 90}, {""Path"": ""Maverick_Samsung_Galaxy_S21/Attachments/File/0/Messages-Chat/Messages-Chat_91/image-824747368441144(2).jpg"", ""id"": 91}, {""Path"": ""Maverick_Samsung_Galaxy_S21/Attachments/File/0/Messages-Chat/Messages-Chat_91/image-824747368441144(4).jpg"", ""id"": 93}, {""Path"": ""Maverick_Samsung_Galaxy_S21/Attachments/File/0/Messages-Chat/Messages-Chat_91/image-824747368441144.jpg"", ""id"": 94}"
Facebook Messenger|Goldy Finger|100063606951015|Rupert Beae|100063691416962|YeAh me too 🤣|15.03.2021 22:46:31 UTC+01:00  |Incoming|
Facebook Messenger|Rupert Beae|100063691416962|Goldy Finger|100063606951015|So exotic 😍|16.03.2021 09:41:46 UTC+01:00  |Outgoing|
Facebook Messenger|Rupert Beae|100063691416962|Goldy Finger|100063606951015||16.03.2021 16:24:46 UTC+01:00  |Outgoing|"{""Path"": ""Maverick_Samsung_Galaxy_S21/Attachments/File/0/Messages-Chat/Messages-Chat_88/image-290034789133648(3).jpg"", ""id"": 87}, {""Path"": ""Maverick_Samsung_Galaxy_S21/Attachments/File/0/Messages-Chat/Messages-Chat_88/image-290034789133648(2).jpg"", ""id"": 88}, {""Path"": ""Maverick_Samsung_Galaxy_S21/Attachments/File/0/Messages-Chat/Messages-Chat_88/image-290034789133648(4).jpg"", ""id"": 90}, {""Path"": ""Maverick_Samsung_Galaxy_S21/Attachments/File/0/Messages-Chat/Messages-Chat_88/image-290034789133648.jpg"", ""id"": 91}"
Facebook Messenger|Rupert Beae|100063691416962|Goldy Finger|100063606951015|Depression era.|16.03.2021 16:24:52 UTC+01:00  |Outgoing|
Facebook Messenger|Goldy Finger|100063606951015|Rupert Beae|100063691416962|Ha ha|16.03.2021 19:23:25 UTC+01:00  |Incoming|
Facebook Messenger|Rupert Beae|100063691416962|Goldy Finger|100063606951015||18.03.2021 14:33:27 UTC+01:00  |Outgoing|"{""Path"": ""Maverick_Samsung_Galaxy_S21/Attachments/File/0/Messages-Chat/Messages-Chat_85/image-267014641665164(3).jpg"", ""id"": 84}, {""Path"": ""Maverick_Samsung_Galaxy_S21/Attachments/File/0/Messages-Chat/Messages-Chat_85/image-267014641665164(2).jpg"", ""id"": 85}, {""Path"": ""Maverick_Samsung_Galaxy_S21/Attachments/File/0/Messages-Chat/Messages-Chat_85/image-777444819824267(4).jpg"", ""id"": 88}, {""Path"": ""Maverick_Samsung_Galaxy_S21/Attachments/File/0/Messages-Chat/Messages-Chat_85/image-777444819824267(2).jpg"", ""id"": 89}, {""Path"": ""Maverick_Samsung_Galaxy_S21/Attachments/File/0/Messages-Chat/Messages-Chat_85/image-777444819824267(3).jpg"", ""id"": 90}, {""Path"": ""Maverick_Samsung_Galaxy_S21/Attachments/File/0/Messages-Chat/Messages-Chat_85/image-450718762806609(2).jpg"", ""id"": 92}, {""Path"": ""Maverick_Samsung_Galaxy_S21/Attachments/File/0/Messages-Chat/Messages-Chat_85/image-777444819824267.jpg"", ""id"": 93}, {""Path"": ""Maverick_Samsung_Galaxy_S21/Attachments/File/0/Messages-Chat/Messages-Chat_85/image-450718762806609.jpg"", ""id"": 95}, {""Path"": ""Maverick_Samsung_Galaxy_S21/Attachments/File/0/Messages-Chat/Messages-Chat_85/image-450718762806609(3).jpg"", ""id"": 96}, {""Path"": ""Maverick_Samsung_Galaxy_S21/Attachments/File/0/Messages-Chat/Messages-Chat_85/image-450718762806609(4).jpg"", ""id"": 97}, {""Path"": ""Maverick_Samsung_Galaxy_S21/Attachments/File/0/Messages-Chat/Messages-Chat_85/image-464434594702822(3).jpg"", ""id"": 99}, {""Path"": ""Maverick_Samsung_Galaxy_S21/Attachments/File/0/Messages-Chat/Messages-Chat_85/image-464434594702822(2).jpg"", ""id"": 100}"
Facebook Messenger|Rupert Beae|100063691416962|Goldy Finger|100063606951015|Zoom, zoom, zoom...|18.03.2021 14:33:33 UTC+01:00  |Outgoing|
Facebook Messenger|Rupert Beae|100063691416962|Goldy Finger|100063606951015|Want this one? https://variadesign.se/vikingasmycken/61-halsband-golden-wolf?fbclid=IwAR2Nx8kGgB8gvkmlSAfH1fTklSFRqLxxxagB5miTeTEYts5J9Gog6SDN1zE#&gid=1&pid=1|18.03.2021 14:35:55 UTC+01:00  |Outgoing|
Facebook Messenger|Goldy Finger|100063606951015|Rupert Beae|100063691416962||19.03.2021 10:18:56 UTC+01:00  |Incoming|"{""Path"": ""Maverick_Samsung_Galaxy_S21/Attachments/File/0/Messages-Chat/Messages-Chat_82/image-740938429945544(3).jpg"", ""id"": 81}, {""Path"": ""Maverick_Samsung_Galaxy_S21/Attachments/File/0/Messages-Chat/Messages-Chat_82/image-740938429945544(2).jpg"", ""id"": 82}, {""Path"": ""Maverick_Samsung_Galaxy_S21/Attachments/File/0/Messages-Chat/Messages-Chat_82/image-740938429945544(4).jpg"", ""id"": 84}, {""Path"": ""Maverick_Samsung_Galaxy_S21/Attachments/File/0/Messages-Chat/Messages-Chat_82/image-740938429945544.jpg"", ""id"": 85}"
Facebook Messenger|Rupert Beae|100063691416962|Goldy Finger|100063606951015|On ya bike !|19.03.2021 10:28:36 UTC+01:00  |Outgoing|
Facebook Messenger|Goldy Finger|100063606951015|Rupert Beae|100063691416962|Good getaway thingy in the city|19.03.2021 10:40:26 UTC+01:00  |Incoming|
Facebook Messenger|Rupert Beae|100063691416962|Goldy Finger|100063606951015||19.03.2021 11:42:14 UTC+01:00  |Outgoing|"{""Path"": ""Maverick_Samsung_Galaxy_S21/Attachments/File/0/Messages-Chat/Messages-Chat_79/image-461960125003506(3).jpg"", ""id"": 78}, {""Path"": ""Maverick_Samsung_Galaxy_S21/Attachments/File/0/Messages-Chat/Messages-Chat_79/image-461960125003506(2).jpg"", ""id"": 79}, {""Path"": ""Maverick_Samsung_Galaxy_S21/Attachments/File/0/Messages-Chat/Messages-Chat_79/image-461960125003506(4).jpg"", ""id"": 81}, {""Path"": ""Maverick_Samsung_Galaxy_S21/Attachments/File/0/Messages-Chat/Messages-Chat_79/image-461960125003506.jpg"", ""id"": 82}"
Facebook Messenger|Rupert Beae|100063691416962|Goldy Finger|100063606951015|Also getaway thingy in the city|19.03.2021 11:42:26 UTC+01:00  |Outgoing|
Facebook Messenger|Goldy Finger|100063606951015|Rupert Beae|100063691416962|But they cost.....|19.03.2021 13:38:06 UTC+01:00  |Incoming|
Facebook Messenger|Rupert Beae|100063691416962|Goldy Finger|100063606951015||19.03.2021 20:13:44 UTC+01:00  |Outgoing|"{""Path"": ""Maverick_Samsung_Galaxy_S21/Attachments/File/0/Messages-Chat/Messages-Chat_76/video-1616181223.mp4"", ""id"": 75}, {""Path"": ""Maverick_Samsung_Galaxy_S21/Attachments/File/0/Messages-Chat/Messages-Chat_76/video-1616181223.mp4.jpg"", ""id"": 76}"
Facebook Messenger|Goldy Finger|100063606951015|Rupert Beae|100063691416962|Work time|20.03.2021 16:42:23 UTC+01:00  |Incoming|
Facebook Messenger|Goldy Finger|100063606951015|Rupert Beae|100063691416962||20.03.2021 16:42:24 UTC+01:00  |Incoming|"{""Path"": ""Maverick_Samsung_Galaxy_S21/Attachments/File/0/Messages-Chat/Messages-Chat_74/image-375368053429928(3).jpg"", ""id"": 73}, {""Path"": ""Maverick_Samsung_Galaxy_S21/Attachments/File/0/Messages-Chat/Messages-Chat_74/image-375368053429928(2).jpg"", ""id"": 74}, {""Path"": ""Maverick_Samsung_Galaxy_S21/Attachments/File/0/Messages-Chat/Messages-Chat_74/image-375368053429928(4).jpg"", ""id"": 76}, {""Path"": ""Maverick_Samsung_Galaxy_S21/Attachments/File/0/Messages-Chat/Messages-Chat_74/image-375368053429928.jpg"", ""id"": 77}"
Facebook Messenger|Rupert Beae|100063691416962|Goldy Finger|100063606951015||20.03.2021 16:45:47 UTC+01:00  |Outgoing|"{""Path"": ""Maverick_Samsung_Galaxy_S21/Attachments/File/0/Messages-Chat/Messages-Chat_73/1.png"", ""id"": 72}, {""Path"": ""Maverick_Samsung_Galaxy_S21/Attachments/File/0/Messages-Chat/Messages-Chat_73/0.png"", ""id"": 73}"
Facebook Messenger|Rupert Beae|100063691416962|Goldy Finger|100063606951015||21.03.2021 12:20:02 UTC+01:00  |Outgoing|"{""Path"": ""Maverick_Samsung_Galaxy_S21/Attachments/File/0/Messages-Chat/Messages-Chat_72/1.jpg"", ""id"": 71}, {""Path"": ""Maverick_Samsung_Galaxy_S21/Attachments/File/0/Messages-Chat/Messages-Chat_72/0.jpg"", ""id"": 72}"
Facebook Messenger|Goldy Finger|100063606951015|Rupert Beae|100063691416962|Yeo!!!!! Fav|22.03.2021 10:44:46 UTC+01:00  |Incoming|
Facebook Messenger|Rupert Beae|100063691416962|Goldy Finger|100063606951015||24.03.2021 18:28:00 UTC+01:00  |Outgoing|"{""Path"": ""Maverick_Samsung_Galaxy_S21/Attachments/File/0/Messages-Chat/Messages-Chat_70/image-292267105569986(3).jpg"", ""id"": 69}, {""Path"": ""Maverick_Samsung_Galaxy_S21/Attachments/File/0/Messages-Chat/Messages-Chat_70/image-292267105569986(2).jpg"", ""id"": 70}, {""Path"": ""Maverick_Samsung_Galaxy_S21/Attachments/File/0/Messages-Chat/Messages-Chat_70/image-292267105569986(4).jpg"", ""id"": 72}, {""Path"": ""Maverick_Samsung_Galaxy_S21/Attachments/File/0/Messages-Chat/Messages-Chat_70/image-292267105569986.jpg"", ""id"": 73}"
Facebook Messenger|Goldy Finger|100063606951015|Rupert Beae|100063691416962|Oh wooow|26.03.2021 13:22:58 UTC+01:00  |Incoming|
Facebook Messenger|Rupert Beae|100063691416962|Goldy Finger|100063606951015||26.03.2021 18:36:56 UTC+01:00  |Outgoing|"{""Path"": ""Maverick_Samsung_Galaxy_S21/Attachments/File/0/Messages-Chat/Messages-Chat_68/image-299399834938794(3).jpg"", ""id"": 67}, {""Path"": ""Maverick_Samsung_Galaxy_S21/Attachments/File/0/Messages-Chat/Messages-Chat_68/image-299399834938794(2).jpg"", ""id"": 68}, {""Path"": ""Maverick_Samsung_Galaxy_S21/Attachments/File/0/Messages-Chat/Messages-Chat_68/image-299399834938794(4).jpg"", ""id"": 70}, {""Path"": ""Maverick_Samsung_Galaxy_S21/Attachments/File/0/Messages-Chat/Messages-Chat_68/image-299399834938794.jpg"", ""id"": 71}"
Facebook Messenger|Rupert Beae|100063691416962|Goldy Finger|100063606951015|Yes who hoo|26.03.2021 18:42:44 UTC+01:00  |Outgoing|
Facebook Messenger|Goldy Finger|100063606951015|Rupert Beae|100063691416962|Wooooooow|27.03.2021 09:29:25 UTC+01:00|Incoming|
Facebook Messenger|Twi Grey|100064013462482|Rupert Beae|100063691416962|Hey|21.02.2021 10:23:11 UTC+01:00  |Incoming|
Facebook Messenger|Rupert Beae|100063691416962|Twi Grey|100064013462482|Oh hello world's best international jewel thief|21.02.2021 10:44:42 UTC+01:00  |Outgoing|
Facebook Messenger|Rupert Beae|100063691416962|Twi Grey|100064013462482||21.02.2021 10:44:43 UTC+01:00  |Outgoing|"{""Path"": ""Maverick_Samsung_Galaxy_S21/Attachments/File/0/Messages-Chat/Messages-Chat_24/gif-133380165330536.gif"", ""id"": 23}"
Facebook Messenger|Twi Grey|100064013462482|Rupert Beae|100063691416962||21.02.2021 13:31:22 UTC+01:00  |Incoming|"{""Path"": ""Maverick_Samsung_Galaxy_S21/Attachments/File/0/Messages-Chat/Messages-Chat_23/1.png"", ""id"": 22}, {""Path"": ""Maverick_Samsung_Galaxy_S21/Attachments/File/0/Messages-Chat/Messages-Chat_23/0.png"", ""id"": 23}"
Facebook Messenger|Rupert Beae|100063691416962|Twi Grey|100064013462482||02.03.2021 19:39:12 UTC+01:00  |Outgoing|"{""Path"": ""Maverick_Samsung_Galaxy_S21/Attachments/File/0/Messages-Chat/Messages-Chat_22/1.jpg"", ""id"": 21}, {""Path"": ""Maverick_Samsung_Galaxy_S21/Attachments/File/0/Messages-Chat/Messages-Chat_22/0.jpg"", ""id"": 22}, {""Path"": ""Maverick_Samsung_Galaxy_S21/Attachments/File/0/Messages-Chat/Messages-Chat_22/2.jpg"", ""id"": 24}"
Facebook Messenger|Twi Grey|100064013462482|Rupert Beae|100063691416962|Yum|03.03.2021 06:22:27 UTC+01:00  |Incoming|
Facebook Messenger|Rupert Beae|100063691416962|Twi Grey|100064013462482|It was thanks.|03.03.2021 08:39:24 UTC+01:00  |Outgoing|
Facebook Messenger|Twi Grey|100064013462482|Rupert Beae|100063691416962|Good|03.03.2021 20:18:00 UTC+01:00  |Incoming|
Facebook Messenger|Rupert Beae|100063691416962|Twi Grey|100064013462482||03.03.2021 20:18:35 UTC+01:00  |Outgoing|"{""Path"": ""Maverick_Samsung_Galaxy_S21/Attachments/File/0/Messages-Chat/Messages-Chat_18/image-421112542297813(3).jpg"", ""id"": 17}, {""Path"": ""Maverick_Samsung_Galaxy_S21/Attachments/File/0/Messages-Chat/Messages-Chat_18/image-421112542297813(2).jpg"", ""id"": 18}, {""Path"": ""Maverick_Samsung_Galaxy_S21/Attachments/File/0/Messages-Chat/Messages-Chat_18/image-421112542297813(4).jpg"", ""id"": 20}, {""Path"": ""Maverick_Samsung_Galaxy_S21/Attachments/File/0/Messages-Chat/Messages-Chat_18/image-421112542297813.jpg"", ""id"": 21}"
Facebook Messenger|Rupert Beae|100063691416962|Twi Grey|100064013462482|U like?|03.03.2021 20:18:39 UTC+01:00  |Outgoing|
Facebook Messenger|Twi Grey|100064013462482|Rupert Beae|100063691416962|Yes that looks like it could get ours some money|04.03.2021 08:32:48 UTC+01:00  |Incoming|
Facebook Messenger|Rupert Beae|100063691416962|Twi Grey|100064013462482|5000 sek u can sell for me?|04.03.2021 18:33:12 UTC+01:00  |Outgoing|
Facebook Messenger|Twi Grey|100064013462482|Rupert Beae|100063691416962|I'll try|07.03.2021 22:19:53 UTC+01:00  |Incoming|
Facebook Messenger|Rupert Beae|100063691416962|Twi Grey|100064013462482||07.03.2021 22:30:17 UTC+01:00  |Outgoing|"{""Path"": ""Maverick_Samsung_Galaxy_S21/Attachments/File/0/Messages-Chat/Messages-Chat_13/1.png"", ""id"": 12}, {""Path"": ""Maverick_Samsung_Galaxy_S21/Attachments/File/0/Messages-Chat/Messages-Chat_13/0.png"", ""id"": 13}"
Facebook Messenger|Rupert Beae|100063691416962|Twi Grey|100064013462482||11.03.2021 19:48:44 UTC+01:00  |Outgoing|"{""Path"": ""Maverick_Samsung_Galaxy_S21/Attachments/File/0/Messages-Chat/Messages-Chat_12/video-1615488523.mp4"", ""id"": 11}, {""Path"": ""Maverick_Samsung_Galaxy_S21/Attachments/File/0/Messages-Chat/Messages-Chat_12/video-1615488523.mp4.jpg"", ""id"": 12}"
Facebook Messenger|Twi Grey|100064013462482|Rupert Beae|100063691416962|The tunnel...|11.03.2021 20:22:06 UTC+01:00  |Incoming|
Facebook Messenger|Rupert Beae|100063691416962|Twi Grey|100064013462482||13.03.2021 11:45:33 UTC+01:00  |Outgoing|"{""Path"": ""Maverick_Samsung_Galaxy_S21/Attachments/File/0/Messages-Chat/Messages-Chat_107/video-1615632332.mp4"", ""id"": 106}, {""Path"": ""Maverick_Samsung_Galaxy_S21/Attachments/File/0/Messages-Chat/Messages-Chat_107/video-1615632332.mp4.jpg"", ""id"": 107}"
Facebook Messenger|Rupert Beae|100063691416962|Twi Grey|100064013462482||13.03.2021 16:09:58 UTC+01:00  |Outgoing|"{""Path"": ""Maverick_Samsung_Galaxy_S21/Attachments/File/0/Messages-Chat/Messages-Chat_106/video-1615648197.mp4"", ""id"": 105}, {""Path"": ""Maverick_Samsung_Galaxy_S21/Attachments/File/0/Messages-Chat/Messages-Chat_106/video-1615648197.mp4.jpg"", ""id"": 106}"
Facebook Messenger|Twi Grey|100064013462482|Rupert Beae|100063691416962|Party|13.03.2021 18:56:57 UTC+01:00  |Incoming|
Facebook Messenger|Rupert Beae|100063691416962|Twi Grey|100064013462482||15.03.2021 21:27:05 UTC+01:00  |Outgoing|"{""Path"": ""Maverick_Samsung_Galaxy_S21/Attachments/File/0/Messages-Chat/Messages-Chat_7/image-266425638310741(3).jpg"", ""id"": 6}, {""Path"": ""Maverick_Samsung_Galaxy_S21/Attachments/File/0/Messages-Chat/Messages-Chat_7/image-266425638310741(2).jpg"", ""id"": 7}, {""Path"": ""Maverick_Samsung_Galaxy_S21/Attachments/File/0/Messages-Chat/Messages-Chat_7/image-266425638310741(4).jpg"", ""id"": 9}, {""Path"": ""Maverick_Samsung_Galaxy_S21/Attachments/File/0/Messages-Chat/Messages-Chat_7/image-266425638310741.jpg"", ""id"": 10}"
Facebook Messenger|Rupert Beae|100063691416962|Twi Grey|100064013462482|You like?|15.03.2021 21:27:13 UTC+01:00  |Outgoing|
Facebook Messenger|Twi Grey|100064013462482|Rupert Beae|100063691416962|Ooh Easter soon😍 mucho sweets then|15.03.2021 22:47:23 UTC+01:00  |Incoming|
Facebook Messenger|Rupert Beae|100063691416962|Twi Grey|100064013462482||19.03.2021 20:13:45 UTC+01:00  |Outgoing|"{""Path"": ""Maverick_Samsung_Galaxy_S21/Attachments/File/0/Messages-Chat/Messages-Chat_40/video-1616181224.mp4"", ""id"": 39}, {""Path"": ""Maverick_Samsung_Galaxy_S21/Attachments/File/0/Messages-Chat/Messages-Chat_40/video-1616181224.mp4.jpg"", ""id"": 40}"
Facebook Messenger|Twi Grey|100064013462482|Rupert Beae|100063691416962|That's my jam🤗|19.03.2021 20:16:30 UTC+01:00  |Incoming|
Facebook Messenger|Rupert Beae|100063691416962|Twi Grey|100064013462482||20.03.2021 22:49:27 UTC+01:00  |Outgoing|"{""Path"": ""Maverick_Samsung_Galaxy_S21/Attachments/File/0/Messages-Chat/Messages-Chat_2/1.jpg"", ""id"": 1}, {""Path"": ""Maverick_Samsung_Galaxy_S21/Attachments/File/0/Messages-Chat/Messages-Chat_2/0.jpg"", ""id"": 2}"
Facebook Messenger|Twi Grey|100064013462482|Rupert Beae|100063691416962|I can't see what you've sent|21.03.2021 20:04:39 UTC+01:00|Incoming|
KakaoTalk|KakaoTalk|69758567|maverick|351759949|Please check My Kakao Account Info|27.03.2021 22:04:10 UTC+01:00|Incoming|
KakaoTalk|Gooooosssse|351760022|maverick|351759949|invite|27.03.2021 22:08:52 UTC+01:00  |Incoming|
KakaoTalk|Gooooosssse|351760022|maverick|351759949|Ah man feedback loopp|27.03.2021 22:09:39 UTC+01:00  |Incoming|
KakaoTalk|Gooooosssse|351760022|maverick|351759949|How ya doing big boy???|27.03.2021 22:09:48 UTC+01:00  |Incoming|
KakaoTalk|maverick|351759949|Gooooosssse|351760022|Stop harassment dude|27.03.2021 22:10:00 UTC+01:00  |Outgoing|
KakaoTalk|maverick|351759949|Gooooosssse|351760022|How.many bloody chat apps do you need?|27.03.2021 22:10:12 UTC+01:00  |Outgoing|
KakaoTalk|maverick|351759949|Gooooosssse|351760022|photo|27.03.2021 22:11:01 UTC+01:00  |Outgoing|
KakaoTalk|maverick|351759949|Gooooosssse|351760022|photo|27.03.2021 22:15:28 UTC+01:00  |Outgoing|
KakaoTalk|maverick|351759949|Gooooosssse|351760022|U like?|27.03.2021 22:15:31 UTC+01:00  |Outgoing|
KakaoTalk|maverick|351759949|Gooooosssse|351760022|1000kr|27.03.2021 22:15:35 UTC+01:00  |Outgoing|
KakaoTalk|Gooooosssse|351760022|maverick|351759949|I like but you split sale with me...|27.03.2021 22:15:53 UTC+01:00  |Incoming|
KakaoTalk|Gooooosssse|351760022|maverick|351759949|Screw you the money is mine. You were asleep on the job again. I did all the work today|27.03.2021 22:18:00 UTC+01:00  |Incoming|
KakaoTalk|maverick|351759949|Gooooosssse|351760022|In your dreams lazy boy|27.03.2021 22:18:45 UTC+01:00  |Outgoing|
KakaoTalk|maverick|351759949|Gooooosssse|351760022|I was the one who went out Mr flat battery|27.03.2021 22:18:59 UTC+01:00  |Outgoing|
KakaoTalk|Gooooosssse|351760022|maverick|351759949|video|27.03.2021 22:47:35 UTC+01:00  |Incoming|
KakaoTalk|Gooooosssse|351760022|maverick|351759949|Dude. Want to go shopping?|28.03.2021 11:17:55 UTC+02:00  |Incoming|
KakaoTalk|Gooooosssse|351760022|maverick|351759949|Thinking to get something for easter|28.03.2021 11:18:06 UTC+02:00  |Incoming|
KakaoTalk|Gooooosssse|351760022|maverick|351759949|Chocolate from the shops obviously and not the usual house burglary for jewels|28.03.2021 11:18:55 UTC+02:00  |Incoming|
KakaoTalk|maverick|351759949|Gooooosssse|351760022|LMAO|28.03.2021 11:23:24 UTC+02:00  |Outgoing|
KakaoTalk|maverick|351759949|Gooooosssse|351760022|Yes yes let's go....|28.03.2021 11:23:32 UTC+02:00  |Outgoing|
KakaoTalk|maverick|351759949|Gooooosssse|351760022|I want some Easter Eggs 🥚😋|28.03.2021 11:24:43 UTC+02:00  |Outgoing|
KakaoTalk|Gooooosssse|351760022|maverick|351759949|Nom nom nom|28.03.2021 11:28:37 UTC+02:00  |Incoming|
KakaoTalk|Gooooosssse|351760022|maverick|351759949|Well that was shit|28.03.2021 11:46:26 UTC+02:00  |Incoming|
KakaoTalk|Gooooosssse|351760022|maverick|351759949|Total waste of my time. Shelves were empty and only crap left.|28.03.2021 11:47:03 UTC+02:00  |Incoming|
KakaoTalk|Gooooosssse|351760022|maverick|351759949|Want to buy a jet fighter?|28.03.2021 11:48:50 UTC+02:00  |Incoming|
KakaoTalk|Gooooosssse|351760022|maverick|351759949|photo|28.03.2021 11:48:59 UTC+02:00  |Incoming|
KakaoTalk|maverick|351759949|Gooooosssse|351760022|Nah man. I just brought chocolate|28.03.2021 11:59:46 UTC+02:00  |Outgoing|
KakaoTalk|maverick|351759949|Gooooosssse|351760022|photo|28.03.2021 11:59:49 UTC+02:00  |Outgoing|
KakaoTalk|Gooooosssse|351760022|maverick|351759949|Sweet|28.03.2021 12:00:01 UTC+02:00  |Incoming|
KakaoTalk|maverick|351759949|Gooooosssse|351760022|Did you mean to make that terrible pun?|28.03.2021 12:04:33 UTC+02:00  |Outgoing|
KakaoTalk|Gooooosssse|351760022|maverick|351759949|Hah nope but glad I did|28.03.2021 12:05:05 UTC+02:00  |Incoming|
KakaoTalk|maverick|351759949|Gooooosssse|351760022|video|28.03.2021 12:15:46 UTC+02:00  |Outgoing|
KakaoTalk|Gooooosssse|351760022|maverick|351759949|Ace of Spades 👹|28.03.2021 12:16:33 UTC+02:00  |Incoming|
KakaoTalk|Gooooosssse|351760022|maverick|351759949|photo|29.03.2021 18:26:47 UTC+02:00  |Incoming|
KakaoTalk|Gooooosssse|351760022|maverick|351759949|These guys look rich|29.03.2021 18:26:55 UTC+02:00  |Incoming|
KakaoTalk|Gooooosssse|351760022|maverick|351759949|Stockholms län Banvägen 48 http://maps.google.com/maps?q=59.38482519541754%2C17.839319854974747|29.03.2021 18:27:10 UTC+02:00  |Incoming|
KakaoTalk|maverick|351759949|Gooooosssse|351760022|Stockholms län Skattegårdsvägen 264 http://maps.google.com/maps?q=59.378881864903704%2C17.8445615619421|29.03.2021 18:52:42 UTC+02:00  |Outgoing|
KakaoTalk|maverick|351759949|Gooooosssse|351760022|Well.now.I.am here?|29.03.2021 18:52:52 UTC+02:00  |Outgoing|
KakaoTalk|maverick|351759949|Gooooosssse|351760022|photo|29.03.2021 18:53:23 UTC+02:00  |Outgoing|
KakaoTalk|maverick|351759949|Gooooosssse|351760022|You are rubbish|29.03.2021 18:53:27 UTC+02:00  |Outgoing|
KakaoTalk|Gooooosssse|351760022|maverick|351759949|Fuck you non flying pilotless drone man|29.03.2021 19:00:41 UTC+02:00  |Incoming|
KakaoTalk|maverick|351759949|Gooooosssse|351760022|I assume that was an attempt at an insult??|30.03.2021 18:37:55 UTC+02:00  |Outgoing|
KakaoTalk|maverick|351759949|Gooooosssse|351760022|Better luck next time|30.03.2021 18:38:08 UTC+02:00  |Outgoing|
KakaoTalk|maverick|351759949|Gooooosssse|351760022|photo|31.03.2021 18:53:30 UTC+02:00  |Outgoing|
KakaoTalk|maverick|351759949|Gooooosssse|351760022|You got.my back OK?|31.03.2021 18:53:40 UTC+02:00  |Outgoing|
KakaoTalk|Gooooosssse|351760022|maverick|351759949|I got you bro. Relax 🙂|31.03.2021 18:57:55 UTC+02:00  |Incoming|
KakaoTalk|maverick|351759949|Gooooosssse|351760022|So are you up for a chat now Goose???|01.04.2021 18:09:48 UTC+02:00  |Outgoing|
KakaoTalk|Gooooosssse|351760022|maverick|351759949|Goose is dead to you dude.|01.04.2021 18:13:47 UTC+02:00  |Incoming|
KakaoTalk|maverick|351759949|Gooooosssse|351760022|Wrong answer Gooose|01.04.2021 18:17:46 UTC+02:00  |Outgoing|
KakaoTalk|maverick|351759949|Gooooosssse|351760022|photo|02.04.2021 15:57:38 UTC+02:00  |Outgoing|
KakaoTalk|maverick|351759949|Gooooosssse|351760022|This has your name on it...|02.04.2021 15:57:44 UTC+02:00  |Outgoing|
KakaoTalk|KakaoKalk|25411718|maverick|351759949|(광고)카톡과 함께 또 한 번 새로운 일상을 준비하세요.  이제 건강검진 안내부터 운전면허증 갱신 정보까지- 우편으로 받아 챙기기 어려웠던 다양한 행정 정보를 카카오톡으로 놓치지 않고 확인할 수 있습니다.  지금 바로, 정부24 페이지에서 간편로그인하고 카카오톡의 알림톡을 선택 후 ‘국민비서 구삐’ 채널로 간편하게 알림 받아보세요.  *정부24 국민비서 구|02.04.2021 07:21:21 UTC+02:00|Incoming|
KakaoTalk|KakaoKalk|25411718|maverick|351759949|(광고)귀여움이 하나, 둘, 셋, 넷, 다섯.. 그래서 사랑스러움도 무려 다섯 배!  지금, 고당도 복숭아를 꿈꾸는  '피치파이브'를 만나보세요.|02.04.2021 07:21:21 UTC+02:00  |Incoming|
Kik|kikteam|kikteam@talk.kik.com|Maverick.4444|maverick.4444_ul7@talk.kik.com|In the meantime, try joining a Public Group that interests you!|11.03.2021 19:54:17 UTC+01:00|Incoming|
Kik|kikteam|kikteam@talk.kik.com|Maverick.4444|maverick.4444_ul7@talk.kik.com|Welcome to Kik! If you have any questions, send me a message. I'll do my best to help :)|11.03.2021 19:54:22 UTC+01:00|Incoming|
Kik|kikteam|kikteam@talk.kik.com|Maverick.4444|maverick.4444_ul7@talk.kik.com||11.03.2021 19:54:22 UTC+01:00|Incoming|
Kik|Goose.4444|goose.4444_icw@talk.kik.com|Maverick.4444|maverick.4444_ul7@talk.kik.com|Yo yo yo it's Mav 😎|11.03.2021 21:36:30 UTC+01:00|Incoming|
Kik|Goose.4444|goose.4444_icw@talk.kik.com|Maverick.4444|maverick.4444_ul7@talk.kik.com|:P|11.03.2021 21:37:51 UTC+01:00|Incoming|
Kik|Goose.4444|goose.4444_icw@talk.kik.com|Maverick.4444|maverick.4444_ul7@talk.kik.com|Shove it stupid|11.03.2021 21:41:40 UTC+01:00|Incoming|
Kik|Goose.4444|goose.4444_icw@talk.kik.com|Maverick.4444|maverick.4444_ul7@talk.kik.com|Goose has changed the chat theme|11.03.2021 21:42:53 UTC+01:00|Incoming|
Kik|Maverick.4444|maverick.4444_ul7@talk.kik.com|Goose.4444|goose.4444_icw@talk.kik.com|Oh you cheeky bastard. Be nice for once in your life!|11.03.2021 21:48:20 UTC+01:00|Outgoing|
Kik|Goose.4444|goose.4444_icw@talk.kik.com|Maverick.4444|maverick.4444_ul7@talk.kik.com|Bugger off you muppet|11.03.2021 21:59:33 UTC+01:00|Incoming|
Kik|Goose.4444|goose.4444_icw@talk.kik.com|Maverick.4444|maverick.4444_ul7@talk.kik.com|So where are you going?|12.03.2021 18:41:17 UTC+01:00|Incoming|
Kik|Maverick.4444|maverick.4444_ul7@talk.kik.com|Goose.4444|goose.4444_icw@talk.kik.com||12.03.2021 18:55:01 UTC+01:00|Outgoing|"{""Path"": ""Maverick_Samsung_Galaxy_S21/Attachments/File/0/Messages-Chat/Messages-Chat_270/6428a9d9f4304d7baf1d09756ecaa545.jpg"", ""id"": 15}"
Kik|Maverick.4444|maverick.4444_ul7@talk.kik.com|Goose.4444|goose.4444_icw@talk.kik.com|Meet me hete|12.03.2021 18:55:01 UTC+01:00|Outgoing|
Kik|Maverick.4444|maverick.4444_ul7@talk.kik.com|Goose.4444|goose.4444_icw@talk.kik.com||12.03.2021 18:55:15 UTC+01:00|Outgoing|
Kik|Goose.4444|goose.4444_icw@talk.kik.com|Maverick.4444|maverick.4444_ul7@talk.kik.com|No reply?|12.03.2021 19:16:59 UTC+01:00|Incoming|
Kik|Maverick.4444|maverick.4444_ul7@talk.kik.com|Goose.4444|goose.4444_icw@talk.kik.com|Dude stop being a moron. Grab the stolen goods and get back to base.|12.03.2021 20:12:50 UTC+01:00|Outgoing|
Kik|Maverick.4444|maverick.4444_ul7@talk.kik.com|Goose.4444|goose.4444_icw@talk.kik.com|So why is KiK any good then? Seems a bit shit to me?|14.03.2021 14:18:00 UTC+01:00|Outgoing|
Kik|Goose.4444|goose.4444_icw@talk.kik.com|Maverick.4444|maverick.4444_ul7@talk.kik.com|You're right it is rubbish. Don't know why anyone uses it anymore?|14.03.2021 14:21:33 UTC+01:00|Incoming|
Kik|Maverick.4444|maverick.4444_ul7@talk.kik.com|Goose.4444|goose.4444_icw@talk.kik.com||15.03.2021 16:56:46 UTC+01:00|Outgoing|"{""Path"": ""Maverick_Samsung_Galaxy_S21/Attachments/File/0/Messages-Chat/Messages-Chat_282/4bc227dc60339c00bed16c1a981b5397.jpg"", ""id"": 27}"
Kik|Goose.4444|goose.4444_icw@talk.kik.com|Maverick.4444|maverick.4444_ul7@talk.kik.com|A chocolate bar called Plopp?|15.03.2021 17:04:36 UTC+01:00|Incoming|
Kik|Maverick.4444|maverick.4444_ul7@talk.kik.com|Goose.4444|goose.4444_icw@talk.kik.com|Yes tasty goodness 😋|15.03.2021 21:23:23 UTC+01:00|Outgoing|
Kik|Goose.4444|goose.4444_icw@talk.kik.com|Maverick.4444|maverick.4444_ul7@talk.kik.com||17.03.2021 18:20:22 UTC+01:00|Incoming|"{""Path"": ""Maverick_Samsung_Galaxy_S21/Attachments/File/0/Messages-Chat/Messages-Chat_287/b5431fdf74c978adc6dc7be397a2fad6.jpg"", ""id"": 32}"
Kik|Goose.4444|goose.4444_icw@talk.kik.com|Maverick.4444|maverick.4444_ul7@talk.kik.com|We made good bling...|17.03.2021 18:20:22 UTC+01:00|Incoming|
Kik|Maverick.4444|maverick.4444_ul7@talk.kik.com|Goose.4444|goose.4444_icw@talk.kik.com|Nice nice|18.03.2021 10:04:59 UTC+01:00|Outgoing|
Kik|Goose.4444|goose.4444_icw@talk.kik.com|Maverick.4444|maverick.4444_ul7@talk.kik.com|Shut up and give me some money 💰|18.03.2021 14:29:52 UTC+01:00|Incoming|
Kik|Maverick.4444|maverick.4444_ul7@talk.kik.com|Goose.4444|goose.4444_icw@talk.kik.com||18.03.2021 14:31:22 UTC+01:00|Outgoing|"{""Path"": ""Maverick_Samsung_Galaxy_S21/Attachments/File/0/Messages-Chat/Messages-Chat_291/577d37bd11180b76530e8851dcf4193b.jpg"", ""id"": 36}"
Kik|Maverick.4444|maverick.4444_ul7@talk.kik.com|Goose.4444|goose.4444_icw@talk.kik.com|Robbery?|18.03.2021 14:31:28 UTC+01:00|Outgoing|
Kik|Goose.4444|goose.4444_icw@talk.kik.com|Maverick.4444|maverick.4444_ul7@talk.kik.com|Well I didn't just walk in and pay for it now did I ? :D|18.03.2021 14:52:25 UTC+01:00|Incoming|
Kik|Maverick.4444|maverick.4444_ul7@talk.kik.com|Goose.4444|goose.4444_icw@talk.kik.com|B)|18.03.2021 14:53:55 UTC+01:00|Outgoing|
Kik|Maverick.4444|maverick.4444_ul7@talk.kik.com|Goose.4444|goose.4444_icw@talk.kik.com|LMAO. I did the work dude not you...|19.03.2021 10:26:09 UTC+01:00|Outgoing|
Kik|Goose.4444|goose.4444_icw@talk.kik.com|Maverick.4444|maverick.4444_ul7@talk.kik.com||20.03.2021 15:27:55 UTC+01:00|Incoming|"{""Path"": ""Maverick_Samsung_Galaxy_S21/Attachments/File/0/Messages-Chat/Messages-Chat_330/deaac818169f33786277c150df75c06f.jpg"", ""id"": 75}"
Kik|Maverick.4444|maverick.4444_ul7@talk.kik.com|Goose.4444|goose.4444_icw@talk.kik.com||20.03.2021 17:25:22 UTC+01:00|Outgoing|"{""Path"": ""Maverick_Samsung_Galaxy_S21/Attachments/File/0/Messages-Chat/Messages-Chat_331/82804ddb19eb55572455714b63b41116.jpg"", ""id"": 76}"
Kik|Maverick.4444|maverick.4444_ul7@talk.kik.com|Goose.4444|goose.4444_icw@talk.kik.com|These are all signs|20.03.2021 17:25:29 UTC+01:00|Outgoing|
Kik|Goose.4444|goose.4444_icw@talk.kik.com|Maverick.4444|maverick.4444_ul7@talk.kik.com|It's a sign you need to get some work done my friend. Stop dicking about.|21.03.2021 14:21:26 UTC+01:00|Incoming|
Kik|Maverick.4444|maverick.4444_ul7@talk.kik.com|Goose.4444|goose.4444_icw@talk.kik.com||21.03.2021 14:25:27 UTC+01:00|Outgoing|"{""Path"": ""Maverick_Samsung_Galaxy_S21/Attachments/File/0/Messages-Chat/Messages-Chat_334/9731d4a2c32dfa4989d41c53b25649bf.jpg"", ""id"": 79}"
Kik|Goose.4444|goose.4444_icw@talk.kik.com|Maverick.4444|maverick.4444_ul7@talk.kik.com|:D|21.03.2021 14:26:24 UTC+01:00|Incoming|
Kik|Maverick.4444|maverick.4444_ul7@talk.kik.com|Goose.4444|goose.4444_icw@talk.kik.com||23.03.2021 19:10:56 UTC+01:00|Outgoing|"{""Path"": ""Maverick_Samsung_Galaxy_S21/Attachments/File/0/Messages-Chat/Messages-Chat_336/841838ad98dc9389b5576320a1b508df.jpg"", ""id"": 81}"
Kik|Maverick.4444|maverick.4444_ul7@talk.kik.com|Goose.4444|goose.4444_icw@talk.kik.com|Love the look of this one....|23.03.2021 19:11:04 UTC+01:00|Outgoing|
Kik|Goose.4444|goose.4444_icw@talk.kik.com|Maverick.4444|maverick.4444_ul7@talk.kik.com|Next week|23.03.2021 21:29:40 UTC+01:00|Incoming|
Kik|Maverick.4444|maverick.4444_ul7@talk.kik.com|Goose.4444|goose.4444_icw@talk.kik.com|OK 👌|23.03.2021 21:31:11 UTC+01:00|Outgoing|
Kik|Goose.4444|goose.4444_icw@talk.kik.com|Maverick.4444|maverick.4444_ul7@talk.kik.com|https://youtu.be/3_kKAeh6qyc|26.03.2021 08:23:26 UTC+01:00|Incoming|
Kik|Maverick.4444|maverick.4444_ul7@talk.kik.com|Goose.4444|goose.4444_icw@talk.kik.com|You up yet Goose???|27.03.2021 14:45:42 UTC+01:00|Outgoing|
Kik|Maverick.4444|maverick.4444_ul7@talk.kik.com|Goose.4444|goose.4444_icw@talk.kik.com|I'm out in the woods looking for easy access points to houses|27.03.2021 14:48:21 UTC+01:00|Outgoing|
Kik|Goose.4444|goose.4444_icw@talk.kik.com|Maverick.4444|maverick.4444_ul7@talk.kik.com|I know. I know. I'm a muppet|27.03.2021 16:54:54 UTC+01:00|Incoming|
Kik|Maverick.4444|maverick.4444_ul7@talk.kik.com|Goose.4444|goose.4444_icw@talk.kik.com|Yes you are|27.03.2021 19:55:10 UTC+01:00|Outgoing|
Kik|Maverick.4444|maverick.4444_ul7@talk.kik.com|Goose.4444|goose.4444_icw@talk.kik.com||27.03.2021 19:55:24 UTC+01:00|Outgoing|"{""Path"": ""Maverick_Samsung_Galaxy_S21/Attachments/File/0/Messages-Chat/Messages-Chat_349/3cbbe1b6e279383f5f1d5cf2eac6944c.jpg"", ""id"": 94}"
Kik|Maverick.4444|maverick.4444_ul7@talk.kik.com|Goose.4444|goose.4444_icw@talk.kik.com|[KakaoTalk]  Let’s chat on KakaoTalk!  Download it now at http://dn.kakao.com and add me.|27.03.2021 22:05:13 UTC+01:00|Outgoing|
Kik|Goose.4444|goose.4444_icw@talk.kik.com|Maverick.4444|maverick.4444_ul7@talk.kik.com|Know any one who needs a digger???|29.03.2021 18:24:08 UTC+02:00|Incoming|
Kik|Goose.4444|goose.4444_icw@talk.kik.com|Maverick.4444|maverick.4444_ul7@talk.kik.com||29.03.2021 18:24:12 UTC+02:00|Incoming|"{""Path"": ""Maverick_Samsung_Galaxy_S21/Attachments/File/0/Messages-Chat/Messages-Chat_353/559ca2e2cf9c8faec035103b86ca0802.jpg"", ""id"": 98}"
Kik|Maverick.4444|maverick.4444_ul7@talk.kik.com|Goose.4444|goose.4444_icw@talk.kik.com|I might know someone. But you could be digging your own hole by selling it off :D|29.03.2021 18:29:53 UTC+02:00|Outgoing|
Kik|Goose.4444|goose.4444_icw@talk.kik.com|Maverick.4444|maverick.4444_ul7@talk.kik.com|Groan....|29.03.2021 18:38:58 UTC+02:00|Incoming|
Kik|Maverick.4444|maverick.4444_ul7@talk.kik.com|Goose.4444|goose.4444_icw@talk.kik.com||29.03.2021 18:41:15 UTC+02:00|Outgoing|"{""Path"": ""Maverick_Samsung_Galaxy_S21/Attachments/File/0/Messages-Chat/Messages-Chat_356/cbfb5fb005d8c302262ee10639bf34de.jpg"", ""id"": 101}"
Kik|Goose.4444|goose.4444_icw@talk.kik.com|Maverick.4444|maverick.4444_ul7@talk.kik.com|:)|29.03.2021 18:45:57 UTC+02:00|Incoming|
Kik|Maverick.4444|maverick.4444_ul7@talk.kik.com|Goose.4444|goose.4444_icw@talk.kik.com||30.03.2021 18:08:48 UTC+02:00|Outgoing|"{""Path"": ""Maverick_Samsung_Galaxy_S21/Attachments/File/0/Messages-Chat/Messages-Chat_358/2f1b4fb1d4b189349b3d0031a99aa282.jpg"", ""id"": 103}, {""Path"": ""Maverick_Samsung_Galaxy_S21/Attachments/File/0/Messages-Chat/Messages-Chat_358/62ade8a1-9ff9-473f-bf21-8e184e1ffe91.jpg"", ""id"": 105}"
Kik|Maverick.4444|maverick.4444_ul7@talk.kik.com|Goose.4444|goose.4444_icw@talk.kik.com|Be there and don't be rude to boss man|31.03.2021 18:32:27 UTC+02:00|Outgoing|
Kik|Goose.4444|goose.4444_icw@talk.kik.com|Maverick.4444|maverick.4444_ul7@talk.kik.com|I would never|31.03.2021 18:34:03 UTC+02:00|Incoming|
Kik|Goose.4444|goose.4444_icw@talk.kik.com|Maverick.4444|maverick.4444_ul7@talk.kik.com||31.03.2021 18:34:18 UTC+02:00|Incoming|"{""Path"": ""Maverick_Samsung_Galaxy_S21/Attachments/File/0/Messages-Chat/Messages-Chat_361/66bdeaf8be8a3f2479393460c46691fc.jpg"", ""id"": 106}"
Kik|Maverick.4444|maverick.4444_ul7@talk.kik.com|Goose.4444|goose.4444_icw@talk.kik.com|😄 haha|31.03.2021 18:39:26 UTC+02:00|Outgoing|
Kik|Goose.4444|goose.4444_icw@talk.kik.com|Maverick.4444|maverick.4444_ul7@talk.kik.com|Do you want me to fence some gear?|31.03.2021 18:44:37 UTC+02:00|Incoming|
Kik|Goose.4444|goose.4444_icw@talk.kik.com|Maverick.4444|maverick.4444_ul7@talk.kik.com||31.03.2021 18:44:40 UTC+02:00|Incoming|"{""Path"": ""Maverick_Samsung_Galaxy_S21/Attachments/File/0/Messages-Chat/Messages-Chat_364/a7ec2c608d6add98b506b9cb129fac11.jpg"", ""id"": 109}"
Kik|Maverick.4444|maverick.4444_ul7@talk.kik.com|Goose.4444|goose.4444_icw@talk.kik.com|Oh groan....|31.03.2021 18:45:48 UTC+02:00|Outgoing|
Kik|Maverick.4444|maverick.4444_ul7@talk.kik.com|Goose.4444|goose.4444_icw@talk.kik.com||31.03.2021 18:46:01 UTC+02:00|Outgoing|"{""Path"": ""Maverick_Samsung_Galaxy_S21/Attachments/File/0/Messages-Chat/Messages-Chat_366/478cacb060a5ca452e76046bac131b74.jpg"", ""id"": 111}"
Kik|Goose.4444|goose.4444_icw@talk.kik.com|Maverick.4444|maverick.4444_ul7@talk.kik.com|:)|31.03.2021 18:56:42 UTC+02:00|Incoming|
Kik|Maverick.4444|maverick.4444_ul7@talk.kik.com|Goose.4444|goose.4444_icw@talk.kik.com|Will you talk to me please??|01.04.2021 18:10:10 UTC+02:00|Outgoing|
Kik|Goose.4444|goose.4444_icw@talk.kik.com|Maverick.4444|maverick.4444_ul7@talk.kik.com|No|01.04.2021 18:12:56 UTC+02:00|Incoming|
Kik|Maverick.4444|maverick.4444_ul7@talk.kik.com|Goose.4444|goose.4444_icw@talk.kik.com|Hello Goosey boy|01.04.2021 18:17:20 UTC+02:00|Outgoing|
Kik|Maverick.4444|maverick.4444_ul7@talk.kik.com|Goose.4444|goose.4444_icw@talk.kik.com||01.04.2021 18:17:20 UTC+02:00|Outgoing|"{""Path"": ""Maverick_Samsung_Galaxy_S21/Attachments/File/0/Messages-Chat/Messages-Chat_374/beb30727c1188cf731407a953e5d81cb.jpg"", ""id"": 119}"
Kik|Maverick.4444|maverick.4444_ul7@talk.kik.com|TwilightGrey|twilightgrey_ls0@talk.kik.com|Hello wonderful B)|11.03.2021 21:51:19 UTC+01:00|Outgoing|
Kik|TwilightGrey|twilightgrey_ls0@talk.kik.com|Maverick.4444|maverick.4444_ul7@talk.kik.com|😇|11.03.2021 21:55:39 UTC+01:00|Incoming|
Kik|Maverick.4444|maverick.4444_ul7@talk.kik.com|TwilightGrey|twilightgrey_ls0@talk.kik.com||11.03.2021 21:57:59 UTC+01:00|Outgoing|"{""Path"": ""Maverick_Samsung_Galaxy_S21/Attachments/File/0/Messages-Chat/Messages-Chat_267/904f34e6504f8c15a8c09ea26715123c.jpg"", ""id"": 12}"
Kik|TwilightGrey|twilightgrey_ls0@talk.kik.com|Maverick.4444|maverick.4444_ul7@talk.kik.com|Oh thank you|12.03.2021 09:47:34 UTC+01:00|Incoming|
Kik|Maverick.4444|maverick.4444_ul7@talk.kik.com|TwilightGrey|twilightgrey_ls0@talk.kik.com||12.03.2021 18:55:28 UTC+01:00|Outgoing|"{""Path"": ""Maverick_Samsung_Galaxy_S21/Attachments/File/0/Messages-Chat/Messages-Chat_273/937b9086ec357c53164c21283c5a09d9.jpg"", ""id"": 18}"
Kik|Maverick.4444|maverick.4444_ul7@talk.kik.com|TwilightGrey|twilightgrey_ls0@talk.kik.com|Got any letters?|12.03.2021 18:55:47 UTC+01:00|Outgoing|
Kik|Maverick.4444|maverick.4444_ul7@talk.kik.com|TwilightGrey|twilightgrey_ls0@talk.kik.com||24.03.2021 18:27:41 UTC+01:00|Outgoing|"{""Path"": ""Maverick_Samsung_Galaxy_S21/Attachments/File/0/Messages-Chat/Messages-Chat_340/ad1edf2c4df67593a55737681afaa759.jpg"", ""id"": 85}, {""Path"": ""Maverick_Samsung_Galaxy_S21/Attachments/File/0/Messages-Chat/Messages-Chat_340/a36341da-4cf5-46f9-b28e-ff29501dae10.jpg"", ""id"": 87}"
Kik|TwilightGrey|twilightgrey_ls0@talk.kik.com|Maverick.4444|maverick.4444_ul7@talk.kik.com|Not at the moment|24.03.2021 18:53:17 UTC+01:00|Incoming|
Kik|TwilightGrey|twilightgrey_ls0@talk.kik.com|Maverick.4444|maverick.4444_ul7@talk.kik.com|Lovely|24.03.2021 19:00:15 UTC+01:00|Incoming|
Kik|Maverick.4444|maverick.4444_ul7@talk.kik.com|TwilightGrey|twilightgrey_ls0@talk.kik.com|:)|24.03.2021 19:06:13 UTC+01:00|Outgoing|
Kik|Maverick.4444|maverick.4444_ul7@talk.kik.com|TwilightGrey|twilightgrey_ls0@talk.kik.com||31.03.2021 18:52:22 UTC+02:00|Outgoing|"{""Path"": ""Maverick_Samsung_Galaxy_S21/Attachments/File/0/Messages-Chat/Messages-Chat_367/b794953daaa5ffb98e715f22ab055970.jpg"", ""id"": 112}"
Kik|TwilightGrey|twilightgrey_ls0@talk.kik.com|Maverick.4444|maverick.4444_ul7@talk.kik.com||31.03.2021 18:52:25 UTC+02:00|Incoming|"{""Path"": ""Maverick_Samsung_Galaxy_S21/Attachments/File/0/Messages-Chat/Messages-Chat_368/54f5e13738e1cb8fd1da41c7a2328f63.jpg"", ""id"": 113}"
Kik|TwilightGrey|twilightgrey_ls0@talk.kik.com|Maverick.4444|maverick.4444_ul7@talk.kik.com|Adventure time|31.03.2021 18:52:25 UTC+02:00|Incoming|
Kik|Maverick.4444|maverick.4444_ul7@talk.kik.com|TwilightGrey|twilightgrey_ls0@talk.kik.com|More white.lines|31.03.2021 18:52:29 UTC+02:00|Outgoing|
Kik|TwilightGrey|twilightgrey_ls0@talk.kik.com|Maverick.4444|maverick.4444_ul7@talk.kik.com|Hey friend|31.03.2021 18:52:29 UTC+02:00|Incoming|
Kik|Mike.Jonson|mike.dickinson_bl8@talk.kik.com|Maverick.4444|maverick.4444_ul7@talk.kik.com|Yet maybe not smart. Good point.|13.03.2021 12:53:15 UTC+01:00|Incoming|
Kik|Mike.Jonson|mike.dickinson_bl8@talk.kik.com|Maverick.4444|maverick.4444_ul7@talk.kik.com||16.03.2021 11:10:35 UTC+01:00|Incoming|"{""Path"": ""Maverick_Samsung_Galaxy_S21/Attachments/File/0/Messages-Chat/Messages-Chat_285/978f131b41e22beffbb911cae0f34ce7.jpg"", ""id"": 30}"
Kik|Maverick.4444|maverick.4444_ul7@talk.kik.com|Mike.Jonson||No thanks|16.03.2021 11:39:31 UTC+01:00|Outgoing|
Kik|Mike.Jonson|mike.dickinson_bl8@talk.kik.com|Maverick.4444|maverick.4444_ul7@talk.kik.com|So what's up dog?|28.03.2021 12:18:13 UTC+02:00|Incoming|
Kik|Maverick.4444|maverick.4444_ul7@talk.kik.com|Mike.Jonson||Should u be using this channel?|28.03.2021 12:18:13 UTC+02:00|Outgoing|
Kik|Maverick.4444|maverick.4444_ul7@talk.kik.com|ladyancy96|ladyancy96_e2i@talk.kik.com|Hello obvious chat bot scam thing|19.03.2021 10:26:40 UTC+01:00|Outgoing|
Kik|ladyancy96|ladyancy96_e2i@talk.kik.com|Maverick.4444|maverick.4444_ul7@talk.kik.com|Do you recognize me? I dunno how i had ur phone num in my phone but it recommended I add ya,,,|19.03.2021 10:28:37 UTC+01:00|Incoming|
Kik|Maverick.4444|maverick.4444_ul7@talk.kik.com|ladyancy96|ladyancy96_e2i@talk.kik.com|Oh wow what a wonderful surprise that you have the perfect excuse to reach out to me for no good reason. I especially like your click bait photo designed for muppets. When do you get to the point of asking me for personal information or money?|19.03.2021 10:30:13 UTC+01:00|Outgoing|
Kik|ladyancy96|ladyancy96_e2i@talk.kik.com|Maverick.4444|maverick.4444_ul7@talk.kik.com|My roomie and me going nutty over here with this social distance and quarantine,, what are you doin?|19.03.2021 10:31:46 UTC+01:00|Incoming|
Kik|Maverick.4444|maverick.4444_ul7@talk.kik.com|ladyancy96|ladyancy96_e2i@talk.kik.com|Well clearly I have spent my whole life waiting for you and your roomie to randomly reach out to me. I can't wait to see what this algorithm sends me next. You couldn't have picked a better phone to contact :)|19.03.2021 10:33:43 UTC+01:00|Outgoing|
Kik|ladyancy96|ladyancy96_e2i@talk.kik.com|Maverick.4444|maverick.4444_ul7@talk.kik.com|What do u like to do to kill time?|19.03.2021 10:36:44 UTC+01:00|Incoming|
Kik|Maverick.4444|maverick.4444_ul7@talk.kik.com|ladyancy96|ladyancy96_e2i@talk.kik.com|I like to knit and also crochet in my time off. After I have finished volunteering my time at the injured pet rescue centre. What with that and Jesus, there is little time for anything else.|19.03.2021 10:39:05 UTC+01:00|Outgoing|
Kik|ladyancy96|ladyancy96_e2i@talk.kik.com|Maverick.4444|maverick.4444_ul7@talk.kik.com|what sort of women are you in 2?|19.03.2021 10:39:26 UTC+01:00|Incoming|
Kik|Maverick.4444|maverick.4444_ul7@talk.kik.com|ladyancy96|ladyancy96_e2i@talk.kik.com|Preferably real ones who would have obviously picked up my deep level sarcasm by now. Instead I'm stuck chatting to a bit which is ignoring my brilliant humour...|19.03.2021 10:40:55 UTC+01:00|Outgoing|
Kik|ladyancy96|ladyancy96_e2i@talk.kik.com|Maverick.4444|maverick.4444_ul7@talk.kik.com|what if I ask u a serious question?|19.03.2021 10:42:49 UTC+01:00|Incoming|
Kik|Maverick.4444|maverick.4444_ul7@talk.kik.com|ladyancy96|ladyancy96_e2i@talk.kik.com|OK yes please do. I can't wait for the bit where I have to strip naked and photograph myself for you and your roomier Bob.|19.03.2021 10:43:38 UTC+01:00|Outgoing|
Kik|ladyancy96|ladyancy96_e2i@talk.kik.com|Maverick.4444|maverick.4444_ul7@talk.kik.com|i luv a somebody who knows how 2 satisfy a girl... have u ever made a girl cum :X!? haha ;P|19.03.2021 10:45:55 UTC+01:00|Incoming|
Kik|Maverick.4444|maverick.4444_ul7@talk.kik.com|ladyancy96|ladyancy96_e2i@talk.kik.com|I particularly like the way this bot has a delay of 3 minutes between replies to make it look like its a real human considering what to reply before sending out a prescription response. And here it is the immediate pointer towards sex in a desperate attempt to illicit a response where I lose all control and send you naked pics so you can blackmail me and ruin my life 😜 let's go for it|19.03.2021 10:47:48 UTC+01:00|Outgoing|
Kik|ladyancy96|ladyancy96_e2i@talk.kik.com|Maverick.4444|maverick.4444_ul7@talk.kik.com|I'm not a bot but youre getting weird so.. whatever..|19.03.2021 10:49:33 UTC+01:00|Incoming|
Kik|Maverick.4444|maverick.4444_ul7@talk.kik.com|ladyancy96|ladyancy96_e2i@talk.kik.com|Oh good bot. Well spotted. Has a real human joined the conversation because this exchange has gone on long enough to warrant investing some real time and energy into scamming me?|19.03.2021 10:51:02 UTC+01:00|Outgoing|
Kik|Maverick.4444|maverick.4444_ul7@talk.kik.com|ladyancy96|ladyancy96_e2i@talk.kik.com|Or should I just reply yes please... sex, see, sex 😏|19.03.2021 10:52:06 UTC+01:00|Outgoing|
Kik|ladyancy96|ladyancy96_e2i@talk.kik.com|Maverick.4444|maverick.4444_ul7@talk.kik.com|no scam here. if you dont want 2 c me it's fine dont get all weird on me though ok?|19.03.2021 10:53:53 UTC+01:00|Incoming|
Kik|Maverick.4444|maverick.4444_ul7@talk.kik.com|ladyancy96|ladyancy96_e2i@talk.kik.com|No of course not. I am so sorry but I had to know you were real. Now I know that please let's go to the next stage. Tell me what I have to do next. I want to know what to do???|19.03.2021 10:55:02 UTC+01:00|Outgoing|
Kik|ladyancy96|ladyancy96_e2i@talk.kik.com|Maverick.4444|maverick.4444_ul7@talk.kik.com|do u suppose you can make me cum?|19.03.2021 10:56:19 UTC+01:00|Incoming|
Kik|Maverick.4444|maverick.4444_ul7@talk.kik.com|ladyancy96|ladyancy96_e2i@talk.kik.com|Well I don't like to brag - but if I buy you plane tickets, then I am pretty sure you will come.|19.03.2021 10:59:09 UTC+01:00|Outgoing|
Kik|ladyancy96|ladyancy96_e2i@talk.kik.com|Maverick.4444|maverick.4444_ul7@talk.kik.com|haha alright I like u. do u fancy chicks with a bunch of tatoos?|19.03.2021 11:01:24 UTC+01:00|Incoming|
Kik|Maverick.4444|maverick.4444_ul7@talk.kik.com|ladyancy96|ladyancy96_e2i@talk.kik.com|Yes of course. Whatever photo library you can access is fine by me. It will be a shame if I have to edit this but in order to keep it going. Let's see what you do next. I can't wait....|19.03.2021 11:03:04 UTC+01:00|Outgoing|
Kik|ladyancy96|ladyancy96_e2i@talk.kik.com|Maverick.4444|maverick.4444_ul7@talk.kik.com|i'm kind of getting a lil horny haha... u want to c some more pics?|19.03.2021 11:05:59 UTC+01:00|Incoming|
Kik|Maverick.4444|maverick.4444_ul7@talk.kik.com|ladyancy96|ladyancy96_e2i@talk.kik.com|More pics? I must have missed the first lot? What a wonderful way to make me ask you. Yes please, I have to see how this is meant to work by keeping the chat going for as long as possible...|19.03.2021 11:08:51 UTC+01:00|Outgoing|
Kik|ladyancy96|ladyancy96_e2i@talk.kik.com|Maverick.4444|maverick.4444_ul7@talk.kik.com|beg me for it sugar it makes me hot..|19.03.2021 11:10:26 UTC+01:00|Incoming|
Kik|Maverick.4444|maverick.4444_ul7@talk.kik.com|ladyancy96|ladyancy96_e2i@talk.kik.com|Oh I see that's interesting. OK pretty, pretty please with sugar on top can you?|19.03.2021 11:13:56 UTC+01:00|Outgoing|
Kik|ladyancy96|ladyancy96_e2i@talk.kik.com|Maverick.4444|maverick.4444_ul7@talk.kik.com||19.03.2021 11:15:57 UTC+01:00|Incoming|"{""Path"": ""Maverick_Samsung_Galaxy_S21/Attachments/File/0/Messages-Chat/Messages-Chat_323/810bfede342497c2315160d617e59879.jpg"", ""id"": 68}"
Kik|Maverick.4444|maverick.4444_ul7@talk.kik.com|ladyancy96|ladyancy96_e2i@talk.kik.com|OK so when do we get to the point where you ask me for money?|19.03.2021 11:21:01 UTC+01:00|Outgoing|
Kik|ladyancy96|ladyancy96_e2i@talk.kik.com|Maverick.4444|maverick.4444_ul7@talk.kik.com|tell me what you'd do 2 me..|19.03.2021 11:22:27 UTC+01:00|Incoming|
Kik|Maverick.4444|maverick.4444_ul7@talk.kik.com|ladyancy96|ladyancy96_e2i@talk.kik.com|Well if I am being honest, I will probably capture this entire discussion on a mobile forensics extraction and have hundreds of cops look at the contents as a training exercise in digital evidence for the FORMOBILE project.|19.03.2021 11:24:17 UTC+01:00|Outgoing|
Kik|Maverick.4444|maverick.4444_ul7@talk.kik.com|ladyancy96|ladyancy96_e2i@talk.kik.com|Or instead should I just say sexy seines stuff?|19.03.2021 11:29:23 UTC+01:00|Outgoing|
Kik|Maverick.4444|maverick.4444_ul7@talk.kik.com|ladyancy96|ladyancy96_e2i@talk.kik.com|Sexy, sexiness and more sex?|19.03.2021 11:29:38 UTC+01:00|Outgoing|
Kik|Maverick.4444|maverick.4444_ul7@talk.kik.com|ladyancy96|ladyancy96_e2i@talk.kik.com|Well that's a shame, but I guess proof enough that a real human took over the discussion at the end. Disappointed we couldn't keep the chat going longer but great to get your IP details thanks 👍|19.03.2021 11:36:27 UTC+01:00|Outgoing|
Kik|ladyancy96|ladyancy96_e2i@talk.kik.com|Maverick.4444|maverick.4444_ul7@talk.kik.com|Hello|19.03.2021 11:36:27 UTC+01:00|Incoming|
Line|Maverick|u5ca5f870694cae4db03ceb25f3b61376|u44afa6f6317115c622a22eaac029f7f9|u44afa6f6317115c622a22eaac029f7f9||27.03.2021 21:56:08 UTC+01:00  |Outgoing|
Line|Maverick|u5ca5f870694cae4db03ceb25f3b61376|u44afa6f6317115c622a22eaac029f7f9|u44afa6f6317115c622a22eaac029f7f9|Dude howdy|27.03.2021 21:56:15 UTC+01:00  |Outgoing|
Line|Maverick|u5ca5f870694cae4db03ceb25f3b61376|u44afa6f6317115c622a22eaac029f7f9|u44afa6f6317115c622a22eaac029f7f9|New comms channel hey?|27.03.2021 21:56:22 UTC+01:00  |Outgoing|
Line|Maverick|u5ca5f870694cae4db03ceb25f3b61376|u44afa6f6317115c622a22eaac029f7f9|u44afa6f6317115c622a22eaac029f7f9|Yes mush of course|27.03.2021 21:59:38 UTC+01:00  |Outgoing|
Line|Maverick|u5ca5f870694cae4db03ceb25f3b61376|u44afa6f6317115c622a22eaac029f7f9|u44afa6f6317115c622a22eaac029f7f9||27.03.2021 22:00:04 UTC+01:00  |Outgoing|"{""Path"": ""Maverick_Samsung_Galaxy_S21/Attachments/File/0/Messages-Chat/Messages-Chat_381/11.jpg"", ""id"": 6}, {""Path"": ""Maverick_Samsung_Galaxy_S21/Attachments/File/0/Messages-Chat/Messages-Chat_381/11.thumb.jpg"", ""id"": 8}"
Line|Maverick|u5ca5f870694cae4db03ceb25f3b61376|u44afa6f6317115c622a22eaac029f7f9|u44afa6f6317115c622a22eaac029f7f9|I am the  man|27.03.2021 22:00:16 UTC+01:00  |Outgoing|
Line|Maverick|u5ca5f870694cae4db03ceb25f3b61376|u44afa6f6317115c622a22eaac029f7f9|u44afa6f6317115c622a22eaac029f7f9||27.03.2021 22:19:34 UTC+01:00  |Outgoing|
Line|Maverick|u5ca5f870694cae4db03ceb25f3b61376|u44afa6f6317115c622a22eaac029f7f9|u44afa6f6317115c622a22eaac029f7f9||27.03.2021 22:33:17 UTC+01:00  |Outgoing|
Line|Maverick|u5ca5f870694cae4db03ceb25f3b61376|u44afa6f6317115c622a22eaac029f7f9|u44afa6f6317115c622a22eaac029f7f9||27.03.2021 22:33:40 UTC+01:00  |Outgoing|"{""Path"": ""Maverick_Samsung_Galaxy_S21/Attachments/File/0/Messages-Chat/Messages-Chat_393/23.jpg"", ""id"": 18}, {""Path"": ""Maverick_Samsung_Galaxy_S21/Attachments/File/0/Messages-Chat/Messages-Chat_393/23.thumb.jpg"", ""id"": 20}"
Line|Maverick|u5ca5f870694cae4db03ceb25f3b61376|u44afa6f6317115c622a22eaac029f7f9|u44afa6f6317115c622a22eaac029f7f9|Yer cool|28.03.2021 11:19:28 UTC+02:00  |Outgoing|
Line|Maverick|u5ca5f870694cae4db03ceb25f3b61376|u44afa6f6317115c622a22eaac029f7f9|u44afa6f6317115c622a22eaac029f7f9|Need  chocolate  chocolate|28.03.2021 11:22:55 UTC+02:00  |Outgoing|
Line|Maverick|u5ca5f870694cae4db03ceb25f3b61376|u44afa6f6317115c622a22eaac029f7f9|u44afa6f6317115c622a22eaac029f7f9|LMAO 🤣|28.03.2021 12:03:38 UTC+02:00  |Outgoing|
Line|Maverick|u5ca5f870694cae4db03ceb25f3b61376|u44afa6f6317115c622a22eaac029f7f9|u44afa6f6317115c622a22eaac029f7f9|It's a special Swedish  drink  drink made with secret recipe.|28.03.2021 12:04:11 UTC+02:00  |Outgoing|
Line|Maverick|u5ca5f870694cae4db03ceb25f3b61376|u44afa6f6317115c622a22eaac029f7f9|u44afa6f6317115c622a22eaac029f7f9||28.03.2021 12:12:25 UTC+02:00  |Outgoing|"{""Path"": ""Maverick_Samsung_Galaxy_S21/Attachments/File/0/Messages-Chat/Messages-Chat_406/37.jpg"", ""id"": 31}, {""Path"": ""Maverick_Samsung_Galaxy_S21/Attachments/File/0/Messages-Chat/Messages-Chat_406/37.thumb.jpg"", ""id"": 33}"
Line|Maverick|u5ca5f870694cae4db03ceb25f3b61376|u44afa6f6317115c622a22eaac029f7f9|u44afa6f6317115c622a22eaac029f7f9||28.03.2021 12:30:40 UTC+02:00  |Outgoing|"{""Path"": ""Maverick_Samsung_Galaxy_S21/Attachments/File/0/Messages-Chat/Messages-Chat_407/38.jpg"", ""id"": 32}, {""Path"": ""Maverick_Samsung_Galaxy_S21/Attachments/File/0/Messages-Chat/Messages-Chat_407/38.thumb.jpg"", ""id"": 34}"
Line|Maverick|u5ca5f870694cae4db03ceb25f3b61376|u44afa6f6317115c622a22eaac029f7f9|u44afa6f6317115c622a22eaac029f7f9|Rain forecast today. Take a day off man....|28.03.2021 15:42:10 UTC+02:00  |Outgoing|
Line|Maverick|u5ca5f870694cae4db03ceb25f3b61376|u44afa6f6317115c622a22eaac029f7f9|u44afa6f6317115c622a22eaac029f7f9|Just around the corner dude. You come to me....|29.03.2021 18:30:25 UTC+02:00  |Outgoing|
Line|Maverick|u5ca5f870694cae4db03ceb25f3b61376|u44afa6f6317115c622a22eaac029f7f9|u44afa6f6317115c622a22eaac029f7f9||29.03.2021 18:30:48 UTC+02:00  |Outgoing|
Line|Maverick|u5ca5f870694cae4db03ceb25f3b61376|u44afa6f6317115c622a22eaac029f7f9|u44afa6f6317115c622a22eaac029f7f9|You there bro????|31.03.2021 18:54:15 UTC+02:00  |Outgoing|
Line|Maverick|u5ca5f870694cae4db03ceb25f3b61376|u44afa6f6317115c622a22eaac029f7f9|u44afa6f6317115c622a22eaac029f7f9|We speak tomorrow.  When your head is in a better place.|31.03.2021 19:23:02 UTC+02:00  |Outgoing|
Line|Maverick|u5ca5f870694cae4db03ceb25f3b61376|u44afa6f6317115c622a22eaac029f7f9|u44afa6f6317115c622a22eaac029f7f9|Alright alright.|31.03.2021 19:33:45 UTC+02:00  |Outgoing|
Line|Maverick|u5ca5f870694cae4db03ceb25f3b61376|u44afa6f6317115c622a22eaac029f7f9|u44afa6f6317115c622a22eaac029f7f9|You there????|01.04.2021 18:09:18 UTC+02:00  |Outgoing|
Line||u44afa6f6317115c622a22eaa|Maverick|erick ;Line ID: u5ca5f870694cae4db03ceb25f3b61376||27.03.2021 21:59:05 UTC+01:00  |Incoming|
Line||u44afa6f6317115c622a22eaa|Maverick|erick ;Line ID: u5ca5f870694cae4db03ceb25f3b61376||27.03.2021 21:59:25 UTC+01:00  |Incoming|
Line||u44afa6f6317115c622a22eaa|Maverick|erick ;Line ID: u5ca5f870694cae4db03ceb25f3b61376|U r a muppet.|27.03.2021 22:16:46 UTC+01:00  |Incoming|
Line||u44afa6f6317115c622a22eaa|Maverick|erick ;Line ID: u5ca5f870694cae4db03ceb25f3b61376||27.03.2021 22:17:11 UTC+01:00  |Incoming|"{""Path"": ""Maverick_Samsung_Galaxy_S21/Attachments/File/0/Messages-Chat/Messages-Chat_390/20.original.gif"", ""id"": 15}, {""Path"": ""Maverick_Samsung_Galaxy_S21/Attachments/File/0/Messages-Chat/Messages-Chat_390/20.thumb.jpg"", ""id"": 17}"
Line||u44afa6f6317115c622a22eaa|Maverick|erick ;Line ID: u5ca5f870694cae4db03ceb25f3b61376||27.03.2021 22:47:08 UTC+01:00  |Incoming|"{""Path"": ""Maverick_Samsung_Galaxy_S21/Attachments/File/0/Messages-Chat/Messages-Chat_394/25.thumb.jpg"", ""id"": 19}"
Line||u44afa6f6317115c622a22eaa|Maverick|erick ;Line ID: u5ca5f870694cae4db03ceb25f3b61376|Want to go shopping ????|28.03.2021 11:19:15 UTC+02:00  |Incoming|
Line||u44afa6f6317115c622a22eaa|Maverick|erick ;Line ID: u5ca5f870694cae4db03ceb25f3b61376|Yes let's do it|28.03.2021 11:28:48 UTC+02:00  |Incoming|
Line||u44afa6f6317115c622a22eaa|Maverick|erick ;Line ID: u5ca5f870694cae4db03ceb25f3b61376|Chocolate secured but not what I wanted.|28.03.2021 11:48:16 UTC+02:00  |Incoming|
Line||u44afa6f6317115c622a22eaa|Maverick|erick ;Line ID: u5ca5f870694cae4db03ceb25f3b61376||28.03.2021 12:03:09 UTC+02:00  |Incoming|"{""Path"": ""Maverick_Samsung_Galaxy_S21/Attachments/File/0/Messages-Chat/Messages-Chat_400/31.thumb.jpg"", ""id"": 25}, {""Path"": ""Maverick_Samsung_Galaxy_S21/Attachments/File/0/Messages-Chat/Messages-Chat_400/31.jpg"", ""id"": 27}"
Line||u44afa6f6317115c622a22eaa|Maverick|erick ;Line ID: u5ca5f870694cae4db03ceb25f3b61376|What is this shit???|28.03.2021 12:03:16 UTC+02:00  |Incoming|
Line||u44afa6f6317115c622a22eaa|Maverick|erick ;Line ID: u5ca5f870694cae4db03ceb25f3b61376|Ooohhh excited 😊|28.03.2021 12:04:52 UTC+02:00  |Incoming|
Line||u44afa6f6317115c622a22eaa|Maverick|erick ;Line ID: u5ca5f870694cae4db03ceb25f3b61376||28.03.2021 12:09:00 UTC+02:00  |Incoming|"{""Path"": ""Maverick_Samsung_Galaxy_S21/Attachments/File/0/Messages-Chat/Messages-Chat_405/36.thumb.jpg"", ""id"": 30}, {""Path"": ""Maverick_Samsung_Galaxy_S21/Attachments/File/0/Messages-Chat/Messages-Chat_405/36.jpg"", ""id"": 32}"
Line||u44afa6f6317115c622a22eaa|Maverick|erick ;Line ID: u5ca5f870694cae4db03ceb25f3b61376|Yes my favorite|28.03.2021 12:38:45 UTC+02:00  |Incoming|
Line||u44afa6f6317115c622a22eaa|Maverick|erick ;Line ID: u5ca5f870694cae4db03ceb25f3b61376|Alright good plan stan 🙂|28.03.2021 15:42:32 UTC+02:00  |Incoming|
Line||u44afa6f6317115c622a22eaa|Maverick|erick ;Line ID: u5ca5f870694cae4db03ceb25f3b61376||29.03.2021 18:24:38 UTC+02:00  |Incoming|"{""Path"": ""Maverick_Samsung_Galaxy_S21/Attachments/File/0/Messages-Chat/Messages-Chat_411/42.thumb.jpg"", ""id"": 36}"
Line||u44afa6f6317115c622a22eaa|Maverick|erick ;Line ID: u5ca5f870694cae4db03ceb25f3b61376|Where you at? I am here....|29.03.2021 18:25:22 UTC+02:00  |Incoming|
Line||u44afa6f6317115c622a22eaa|Maverick|erick ;Line ID: u5ca5f870694cae4db03ceb25f3b61376||29.03.2021 18:25:52 UTC+02:00  |Incoming|
Line||u44afa6f6317115c622a22eaa|Maverick|erick ;Line ID: u5ca5f870694cae4db03ceb25f3b61376|Yes yes|29.03.2021 18:38:50 UTC+02:00  |Incoming|
Line||u44afa6f6317115c622a22eaa|Maverick|erick ;Line ID: u5ca5f870694cae4db03ceb25f3b61376|Yes yes. Staying at a distance while you chat to the big man|31.03.2021 18:57:23 UTC+02:00  |Incoming|
Line||u44afa6f6317115c622a22eaa|Maverick|erick ;Line ID: u5ca5f870694cae4db03ceb25f3b61376|Not happy. Leave me be|31.03.2021 19:31:06 UTC+02:00  |Incoming|
Line||u44afa6f6317115c622a22eaa|Maverick|erick ;Line ID: u5ca5f870694cae4db03ceb25f3b61376|No dice man. Leave me alone.|01.04.2021 18:13:30 UTC+02:00  |Incoming|
Line|Maverick|u5ca5f870694cae4db03ceb25f3b61376|Maverick|u5ca5f870694cae4db03ceb25f3b61376|Keep.stealing|27.03.2021 22:00:33 UTC+01:00  |Outgoing|
Line|Maverick|u5ca5f870694cae4db03ceb25f3b61376|Maverick|u5ca5f870694cae4db03ceb25f3b61376|Do drugs|27.03.2021 22:00:38 UTC+01:00  |Outgoing|
Line|Maverick|u5ca5f870694cae4db03ceb25f3b61376|Maverick|u5ca5f870694cae4db03ceb25f3b61376|Rob houses|27.03.2021 22:00:43 UTC+01:00  |Outgoing|
Line|Maverick|u5ca5f870694cae4db03ceb25f3b61376|Maverick|u5ca5f870694cae4db03ceb25f3b61376|Be a bad boy|27.03.2021 22:00:48 UTC+01:00  |Outgoing|
Line|Maverick|u5ca5f870694cae4db03ceb25f3b61376|Maverick|u5ca5f870694cae4db03ceb25f3b61376|Use guns|27.03.2021 22:00:53 UTC+01:00  |Outgoing|
Line|Maverick|u5ca5f870694cae4db03ceb25f3b61376|Maverick|u5ca5f870694cae4db03ceb25f3b61376|Funking swear|27.03.2021 22:01:01 UTC+01:00  |Outgoing|
Snapchat||6a99a00e-d45a-47eb-bbaa-d35ad169b340|Goose|bbf0317f-0248-466f-beec-d114f23f26b1||22.02.2021 20:09:47 UTC+01:00  |Outgoing|
Snapchat||6a99a00e-d45a-47eb-bbaa-d35ad169b340|Twilight Grey|fb2a326f-6744-4e44-99cc-3e1b2cfa9536|Double crane?|27.03.2021 14:40:12 UTC+01:00  |Outgoing|
Snapchat|Twilight Grey|fb2a326f-6744-4e44-99cc-3e1b2cfa9536||6a99a00e-d45a-47eb-bbaa-d35ad169b340|??|29.03.2021 08:36:51 UTC+02:00  |Incoming|
Snapchat|Goldfinger SOB|501f6a4a-1cdd-436b-9869-f21b5f4e6391||6a99a00e-d45a-47eb-bbaa-d35ad169b340|Out and about?|29.03.2021 18:49:40 UTC+02:00  |Incoming|
Telegram|Unmatched Telegram User|1224624669|1224624669| telegram tips|Mini-Game Emoji. There are several emoji which you can send in chat to test your luck: 🎰, 🎲, 🎯, ⚽️ and 🏀.  Go for the jackpot, goal or bullseye – but try not to roll snake eyes 😉|12.01.2021 09:32:11 UTC+01:00  |Incoming|
Telegram|Unmatched Telegram User|1224624669|1224624669| telegram tips|Animated emoji. Sending a single emoji in a message will display a stylish animated version. We keep expanding the animated emoji army, adding new ones with every update.|12.01.2021 09:32:25 UTC+01:00  |Incoming|
Telegram|Unmatched Telegram User|1224624669|1224624669| telegram tips|Sticker Suggestions. Type any emoji and Telegram will suggest stickers relevant for your situation – from 😍 to 😱  Subscribe to @TrendingStickers to get the latest packs first.|12.01.2021 09:33:06 UTC+01:00  |Incoming|
Telegram|Unmatched Telegram User|1224624669|1224624669| telegram tips|Emoji Suggestions. Android users can type any word in the message field to get relevant emoji suggestions.  On all platforms, you can also type : followed by a keyword to search for emoji like :heart   If we’re missing a keyword for an emoji in your language, feel free to suggest it here.|12.01.2021 09:33:31 UTC+01:00  |Incoming|
Telegram|Unmatched Telegram User|1224624669|1224624669| telegram tips|Partial Selection. You can select any portion of a message to copy or share, instead of only the full text. Here’s how it looks on Android.|12.01.2021 09:33:58 UTC+01:00  |Incoming|
Telegram|Unmatched Telegram User|1224624669|1224624669| telegram tips|Unsend anything. On Telegram you can “unsend” messages you have sent or received for both sides, and there is no time limit.   You can also delete any private chat entirely from both your and the other person's device with just two taps.|12.01.2021 09:34:19 UTC+01:00  |Incoming|
Telegram|Unmatched Telegram User|1224624669|1224624669| telegram tips|Edit or Delete Messages to fix typos or remove anything you send by accident. Edited messages show an edited label, and deleted messages leave no trace and no placeholder in the chat.|12.01.2021 09:34:51 UTC+01:00  |Incoming|
Telegram|Unmatched Telegram User|1224624669|1224624669| telegram tips|Cloud Themes sync across your devices and have unique, shareable links. Everyone can make them in our Theme Editor.  If you want to take a trip down memory lane, our designers put together this tribute to an app that used to be independent: https://t.me/addtheme/RetroGreen|12.01.2021 10:05:18 UTC+01:00  |Incoming|
Telegram|Unmatched Telegram User|1224624669|1224624669| telegram tips|Change Colors. You can choose from dozens of color schemes in Chat Settings (Appearance Settings on iOS).  For more artistic freedom, try the full Theme Editor – or find links to themes created by others.|12.01.2021 10:51:31 UTC+01:00  |Incoming|
Telegram|Unmatched Telegram User|1224624669|1224624669| telegram tips|Over the last 7 years, Telegram has protected the private data of people all over the world and redefined what a messaging app can do. Here are some of its features:  • Editing messages  • Moving chat history from other apps • Sending documents and videos up to 2GB • Deleting messages without a trace • Native desktop and tablet apps • Multiple accounts and Chat folders • Usernames instead of phone numbers • Granular privacy settings • Group chats of up to 200,000 members • Admin tools and stats for group owners • Voice Chats for up to 5,000 participants • 20,000+ high-quality Animated stickers • Custom Color Themes like Retro • Video messages  • One-to-many channels • Video editing tools • API and Bot platform for developers • Programmed emoji 🎯🎳⚽️🏀🎲🎰 • Disappearing photos or videos • Self-Destructing end-to-end encrypted Chats • Partial selection for messages • Scheduled and silent messages • Pinned messages and polls • Persistent chat history • Saved Messages and Drafts  • Encrypted Voice and Video Calls  Scroll around in this channel for more features.|12.01.2021 13:53:57 UTC+01:00  |Incoming|
Telegram|Unmatched Telegram User|1224624669|1224624669| telegram tips|Delivery status. One check = message delivered. Two checks = message read.  You can use Telegram on any number of devices at once, including computers and tablets. Simply log in using the same phone number to access all your messages – without keeping your phone connected.|14.01.2021 15:32:58 UTC+01:00  |Incoming|
Telegram|Unmatched Telegram User|1224624669|1224624669| telegram tips|Video messages. Tap once on the Voice Message button to switch to video.  Tap on a video message to play it with sound.|14.01.2021 16:18:41 UTC+01:00  |Incoming|
Telegram|Unmatched Telegram User|1224624669|1224624669| telegram tips|Telegram apps are standalone and synced with the cloud – all your messages and media are available everywhere you go.  Unfinished messages save as Cloud Drafts, so you can finish typing and send from any device. Try desktop.telegram.org or macos.telegram.org on your computer for the best experience.|15.01.2021 19:31:19 UTC+01:00  |Incoming|
Telegram|Unmatched Telegram User|1224624669|1224624669| telegram tips|You can use the ‘Saved Messages’ chat to bookmark important messages, set reminders, store media, or send documents of up to 2GB each between your devices.  Whenever you forward a message, ‘Saved Messages’ will be at the top of the list.  To quickly access the chat on Android, swipe right for the Side Menu > Saved Messages. On iOS tap Settings > Saved Messages.|20.01.2021 18:39:58 UTC+01:00  |Incoming|
Telegram|Unmatched Telegram User|1224624669|1224624669| telegram tips|Free space. Telegram requires next to no storage space to run on your device.  Go to Settings > Data and Storage > Storage Usage to selectively clear your cache – or set Keep Media to regularly remove unused items. Media and files stay available to re-download whenever needed.  On Android, you can also store your Telegram data on your SD Card.|21.01.2021 17:16:54 UTC+01:00  |Incoming|
Telegram|Unmatched Telegram User|1224624669|1224624669| telegram tips||29.01.2021 11:55:14 UTC+01:00  |Incoming|
Telegram|Unmatched Telegram User|1224624669|1224624669| telegram tips|Move Chats From Other Apps  You can bring your chat history with all media and files to Telegram from other apps like WhatsApp, Line and KakaoTalk. Using the native export tool in those apps, share the exported file with Telegram, and then choose the Telegram chat where you want those messages to be added.  To move a chat from WhatsApp on iOS, open the Contact Info or Group Info page in WhatsApp, tap Export Chat, then choose Telegram in the Share menu.  From WhatsApp on Android, tap ⋮ > More > Export Chat, then choose Telegram in the Share menu.|29.01.2021 11:55:14 UTC+01:00  |Incoming|
Telegram|Unmatched Telegram User|1224624669|1224624669| telegram tips|Polls. To create a poll in your groups or channels, open the 📎 attachment menu and choose “Poll”.  Polls can be anonymous or have visible votes, showing who voted for what. You can also create multiple answer and quiz-style polls.|01.02.2021 19:35:27 UTC+01:00  |Incoming|
Telegram|Unmatched Telegram User|1224624669|1224624669| telegram tips|Delete Without a Trace  Messages, chats, call history and groups you created can be completely deleted at any time. Simply make your selection and check the box to delete for all participants – deleted items leave no trace, giving you full control over your digital footprint.|02.02.2021 13:10:22 UTC+01:00  |Incoming|
Telegram|Unmatched Telegram User|1224624669|1224624669| telegram tips|Scheduled messages. Hold the ‘Send’ button in any chat and select ‘Schedule Message’ to automatically send things at a specified time in the future (DeLorean not included).  If you can't guess what time would be good, choose to deliver the message when your recipient comes online.|15.02.2021 11:25:35 UTC+01:00|Incoming|
Telegram|Unmatched Telegram User|1224624669|1224624669| telegram tips|Your phone number is hidden. By default, it is only visible to your contacts. In groups and chats, you will always appear as your chosen name.  If you create a username, people can find your profile and get in contact with you – without needing to know your phone number.|15.02.2021 11:25:35 UTC+01:00  |Incoming|
Telegram|Big Boss|1656380740|Maverick SOB|||14.02.2021 19:51:36 UTC+01:00  |Incoming|
Telegram|Big Boss|1656380740|Maverick SOB||Eating dinner...|14.02.2021 19:52:13 UTC+01:00  |Incoming|
Telegram|Maverick SOB|1605396189|Big Boss|1656380740||14.02.2021 19:52:44 UTC+01:00  |Outgoing|
Telegram|Maverick SOB|1605396189|Big Boss|1656380740||14.02.2021 19:53:16 UTC+01:00  |Outgoing|
Telegram|Maverick SOB|1605396189|Big Boss|1656380740||15.02.2021 18:53:10 UTC+01:00  |Outgoing|
Telegram|Maverick SOB|1605396189|Big Boss|1656380740|Possible?|15.02.2021 18:53:15 UTC+01:00  |Outgoing|
Telegram|Maverick SOB|1605396189|Big Boss|1656380740||15.02.2021 19:04:33 UTC+01:00  |Outgoing|
Telegram|Maverick SOB|1605396189|Big Boss|1656380740|Looks very promising|15.02.2021 19:04:41 UTC+01:00  |Outgoing|
Telegram|Maverick SOB|1605396189|Big Boss|1656380740|You getting these?|15.02.2021 19:26:49 UTC+01:00  |Outgoing|
Telegram|Big Boss|1656380740|Maverick SOB||Yes dude. Let us know how you get on exploring the area,?|15.02.2021 19:53:20 UTC+01:00  |Incoming|
Telegram|Big Boss|1656380740|Maverick SOB||Need good quality bling...|15.02.2021 19:53:43 UTC+01:00  |Incoming|
Telegram|Maverick SOB|1605396189|Big Boss|1656380740|Good start last night 🌙|16.02.2021 06:39:11 UTC+01:00  |Outgoing|
Telegram|Maverick SOB|1605396189|Big Boss|1656380740|What is the process for today?|16.02.2021 16:55:17 UTC+01:00  |Outgoing|
Telegram|Maverick SOB|1605396189|Big Boss|1656380740|OK I am going out for a wander to scout some places of value|16.02.2021 18:21:21 UTC+01:00  |Outgoing|
Telegram|Big Boss|1656380740|Maverick SOB||Alright let me know what's happening. Keep your eyes open 👀|16.02.2021 18:39:49 UTC+01:00  |Incoming|
Telegram|Maverick SOB|1605396189|Big Boss|1656380740||16.02.2021 18:52:37 UTC+01:00  |Outgoing|
Telegram|Maverick SOB|1605396189|Big Boss|1656380740|At the train station 🚉 right now. Going to pick up some packages 📦|16.02.2021 18:53:16 UTC+01:00  |Outgoing|
Telegram|Big Boss|1656380740|Maverick SOB|||16.02.2021 19:19:00 UTC+01:00  |Incoming|
Telegram|Big Boss|1656380740|Maverick SOB|||16.02.2021 19:19:35 UTC+01:00  |Incoming|
Telegram|Maverick SOB|1605396189|Big Boss|1656380740||16.02.2021 19:52:43 UTC+01:00  |Outgoing|
Telegram|Maverick SOB|1605396189|Big Boss|1656380740||16.02.2021 19:55:53 UTC+01:00  |Outgoing|
Telegram|Maverick SOB|1605396189|Big Boss|1656380740|Me as an old man!|16.02.2021 19:56:04 UTC+01:00  |Outgoing|
Telegram|Big Boss|1656380740|Maverick SOB||Lol that's hideous and hilarious 🤣|16.02.2021 21:03:50 UTC+01:00  |Incoming|
Telegram|Big Boss|1656380740|Maverick SOB||Did you get some bling dude? Show me the money 💰🤑🤪|16.02.2021 21:04:13 UTC+01:00  |Incoming|
Telegram|Maverick SOB|1605396189|Big Boss|1656380740||16.02.2021 21:06:34 UTC+01:00  |Outgoing|
Telegram|Maverick SOB|1605396189|Big Boss|1656380740||16.02.2021 21:06:34 UTC+01:00  |Outgoing|
Telegram|Maverick SOB|1605396189|Big Boss|1656380740|How much you pay for these???|16.02.2021 21:06:48 UTC+01:00  |Outgoing|
Telegram|Big Boss|1656380740|Maverick SOB||Silver? No more than $10|16.02.2021 21:07:11 UTC+01:00  |Incoming|
Telegram|Big Boss|1656380740|Maverick SOB||White Gold maybe $50|16.02.2021 21:07:24 UTC+01:00  |Incoming|
Telegram|Maverick SOB|1605396189|Big Boss|1656380740|Naaah that doesn't fit my idea. You do better?|16.02.2021 21:08:11 UTC+01:00  |Outgoing|
Telegram|Big Boss|1656380740|Maverick SOB||Hard bargain merchant I see. What's to stop me calling the cops?|16.02.2021 21:08:51 UTC+01:00  |Incoming|
Telegram|Maverick SOB|1605396189|Big Boss|1656380740|I know stuff you don't want them to know|16.02.2021 21:09:24 UTC+01:00  |Outgoing|
Telegram|Big Boss|1656380740|Maverick SOB|||16.02.2021 21:09:40 UTC+01:00  |Incoming|
Telegram|Maverick SOB|1605396189|Big Boss|1656380740|😅|16.02.2021 21:09:56 UTC+01:00  |Outgoing|
Telegram|Big Boss|1656380740|Maverick SOB|||16.02.2021 21:10:12 UTC+01:00  |Incoming|
Telegram|Maverick SOB|1605396189|Big Boss|1656380740|Yeah speak later mate|16.02.2021 21:10:28 UTC+01:00  |Outgoing|
Telegram|Big Boss|1656380740|Maverick SOB||$75 best offer. Take it or leave it.|17.02.2021 08:27:30 UTC+01:00  |Incoming|
Telegram|Maverick SOB|1605396189|Big Boss|1656380740|Deal. Cash only dude.|17.02.2021 08:28:08 UTC+01:00  |Outgoing|
Telegram|Big Boss|1656380740|Maverick SOB||👌|17.02.2021 10:49:27 UTC+01:00  |Incoming|
Telegram|Maverick SOB|1605396189|Big Boss|1656380740|OK going out on patrol again....|17.02.2021 18:23:58 UTC+01:00  |Outgoing|
Telegram|Maverick SOB|1605396189|Big Boss|1656380740||17.02.2021 18:32:13 UTC+01:00  |Outgoing|
Telegram|Maverick SOB|1605396189|Big Boss|1656380740||17.02.2021 18:58:52 UTC+01:00  |Outgoing|
Telegram|Maverick SOB|1605396189|Big Boss|1656380740|Suspicious dude...|17.02.2021 18:59:01 UTC+01:00  |Outgoing|
Telegram|Maverick SOB|1605396189|Big Boss|1656380740||17.02.2021 19:14:48 UTC+01:00  |Outgoing|
Telegram|Maverick SOB|1605396189|Big Boss|1656380740|Best bet. Next to the woods. Easy access...|17.02.2021 19:15:10 UTC+01:00  |Outgoing|
Telegram|Big Boss|1656380740|Maverick SOB||Alright might be good. Leave you to it. Stay safe.|17.02.2021 20:02:39 UTC+01:00  |Incoming|
Telegram|Maverick SOB|1605396189|Big Boss|1656380740||17.02.2021 20:19:41 UTC+01:00  |Outgoing|
Telegram|Maverick SOB|1605396189|Big Boss|1656380740|Jewellery, Jewellery, Jewellery|17.02.2021 20:19:42 UTC+01:00  |Outgoing|
Telegram|Maverick SOB|1605396189|Big Boss|1656380740|Staying in till dark again.|18.02.2021 11:50:37 UTC+01:00  |Outgoing|
Telegram|Maverick SOB|1605396189|Big Boss|1656380740|OK I'm just out on scout mission now|18.02.2021 18:40:59 UTC+01:00  |Outgoing|
Telegram|Maverick SOB|1605396189|Big Boss|1656380740|Going to shops to collect some gear for the team...|18.02.2021 18:41:24 UTC+01:00  |Outgoing|
Telegram|Big Boss|1656380740|Maverick SOB||Ok keep looking 👌 we need some product to shift soon|18.02.2021 18:47:33 UTC+01:00  |Incoming|
Telegram|Maverick SOB|1605396189|Big Boss|1656380740|Back home. Got some stash mush|18.02.2021 20:24:40 UTC+01:00  |Outgoing|
Telegram|Maverick SOB|1605396189|Big Boss|1656380740|You around for a chat?|18.02.2021 20:24:54 UTC+01:00  |Outgoing|
Telegram|Big Boss|1656380740|Maverick SOB||Any good opportunities turned up today 🤔|19.02.2021 20:21:11 UTC+01:00  |Incoming|
Telegram|Maverick SOB|1605396189|Big Boss|1656380740|Nope not last night. Got tired and went back to base. This is too much for me to do alone. We need some more players....|20.02.2021 11:35:55 UTC+01:00  |Outgoing|
Telegram|Maverick SOB|1605396189|Big Boss|1656380740|Got some buddies joining me|20.02.2021 16:53:38 UTC+01:00  |Outgoing|
Telegram|Big Boss|1656380740|Maverick SOB||Alright 🏴‍☠|20.02.2021 16:54:19 UTC+01:00  |Incoming|
Telegram|Big Boss|1656380740|Maverick SOB||What's happening today?|21.02.2021 08:09:02 UTC+01:00  |Incoming|
Telegram|Maverick SOB|1605396189|Big Boss|1656380740|OK talking to a new group. Maybe go for a little visit to the jewellers in town? 😁|21.02.2021 08:22:49 UTC+01:00  |Outgoing|
Telegram|Big Boss|1656380740|Maverick SOB||Good plan. Make it happen|21.02.2021 09:04:18 UTC+01:00  |Incoming|
Telegram|Maverick SOB|1605396189|Big Boss|1656380740|This looks beautiful.|23.02.2021 19:09:13 UTC+01:00  |Outgoing|
Telegram|Maverick SOB|1605396189|Big Boss|1656380740||23.02.2021 19:09:13 UTC+01:00  |Outgoing|
Telegram|Big Boss|1656380740|Maverick SOB||Ok good spot. What you get. Looking for gold?|23.02.2021 19:14:54 UTC+01:00  |Incoming|
Telegram|Big Boss|1656380740|Maverick SOB||Get me something good this time. That last stuff turned out to be fake shit....|24.02.2021 18:27:54 UTC+01:00  |Incoming|
Telegram|Maverick SOB|1605396189|Big Boss|1656380740|Sorry boss. Will try better next time I promise.|24.02.2021 19:48:06 UTC+01:00  |Outgoing|
Telegram|Maverick SOB|1605396189|Big Boss|1656380740||25.02.2021 20:05:59 UTC+01:00  |Outgoing|
Telegram|Maverick SOB|1605396189|Big Boss|1656380740|Tonight's haul|25.02.2021 20:06:09 UTC+01:00  |Outgoing|
Telegram|Big Boss|1656380740|Maverick SOB||Good 👍|25.02.2021 20:47:55 UTC+01:00  |Incoming|
Telegram|Maverick SOB|1605396189|Big Boss|1656380740|Seriously boss. This lifestyle is doing my blood pressure no bloody good. You gotta let me retire soon....|27.02.2021 09:48:28 UTC+01:00  |Outgoing|
Telegram|Maverick SOB|1605396189|Big Boss|1656380740||27.02.2021 09:48:32 UTC+01:00  |Outgoing|
Telegram|Big Boss|1656380740|Maverick SOB||Stop bitching and pay back what u owe MF!|27.02.2021 09:52:18 UTC+01:00  |Incoming|
Telegram|Maverick SOB|1605396189|Big Boss|1656380740||02.03.2021 19:03:59 UTC+01:00  |Outgoing|
Telegram|Maverick SOB|1605396189|Big Boss|1656380740|Got da gear  😁|02.03.2021 19:04:10 UTC+01:00  |Outgoing|
Telegram|Big Boss|1656380740|Maverick SOB||You got anything new for me today?|03.03.2021 17:50:08 UTC+01:00  |Incoming|
Telegram|Maverick SOB|1605396189|Big Boss|1656380740||03.03.2021 19:51:04 UTC+01:00  |Outgoing|
Telegram|Maverick SOB|1605396189|Big Boss|1656380740|Got the gold. Now give me your best price...|03.03.2021 19:51:19 UTC+01:00  |Outgoing|
Telegram|Maverick SOB|1605396189|Big Boss|1656380740|Got a good one for later. Bug score here for sure...|04.03.2021 17:52:35 UTC+01:00  |Outgoing|
Telegram|Big Boss|1656380740|Maverick SOB||1000 króna. Best I can do|04.03.2021 18:03:50 UTC+01:00  |Incoming|
Telegram|Maverick SOB|1605396189|Big Boss|1656380740|Got a good one for later. Bug score here for sure...|04.03.2021 18:27:50 UTC+01:00  |Outgoing|
Telegram|Maverick SOB|1605396189|Big Boss|1656380740||04.03.2021 18:27:51 UTC+01:00  |Outgoing|
Telegram|Big Boss|1656380740|Maverick SOB||Ok get me some good. Watches work well right now..|04.03.2021 19:07:41 UTC+01:00  |Incoming|
Telegram|Maverick SOB|1605396189|Big Boss|1656380740||05.03.2021 11:10:18 UTC+01:00  |Outgoing|
Telegram|Maverick SOB|1605396189|Big Boss|1656380740|Like my work?|05.03.2021 11:10:28 UTC+01:00  |Outgoing|
Telegram|Maverick SOB|1605396189|Big Boss|1656380740|What's your price?|07.03.2021 18:12:34 UTC+01:00  |Outgoing|
Telegram|Big Boss|1656380740|Maverick SOB||10,000kr for the whole lot.|07.03.2021 18:13:14 UTC+01:00  |Incoming|
Telegram|Maverick SOB|1605396189|Big Boss|1656380740|OK deal. Send the money 💰 usual place, usual time.|07.03.2021 18:14:06 UTC+01:00  |Outgoing|
Telegram|Maverick SOB|1605396189|Big Boss|1656380740|I'm here where are you?|09.03.2021 19:41:58 UTC+01:00  |Outgoing|
Telegram|Maverick SOB|1605396189|Big Boss|1656380740||09.03.2021 19:42:00 UTC+01:00  |Outgoing|
Telegram|Big Boss|1656380740|Maverick SOB||You were late as usual...|10.03.2021 09:31:43 UTC+01:00  |Incoming|
Telegram|Maverick SOB|1605396189|Big Boss|1656380740||11.03.2021 08:31:40 UTC+01:00  |Outgoing|
Telegram|Maverick SOB|1605396189|Big Boss|1656380740|Got you a bucket load of nicked gear!|11.03.2021 08:31:53 UTC+01:00  |Outgoing|
Telegram|Big Boss|1656380740|Maverick SOB||Oh man. How am I supposed to value that lot. I bet most of it is useless crap. You will need to do some sorting first before you bring it to me if you want to get paid...|11.03.2021 08:52:03 UTC+01:00  |Incoming|
Telegram|Maverick SOB|1605396189|Big Boss|1656380740||11.03.2021 19:45:27 UTC+01:00  |Outgoing|
Telegram|Maverick SOB|1605396189|Big Boss|1656380740|Look found an amazing place to do over. Bound to be some good stuff here....|11.03.2021 19:45:27 UTC+01:00  |Outgoing|
Telegram|Big Boss|1656380740|Maverick SOB||Nice. Now where are the efforts of your Labour? Show me the money 💰|12.03.2021 10:27:31 UTC+01:00  |Incoming|
Telegram|Big Boss|1656380740|Maverick SOB|||12.03.2021 18:38:42 UTC+01:00  |Incoming|
Telegram|Big Boss|1656380740|Maverick SOB||Meet me at the rocket ship tonight...|12.03.2021 18:38:57 UTC+01:00  |Incoming|
Telegram|Maverick SOB|1605396189|Big Boss|1656380740|This one|12.03.2021 19:33:01 UTC+01:00  |Outgoing|
Telegram|Maverick SOB|1605396189|Big Boss|1656380740||12.03.2021 19:33:01 UTC+01:00  |Outgoing|
Telegram|Maverick SOB|1605396189|Big Boss|1656380740||12.03.2021 19:33:01 UTC+01:00  |Outgoing|
Telegram|Maverick SOB|1605396189|Big Boss|1656380740|I was there. Where were you?|12.03.2021 20:12:21 UTC+01:00  |Outgoing|
Telegram|Maverick SOB|1605396189|Big Boss|1656380740||13.03.2021 11:18:55 UTC+01:00  |Outgoing|
Telegram|Maverick SOB|1605396189|Big Boss|1656380740||13.03.2021 11:18:55 UTC+01:00  |Outgoing|
Telegram|Maverick SOB|1605396189|Big Boss|1656380740|9ct gold and diamonds|13.03.2021 11:18:55 UTC+01:00  |Outgoing|
Telegram|Maverick SOB|1605396189|Big Boss|1656380740||13.03.2021 11:18:55 UTC+01:00  |Outgoing|
Telegram|Maverick SOB|1605396189|Big Boss|1656380740|It was a good week. We pay off our debts soon boss 😎|13.03.2021 11:19:17 UTC+01:00  |Outgoing|
Telegram|Big Boss|1656380740|Maverick SOB||Ok looks good for $2k|13.03.2021 11:49:04 UTC+01:00  |Incoming|
Telegram|Maverick SOB|1605396189|Big Boss|1656380740|😱😆👌|13.03.2021 12:00:02 UTC+01:00  |Outgoing|
Telegram|Big Boss|1656380740|Maverick SOB||Hide the gear in the agreed location|13.03.2021 14:36:10 UTC+01:00  |Incoming|
Telegram|Big Boss|1656380740|Maverick SOB|||13.03.2021 21:34:00 UTC+01:00  |Incoming|
Telegram|Big Boss|1656380740|Maverick SOB||What the hell are they singing in the chorus?|13.03.2021 21:34:11 UTC+01:00  |Incoming|
Telegram|Maverick SOB|1605396189|Big Boss|1656380740|Haha. Yes it's very different in Swedish. But in English it sounds quite different 🤔|13.03.2021 21:35:58 UTC+01:00  |Outgoing|
Telegram|Big Boss|1656380740|Maverick SOB|||13.03.2021 22:14:26 UTC+01:00  |Incoming|
Telegram|Big Boss|1656380740|Maverick SOB|||16.03.2021 12:01:39 UTC+01:00  |Incoming|
Telegram|Big Boss|1656380740|Maverick SOB||Meet me here soon|16.03.2021 12:01:43 UTC+01:00  |Incoming|
Telegram|Maverick SOB|1605396189|Big Boss|1656380740||16.03.2021 16:15:55 UTC+01:00  |Outgoing|
Telegram|Maverick SOB|1605396189|Big Boss|1656380740|So here then?|16.03.2021 16:15:55 UTC+01:00  |Outgoing|
Telegram|Maverick SOB|1605396189|Big Boss|1656380740|Late again?|16.03.2021 16:23:20 UTC+01:00  |Outgoing|
Telegram|Big Boss|1656380740|Maverick SOB||Yes|16.03.2021 19:13:37 UTC+01:00  |Incoming|
Telegram|Maverick SOB|1605396189|Big Boss|1656380740|Sorry man. Just can't seem to time it well..|17.03.2021 12:12:49 UTC+01:00  |Outgoing|
Telegram|Big Boss|1656380740|Maverick SOB||F'ing useless. That's what you are Maverick. A complete waste of space.|17.03.2021 12:24:53 UTC+01:00  |Incoming|
Telegram|Big Boss|1656380740|Maverick SOB||Do your job and get the 💰|17.03.2021 12:25:05 UTC+01:00  |Incoming|
Telegram|Big Boss|1656380740|Maverick SOB|||17.03.2021 16:30:10 UTC+01:00  |Incoming|
Telegram|Big Boss|1656380740|Maverick SOB||Meet me here in 30 mins|17.03.2021 16:30:22 UTC+01:00  |Incoming|
Telegram|Big Boss|1656380740|Maverick SOB||Behind gym|17.03.2021 17:03:43 UTC+01:00  |Incoming|
Telegram|Maverick SOB|1605396189|Big Boss|1656380740|Whereabouts????|17.03.2021 17:32:26 UTC+01:00  |Outgoing|
Telegram|Maverick SOB|1605396189|Big Boss|1656380740||17.03.2021 17:32:26 UTC+01:00  |Outgoing|
Telegram|Maverick SOB|1605396189|Big Boss|1656380740|Got some good gear today from robbery in town...|18.03.2021 22:04:17 UTC+01:00  |Outgoing|
Telegram|Big Boss|1656380740|Maverick SOB||Pics or it didn't happen...|18.03.2021 22:04:39 UTC+01:00  |Incoming|
Telegram|Maverick SOB|1605396189|Big Boss|1656380740||18.03.2021 22:04:59 UTC+01:00  |Outgoing|"{""Path"": ""Maverick_Samsung_Galaxy_S21/Attachments/File/0/Messages-Chat/Messages-Chat_775/400125700542_315532.jpg"", ""id"": 343}"
Telegram|Maverick SOB|1605396189|Big Boss|1656380740||18.03.2021 22:04:59 UTC+01:00  |Outgoing|"{""Path"": ""Maverick_Samsung_Galaxy_S21/Attachments/File/0/Messages-Chat/Messages-Chat_774/400119100296_318966.jpg"", ""id"": 342}"
Telegram|Maverick SOB|1605396189|Big Boss|1656380740||18.03.2021 22:04:59 UTC+01:00  |Outgoing|"{""Path"": ""Maverick_Samsung_Galaxy_S21/Attachments/File/0/Messages-Chat/Messages-Chat_773/400094600857_411291.jpg"", ""id"": 341}"
Telegram|Maverick SOB|1605396189|Big Boss|1656380740||18.03.2021 22:04:59 UTC+01:00  |Outgoing|"{""Path"": ""Maverick_Samsung_Galaxy_S21/Attachments/File/0/Messages-Chat/Messages-Chat_772/400149900813_196683.jpg"", ""id"": 340}"
Telegram|Maverick SOB|1605396189|Big Boss|1656380740||18.03.2021 22:04:59 UTC+01:00  |Outgoing|"{""Path"": ""Maverick_Samsung_Galaxy_S21/Attachments/File/0/Messages-Chat/Messages-Chat_771/400082500730_435556.jpg"", ""id"": 339}"
Telegram|Maverick SOB|1605396189|Big Boss|1656380740|It happened. I reckon I must have paid off most of the debt by now with this lot?|18.03.2021 22:05:34 UTC+01:00  |Outgoing|
Telegram|Big Boss|1656380740|Maverick SOB||50% Still owed. You forget about the interest outstanding...|18.03.2021 22:07:05 UTC+01:00  |Incoming|
Telegram|Maverick SOB|1605396189|Big Boss|1656380740|Damn really? OK ok|19.03.2021 10:23:33 UTC+01:00  |Outgoing|
Telegram|Maverick SOB|1605396189|Big Boss|1656380740|So what's it going to take to get a clean break ?|19.03.2021 14:47:38 UTC+01:00  |Outgoing|
Telegram|Big Boss|1656380740|Maverick SOB||100,000kr to clear everything|19.03.2021 16:33:17 UTC+01:00  |Incoming|
Telegram|Maverick SOB|1605396189|Big Boss|1656380740|Christ almighty. OK boss|19.03.2021 16:45:45 UTC+01:00  |Outgoing|
Telegram|Maverick SOB|1605396189|Big Boss|1656380740|OK boss I have a possible big score coming in via a contact. Could be worth 100,000 to clear my debts!!!|20.03.2021 17:19:52 UTC+01:00  |Outgoing|
Telegram|Big Boss|1656380740|Maverick SOB||That sounds positive. Your next payment is due soon.....|20.03.2021 17:20:26 UTC+01:00  |Incoming|
Telegram|Big Boss|1656380740|Maverick SOB||You don't want me to have to send the big boys around again to your place, do you?|20.03.2021 17:20:48 UTC+01:00  |Incoming|
Telegram|Maverick SOB|1605396189|Big Boss|1656380740|No need. I'm good for it....|20.03.2021 17:21:03 UTC+01:00  |Outgoing|
Telegram|Big Boss|1656380740|Maverick SOB|||20.03.2021 22:09:25 UTC+01:00  |Incoming|
Telegram|Big Boss|1656380740|Maverick SOB||This could be you...|20.03.2021 22:09:49 UTC+01:00  |Incoming|
Telegram|Maverick SOB|1605396189|Big Boss|1656380740|OK okay. I get the message. I will pay. Need 48hrs. Got a big deal for white powder in the works.|21.03.2021 12:17:00 UTC+01:00  |Outgoing|
Telegram|Big Boss|1656380740|Maverick SOB||Ok 👌 make it happen|21.03.2021 12:27:16 UTC+01:00  |Incoming|
Telegram|Big Boss|1656380740|Maverick SOB||Call me soon....|23.03.2021 20:29:32 UTC+01:00  |Incoming|
Telegram|Big Boss|1656380740|Maverick SOB||So is the deal going down tonight?|24.03.2021 18:15:38 UTC+01:00  |Incoming|
Telegram|Maverick SOB|1605396189|Big Boss|1656380740|Yes boss. I'm on route to make the deal now.|24.03.2021 18:18:00 UTC+01:00  |Outgoing|
Telegram|Maverick SOB|1605396189|Big Boss|1656380740|Will let you know if it goes to plan. Will make sure you get paid I promise.  Need to clear my debts for good 👍|24.03.2021 18:18:44 UTC+01:00  |Outgoing|
Telegram|Big Boss|1656380740|Maverick SOB||Good. Make it happen and nothing had better go wrong due|24.03.2021 18:28:44 UTC+01:00  |Incoming|
Telegram|Big Boss|1656380740|Maverick SOB||I know where you live!!!|24.03.2021 18:28:55 UTC+01:00  |Incoming|
Telegram|Maverick SOB|1605396189|Big Boss|1656380740|Yes boss. Sorry boss. Of course boss...|24.03.2021 18:31:32 UTC+01:00  |Outgoing|
Telegram|Maverick SOB|1605396189|Big Boss|1656380740||24.03.2021 18:59:16 UTC+01:00  |Outgoing|
Telegram|Maverick SOB|1605396189|Big Boss|1656380740|You are getting paid...|24.03.2021 18:59:22 UTC+01:00  |Outgoing|
Telegram|Big Boss|1656380740|Maverick SOB||Glad to hear that. About time too|24.03.2021 19:00:28 UTC+01:00  |Incoming|
Telegram|Big Boss|1656380740|Maverick SOB||When do you deliver????|24.03.2021 19:14:53 UTC+01:00  |Incoming|
Telegram|Maverick SOB|1605396189|Big Boss|1656380740|Tomorrow night.. Barkway Train Station???|24.03.2021 19:15:57 UTC+01:00  |Outgoing|
Telegram|Big Boss|1656380740|Maverick SOB||Yes. Elevator exchange outside station. About 1830hrs|24.03.2021 19:16:59 UTC+01:00  |Incoming|
Telegram|Maverick SOB|1605396189|Big Boss|1656380740|Yes boss.|24.03.2021 19:17:17 UTC+01:00  |Outgoing|
Telegram|Big Boss|1656380740|Maverick SOB||Are you nearly there yet???|25.03.2021 18:28:16 UTC+01:00  |Incoming|
Telegram|Maverick SOB|1605396189|Big Boss|1656380740|Oh shit....|25.03.2021 18:28:33 UTC+01:00  |Outgoing|
Telegram|Maverick SOB|1605396189|Big Boss|1656380740|Sorry boss I got delayed on another job. I will leave now. Be there in 30 mins. So sorry 😞|25.03.2021 18:28:59 UTC+01:00  |Outgoing|
Telegram|Big Boss|1656380740|Maverick SOB||Don't make me waste my train fare coming out to the sticks to meet you Mav.|25.03.2021 18:31:16 UTC+01:00  |Incoming|
Telegram|Big Boss|1656380740|Maverick SOB||Be there by 7pm or there will be violence...|25.03.2021 18:31:36 UTC+01:00  |Incoming|
Telegram|Maverick SOB|1605396189|Big Boss|1656380740|Running 🏃‍♂️ now|25.03.2021 18:31:55 UTC+01:00  |Outgoing|
Telegram|Big Boss|1656380740|Maverick SOB||Be there and fast. I won't wait any longer for my money. Don't make me come and take it by force...|25.03.2021 18:41:02 UTC+01:00  |Incoming|
Telegram|Maverick SOB|1605396189|Big Boss|1656380740|Yes yes coming now. 15 mins max|25.03.2021 18:42:49 UTC+01:00  |Outgoing|
Telegram|Maverick SOB|1605396189|Big Boss|1656380740||25.03.2021 18:55:35 UTC+01:00  |Outgoing|
Telegram|Maverick SOB|1605396189|Big Boss|1656380740|Running...m|25.03.2021 18:55:39 UTC+01:00  |Outgoing|
Telegram|Big Boss|1656380740|Maverick SOB|||25.03.2021 18:59:09 UTC+01:00  |Incoming|
Telegram|Big Boss|1656380740|Maverick SOB||Meet here now|25.03.2021 18:59:15 UTC+01:00  |Incoming|
Telegram|Maverick SOB|1605396189|Big Boss|1656380740||25.03.2021 19:01:53 UTC+01:00  |Outgoing|
Telegram|Maverick SOB|1605396189|Big Boss|1656380740|Here now|25.03.2021 19:01:56 UTC+01:00  |Outgoing|
Telegram|Big Boss|1656380740|Maverick SOB||Get in drop off money bag.|25.03.2021 19:03:10 UTC+01:00  |Incoming|
Telegram|Big Boss|1656380740|Maverick SOB|||25.03.2021 19:03:15 UTC+01:00  |Incoming|
Telegram|Big Boss|1656380740|Maverick SOB||Step out and leave bag in elevator at bottom.|25.03.2021 19:03:34 UTC+01:00  |Incoming|
Telegram|Big Boss|1656380740|Maverick SOB||I am down here. I will.pass you on way in to pick up bag.|25.03.2021 19:03:52 UTC+01:00  |Incoming|
Telegram|Maverick SOB|1605396189|Big Boss|1656380740|Got it. Doing it now|25.03.2021 19:04:14 UTC+01:00  |Outgoing|
Telegram|Big Boss|1656380740|Maverick SOB||Your debt is paid.|25.03.2021 19:15:05 UTC+01:00  |Incoming|
Telegram|Maverick SOB|1605396189|Big Boss|1656380740|Thank you boss. Sorry for all the trouble being late. No disrespect intended. Thanks|25.03.2021 19:15:58 UTC+01:00  |Outgoing|
Telegram|Big Boss|1656380740|Maverick SOB||Want to make some more money? I have a job for you, if you're interested...|31.03.2021 18:05:27 UTC+02:00  |Incoming|
Telegram|Maverick SOB|1605396189|Big Boss|1656380740|Yes boss. Always interested in hearing opportunities|31.03.2021 18:21:27 UTC+02:00  |Outgoing|
Telegram|Big Boss|1656380740|Maverick SOB|||31.03.2021 18:27:24 UTC+02:00  |Incoming|
Telegram|Big Boss|1656380740|Maverick SOB||Meet me here. 20 mins|31.03.2021 18:27:32 UTC+02:00  |Incoming|
Telegram|Maverick SOB|1605396189|Big Boss|1656380740|Yes boss.|31.03.2021 18:27:48 UTC+02:00  |Outgoing|
Telegram|Big Boss|1656380740|Maverick SOB||Where you at? You are late.|31.03.2021 18:54:42 UTC+02:00  |Incoming|
Telegram|Maverick SOB|1605396189|Big Boss|1656380740|Here boss. Look around corner. 3 mins out|31.03.2021 18:55:09 UTC+02:00  |Outgoing|
Telegram|Big Boss|1656380740|Maverick SOB||And remember,  you don't get paid until the hit is done...|31.03.2021 19:03:01 UTC+02:00  |Incoming|
Telegram|Maverick SOB|1605396189|Big Boss|1656380740|Message received and understood|31.03.2021 19:03:38 UTC+02:00  |Outgoing|
Telegram|Maverick SOB|1605396189|Big Boss|1656380740|I might need some more time to persuade my business partner. Give me 48hrs....|31.03.2021 19:18:44 UTC+02:00  |Outgoing|
Telegram|Big Boss|1656380740|Maverick SOB||48hrs. Then the contract goes elsewhere.|31.03.2021 19:20:13 UTC+02:00  |Incoming|
Telegram|Big Boss|1656380740|Maverick SOB||You snooze, you loose.|31.03.2021 19:20:21 UTC+02:00  |Incoming|
Telegram|Maverick SOB|1605396189|Big Boss|1656380740|Roger that.|31.03.2021 19:20:50 UTC+02:00  |Outgoing|
Telegram|Maverick SOB|1605396189|Big Boss|1656380740|Er we might have a problem...|01.04.2021 18:41:21 UTC+02:00  |Outgoing|
Telegram|Big Boss|1656380740|Maverick SOB||What??|01.04.2021 18:42:18 UTC+02:00  |Incoming|
Telegram|Maverick SOB|1605396189|Big Boss|1656380740|Yer.. call me when you can please|01.04.2021 18:43:10 UTC+02:00  |Outgoing|
Telegram|Maverick SOB|1605396189|Big Boss|1656380740|Sorry boss. Like I said. I will fix this.|01.04.2021 18:53:14 UTC+02:00  |Outgoing|
Telegram|Big Boss|1656380740|Maverick SOB||Ensure you do this weekend.  Or I will take care of you all....|01.04.2021 19:13:08 UTC+02:00  |Incoming|
Telegram|Maverick SOB|1605396189|Big Boss|1656380740||01.04.2021 19:15:52 UTC+02:00  |Outgoing|
Telegram|Maverick SOB|1605396189|Big Boss|1656380740|Boss I have cops outside the house. Help me please. Think Goose has ratted us out.....|02.04.2021 16:18:21 UTC+02:00  |Outgoing|
Telegram|Telegram|777000|Maverick SOB||Telegram surpassed 500 million active users.    In January 2021, more than 100 million new users from around the world joined Telegram.  Thank you! These milestones were made possible by users like you who invite their friends to Telegram.   If you have contacts that joined in the last few days, you can welcome them using one of Telegram’s unique features, such as an animated sticker or a video message.  To find out more about Telegram features, have a look at https://t.me/TelegramTips/233|15.02.2021 18:52:59 UTC+01:00  |Incoming|
Telegram|Telegram|777000|Maverick SOB||Auto-Delete, Widgets, Expiring Invite Links and More   Auto-Delete Messages • Set messages to auto-delete for everyone 24 hours or 7 days after sending. • Control auto-delete settings in any of your chats, as well as in groups and channels where you are an admin. • To enable auto-delete, tap ⋮ > Clear History > choose a duration > Enable Auto-Delete.  Expiring Invite Links for Groups and Channels • Create invite links that work for a limited time or a limited number of uses. • See which users joined using your, or your admins’, invite links. • Turn any invite link into a QR code users can scan with their phone cameras. • To manage invite links, open your Group or Channel Profile > tap the Pencil Button > Invite Links.  Home Screen Widgets • Access your chats quickly right from your home screen.  • To add a widget, press and hold the wallpaper on your home screen, then tap Widgets and find Telegram.  Groups with Unlimited Members • Convert groups that have reached the 200,000 member limit into unlimited Broadcast Groups.  Improved Chat Import • Keep messages sorted by their original sending date when moving chat history from other apps. Works if the target chat on Telegram is new or has fewer than 1000 messages.  More about this update: https://telegram.org/blog/autodelete-inv2|26.02.2021 19:20:20 UTC+01:00  |Incoming|
Telegram|Telegram|777000|Maverick SOB||Voice Chats 2.0: Channels, Millions of Listeners, Recorded Chats, Admin Tools  Millions of Concurrent Listeners • Start limitless Voice Chats in Groups and Channels. • Host discussions that can be listened to by millions of people simultaneously.  Voice Chat Recordings • Record voice chats to share or publish in Channels later. • See that a chat is being recorded from the red dot next to its title.  Improved List of Participants • See user bio texts right from the list of participants. • Raise your hand to show admins you want to speak.  Tools for Organizers • Create separate Voice Chat Invite Links for listeners or speakers. • Change the title of your Voice Chat to give people an idea of the current topic. • Join Voice Chats as one of your Channels to hide your personal account.  Swipe Action Settings • Choose which action is performed when you swipe left on a chat in your list: Pin, Mark as Read, Archive, Mute or Delete.  More about this update: https://telegram.org/blog/voice-chats-on-steroids|20.03.2021 13:28:26 UTC+01:00|Incoming|
Telegram|Goose|1563131382|Maverick SOB|||20.02.2021 14:19:10 UTC+01:00  |Incoming|
Telegram|Maverick SOB|1605396189|Goose|1563131382|Hey didn't know your here?|20.02.2021 14:28:38 UTC+01:00  |Outgoing|
Telegram|Goose|1563131382|Maverick SOB|||20.02.2021 16:31:58 UTC+01:00  |Incoming|
Telegram|Goose|1563131382|Maverick SOB||Oh yes,|20.02.2021 16:31:59 UTC+01:00  |Incoming|
Telegram|Maverick SOB|1605396189|Goose|1563131382|Nice OK man. Good to know.|20.02.2021 16:53:20 UTC+01:00  |Outgoing|
Telegram|Maverick SOB|1605396189|Goose|1563131382||21.02.2021 09:12:12 UTC+01:00  |Outgoing|
Telegram|Maverick SOB|1605396189|Goose|1563131382|Get me this!|21.02.2021 09:12:19 UTC+01:00  |Outgoing|
Telegram|Goose|1563131382|Maverick SOB||Ok will do boss|21.02.2021 19:08:20 UTC+01:00  |Incoming|
Telegram|Maverick SOB|1605396189|Goose|1563131382|👌👍|21.02.2021 19:09:55 UTC+01:00  |Outgoing|
Telegram|Goose|1563131382|Maverick SOB|||22.02.2021 18:46:33 UTC+01:00  |Incoming|
Telegram|Goose|1563131382|Maverick SOB||Possible?|22.02.2021 18:46:40 UTC+01:00  |Incoming|
Telegram|Goose|1563131382|Maverick SOB|||22.02.2021 19:00:38 UTC+01:00  |Incoming|
Telegram|Goose|1563131382|Maverick SOB||Nice ...|22.02.2021 19:00:43 UTC+01:00  |Incoming|
Telegram|Maverick SOB|1605396189|Goose|1563131382|Ooohhh interested in that. Looks nice. What do u reckon 🤔 big bucks? Jewels and stuff?|22.02.2021 19:58:31 UTC+01:00  |Outgoing|
Telegram|Goose|1563131382|Maverick SOB|||23.02.2021 18:14:33 UTC+01:00  |Incoming|
Telegram|Goose|1563131382|Maverick SOB||Start here maybe,?|23.02.2021 18:14:44 UTC+01:00  |Incoming|
Telegram|Maverick SOB|1605396189|Goose|1563131382|Looks perfect good spot Goose|23.02.2021 19:11:09 UTC+01:00  |Outgoing|
Telegram|Goose|1563131382|Maverick SOB|||04.03.2021 18:09:57 UTC+01:00  |Incoming|
Telegram|Maverick SOB|1605396189|Goose|1563131382||05.03.2021 11:17:14 UTC+01:00  |Outgoing|
Telegram|Maverick SOB|1605396189|Goose|1563131382|Shiny shiny nice new phones 📱|05.03.2021 11:17:26 UTC+01:00  |Outgoing|
Telegram|Maverick SOB|1605396189|Goose|1563131382|To join the meeting on Google Meet, click this link:  https://meet.google.com/mhm-hhwx-qtq    Or open Meet and enter this code: mhm-hhwx-qtq|07.03.2021 08:14:10 UTC+01:00  |Outgoing|
Telegram|Goose|1563131382|Maverick SOB|||07.03.2021 18:11:09 UTC+01:00  |Incoming|
Telegram|Goose|1563131382|Maverick SOB||Should I be investing?|07.03.2021 18:11:25 UTC+01:00  |Incoming|
Telegram|Maverick SOB|1605396189|Goose|1563131382|I think so. Going to $280,000 this year is what I read....|07.03.2021 18:12:12 UTC+01:00  |Outgoing|
Telegram|Maverick SOB|1605396189|Goose|1563131382||07.03.2021 21:55:01 UTC+01:00  |Outgoing|
Telegram|Maverick SOB|1605396189|Goose|1563131382|Make us a coffee?|07.03.2021 21:55:13 UTC+01:00  |Outgoing|
Telegram|Goose|1563131382|Maverick SOB||You lazy git. Make it yourself and you can make me one while you are at it!|07.03.2021 21:56:20 UTC+01:00  |Incoming|
Telegram|Maverick SOB|1605396189|Goose|1563131382||08.03.2021 19:37:08 UTC+01:00  |Outgoing|
Telegram|Goose|1563131382|Maverick SOB|||08.03.2021 19:43:18 UTC+01:00  |Incoming|
Telegram|Goose|1563131382|Maverick SOB|||09.03.2021 19:08:32 UTC+01:00  |Incoming|
Telegram|Maverick SOB|1605396189|Goose|1563131382|This one looks good|09.03.2021 19:41:58 UTC+01:00  |Outgoing|
Telegram|Maverick SOB|1605396189|Goose|1563131382||09.03.2021 19:42:00 UTC+01:00  |Outgoing|
Telegram|Goose|1563131382|Maverick SOB||Nice ok let's make the plan. We need tools and shit...|09.03.2021 20:49:35 UTC+01:00  |Incoming|
Telegram|Goose|1563131382|Maverick SOB|||12.03.2021 19:16:44 UTC+01:00  |Incoming|
Telegram|Maverick SOB|1605396189|Goose|1563131382|Take a seat dude 😁|12.03.2021 19:33:01 UTC+01:00  |Outgoing|
Telegram|Maverick SOB|1605396189|Goose|1563131382||12.03.2021 19:33:02 UTC+01:00  |Outgoing|
Telegram|Goose|1563131382|Maverick SOB||https://youtu.be/-RUoEog2M1Q|12.03.2021 20:24:25 UTC+01:00  |Incoming|
Telegram|Maverick SOB|1605396189|Goose|1563131382|😂 seriously how old are you?|12.03.2021 20:34:22 UTC+01:00  |Outgoing|
Telegram|Maverick SOB|1605396189|Goose|1563131382|Keep away from my stick or I'll stab you!!!!|14.03.2021 14:44:02 UTC+01:00  |Outgoing|
Telegram|Maverick SOB|1605396189|Goose|1563131382||14.03.2021 14:44:16 UTC+01:00  |Outgoing|
Telegram|Maverick SOB|1605396189|Goose|1563131382||15.03.2021 10:49:44 UTC+01:00  |Outgoing|
Telegram|Maverick SOB|1605396189|Goose|1563131382|Dodgy geezers|15.03.2021 10:49:49 UTC+01:00  |Outgoing|
Telegram|Goose|1563131382|Maverick SOB|||15.03.2021 10:51:17 UTC+01:00  |Incoming|
Telegram|Goose|1563131382|Maverick SOB||Ok will keep an eye out|15.03.2021 10:51:18 UTC+01:00  |Incoming|
Telegram|Maverick SOB|1605396189|Goose|1563131382|7777777|15.03.2021 17:01:21 UTC+01:00  |Outgoing|
Telegram|Maverick SOB|1605396189|Goose|1563131382||15.03.2021 17:01:22 UTC+01:00  |Outgoing|
Telegram|Maverick SOB|1605396189|Goose|1563131382|This guy is a binary thinker|15.03.2021 17:01:22 UTC+01:00  |Outgoing|
Telegram|Maverick SOB|1605396189|Goose|1563131382||15.03.2021 17:01:24 UTC+01:00  |Outgoing|
Telegram|Maverick SOB|1605396189|Goose|1563131382|Hey guess what.|16.03.2021 11:32:31 UTC+01:00  |Outgoing|
Telegram|Maverick SOB|1605396189|Goose|1563131382|That scumbag Bad Boy is back. Wants to play nice and join the gang? What do u think? 😳|16.03.2021 11:33:06 UTC+01:00  |Outgoing|
Telegram|Goose|1563131382|Maverick SOB||Ah man. Really? He has a bad rep. Dropped people right in it before. You know the rumours... I dunno man.|16.03.2021 11:34:10 UTC+01:00  |Incoming|
Telegram|Goose|1563131382|Maverick SOB||Let me think about it...|16.03.2021 11:34:20 UTC+01:00  |Incoming|
Telegram|Maverick SOB|1605396189|Goose|1563131382||16.03.2021 11:35:03 UTC+01:00  |Outgoing|
Telegram|Maverick SOB|1605396189|Goose|1563131382|Let me know man?|16.03.2021 11:35:13 UTC+01:00  |Outgoing|
Telegram|Goose|1563131382|Maverick SOB||Ok ok. Anyway we need to work now. Let's go out and take a walk in the area....|16.03.2021 11:36:00 UTC+01:00  |Incoming|
Telegram|Goose|1563131382|Maverick SOB||If Bad Boy gets involved then we need protection...|16.03.2021 11:36:53 UTC+01:00  |Incoming|
Telegram|Goose|1563131382|Maverick SOB|||16.03.2021 11:36:58 UTC+01:00  |Incoming|
Telegram|Maverick SOB|1605396189|Goose|1563131382|Ah shit. Yer I guess so. Tooled up already? Man it's like you knew already? 😏|16.03.2021 11:37:48 UTC+01:00  |Outgoing|
Telegram|Goose|1563131382|Maverick SOB||I'm a bit scout. Always prepared... Fur anything!|16.03.2021 11:42:12 UTC+01:00  |Incoming|
Telegram|Goose|1563131382|Maverick SOB|||16.03.2021 16:32:45 UTC+01:00  |Incoming|
Telegram|Goose|1563131382|Maverick SOB||You chicken 🐔 ?|16.03.2021 16:32:57 UTC+01:00  |Incoming|
Telegram|Maverick SOB|1605396189|Goose|1563131382|Stop horsing around and do some work..|17.03.2021 12:13:23 UTC+01:00  |Outgoing|
Telegram|Maverick SOB|1605396189|Goose|1563131382|So what about Bad Boy? Do we let him in the gang or what?|17.03.2021 12:14:04 UTC+01:00  |Outgoing|
Telegram|Goose|1563131382|Maverick SOB||Ok I guess we could do with an extra pair of hands. Seeing as we have to work harder now gold price is dropping|17.03.2021 12:14:55 UTC+01:00  |Incoming|
Telegram|Maverick SOB|1605396189|Goose|1563131382|Alright I'll let him know?|17.03.2021 12:15:13 UTC+01:00  |Outgoing|
Telegram|Maverick SOB|1605396189|Goose|1563131382|This one?|17.03.2021 16:47:49 UTC+01:00  |Outgoing|
Telegram|Goose|1563131382|Maverick SOB||We are here then?|17.03.2021 16:59:01 UTC+01:00  |Incoming|
Telegram|Goose|1563131382|Maverick SOB|||17.03.2021 16:59:06 UTC+01:00  |Incoming|
Telegram|Maverick SOB|1605396189|Goose|1563131382|This one?|17.03.2021 17:32:25 UTC+01:00  |Outgoing|
Telegram|Maverick SOB|1605396189|Goose|1563131382||17.03.2021 17:32:26 UTC+01:00  |Outgoing|
Telegram|Maverick SOB|1605396189|Goose|1563131382|Beautiful|17.03.2021 17:32:26 UTC+01:00  |Outgoing|
Telegram|Maverick SOB|1605396189|Goose|1563131382||17.03.2021 17:32:27 UTC+01:00  |Outgoing|
Telegram|Maverick SOB|1605396189|Goose|1563131382|Maybe. What did u get?|17.03.2021 17:38:50 UTC+01:00  |Outgoing|
Telegram|Goose|1563131382|Maverick SOB|||17.03.2021 17:49:31 UTC+01:00  |Incoming|
Telegram|Goose|1563131382|Maverick SOB||Diamond 💍💎 baby!!!|17.03.2021 17:49:42 UTC+01:00  |Incoming|
Telegram|Maverick SOB|1605396189|Goose|1563131382||17.03.2021 18:15:39 UTC+01:00  |Outgoing|
Telegram|Maverick SOB|1605396189|Goose|1563131382|This should be fun...|18.03.2021 14:39:38 UTC+01:00  |Outgoing|
Telegram|Goose|1563131382|Maverick SOB||LMAO|18.03.2021 14:51:10 UTC+01:00  |Incoming|
Telegram|Maverick SOB|1605396189|Goose|1563131382||19.03.2021 14:47:51 UTC+01:00  |Outgoing|
Telegram|Maverick SOB|1605396189|Goose|1563131382|Trigger image:)|19.03.2021 14:48:16 UTC+01:00  |Outgoing|
Telegram|Goose|1563131382|Maverick SOB|||19.03.2021 18:03:37 UTC+01:00  |Incoming|
Telegram|Maverick SOB|1605396189|Goose|1563131382|What we need here are more traffic signs...|20.03.2021 16:18:12 UTC+01:00  |Outgoing|
Telegram|Maverick SOB|1605396189|Goose|1563131382|What we need here are more traffic signs...|20.03.2021 16:39:52 UTC+01:00  |Outgoing|
Telegram|Maverick SOB|1605396189|Goose|1563131382||20.03.2021 16:39:53 UTC+01:00  |Outgoing|
Telegram|Goose|1563131382|Maverick SOB||I need more direction in my life 😎|21.03.2021 14:19:00 UTC+01:00  |Incoming|
Telegram|Goose|1563131382|Maverick SOB|||23.03.2021 18:34:30 UTC+01:00  |Incoming|
Telegram|Maverick SOB|1605396189|Goose|1563131382|OK wait there and I will catch up with you for a look....|23.03.2021 18:39:24 UTC+01:00  |Outgoing|
Telegram|Goose|1563131382|Maverick SOB||Go with your call tonight. Looks best|23.03.2021 19:00:51 UTC+01:00  |Incoming|
Telegram|Maverick SOB|1605396189|Goose|1563131382|Let's see what alarms this triggers?|24.03.2021 08:31:03 UTC+01:00  |Outgoing|
Telegram|Maverick SOB|1605396189|Goose|1563131382||24.03.2021 08:31:12 UTC+01:00  |Outgoing|
Telegram|Maverick SOB|1605396189|Goose|1563131382||24.03.2021 08:31:12 UTC+01:00  |Outgoing|
Telegram|Maverick SOB|1605396189|Goose|1563131382||24.03.2021 08:31:12 UTC+01:00  |Outgoing|
Telegram|Goose|1563131382|Maverick SOB||ooh you gone done it now....|24.03.2021 08:33:42 UTC+01:00  |Incoming|
Telegram|Maverick SOB|1605396189|Goose|1563131382||29.03.2021 18:17:45 UTC+02:00  |Outgoing|
Telegram|Maverick SOB|1605396189|Goose|1563131382|Good place to stash the next stolen car... 😏|29.03.2021 18:18:03 UTC+02:00  |Outgoing|
Telegram|Goose|1563131382|Maverick SOB||Oh nice. Good spot Mav|29.03.2021 18:23:39 UTC+02:00  |Incoming|
Telegram|Maverick SOB|1605396189|Goose|1563131382|You available as back up again tonight? Doing another exchange tonight down by train station.|30.03.2021 15:47:41 UTC+02:00  |Outgoing|
Telegram|Goose|1563131382|Maverick SOB||Yes boss. Just let me know details|30.03.2021 15:48:49 UTC+02:00  |Incoming|
Telegram|Maverick SOB|1605396189|Goose|1563131382|6.30pm at back of Coop. Exchange of coke. 15,000kr cash. Need you to cover my back. Keep an eye out.|30.03.2021 15:51:35 UTC+02:00  |Outgoing|
Telegram|Goose|1563131382|Maverick SOB||Okay|30.03.2021 16:09:19 UTC+02:00  |Incoming|
Telegram|Maverick SOB|1605396189|Goose|1563131382||30.03.2021 18:09:05 UTC+02:00  |Outgoing|
Telegram|Goose|1563131382|Maverick SOB||Roger that|30.03.2021 18:15:20 UTC+02:00  |Incoming|
Telegram|Maverick SOB|1605396189|Goose|1563131382|Meet here 15.mins|31.03.2021 18:29:37 UTC+02:00  |Outgoing|
Telegram|Maverick SOB|1605396189|Goose|1563131382||31.03.2021 18:29:37 UTC+02:00  |Outgoing|
Telegram|Goose|1563131382|Maverick SOB||Yes yes. I be there|31.03.2021 18:33:53 UTC+02:00  |Incoming|
Telegram|Maverick SOB|1605396189|Goose|1563131382|Try to be casual mate.|31.03.2021 18:39:10 UTC+02:00  |Outgoing|
Telegram|Goose|1563131382|Maverick SOB||What's that? Sorry no understandy|31.03.2021 18:44:00 UTC+02:00  |Incoming|
Telegram|Maverick SOB|1605396189|Goose|1563131382|That figures|31.03.2021 18:45:29 UTC+02:00  |Outgoing|
Telegram|Goose|1563131382|Maverick SOB||See you now.|31.03.2021 18:56:55 UTC+02:00  |Incoming|
Telegram|Maverick SOB|1605396189|Goose|1563131382|Come.over|31.03.2021 19:00:20 UTC+02:00  |Outgoing|
Telegram|Maverick SOB|1605396189|Twilight G|1645578300|You there?|21.02.2021 13:27:59 UTC+01:00  |Outgoing|
Telegram|Twilight G|1645578300|Maverick SOB||Yes boss. Here and ready to go. Where we going?|21.02.2021 13:29:25 UTC+01:00  |Incoming|
Telegram|Maverick SOB|1605396189|Twilight G|1645578300|🏴‍☠|21.02.2021 15:41:21 UTC+01:00  |Outgoing|
Telegram|Maverick SOB|1605396189|Twilight G|1645578300|Hello 😎 you busy?|22.02.2021 20:03:41 UTC+01:00  |Outgoing|
Telegram|Twilight G|1645578300|Maverick SOB||Very busy, sorry boss🥺|23.02.2021 19:01:59 UTC+01:00  |Incoming|
Telegram|Maverick SOB|1605396189|Twilight G|1645578300|OK OK. But be available when you can. We have big plans.... :)|23.02.2021 19:10:54 UTC+01:00  |Outgoing|
Telegram|Twilight G|1645578300|Maverick SOB||Absolutely|23.02.2021 19:11:32 UTC+01:00  |Incoming|
Telegram|Maverick SOB|1605396189|Twilight G|1645578300||24.02.2021 09:23:10 UTC+01:00  |Outgoing|
Telegram|Twilight G|1645578300|Maverick SOB||🤑|24.02.2021 21:33:15 UTC+01:00  |Incoming|
Telegram|Maverick SOB|1605396189|Twilight G|1645578300|Cool GIF Twilight|25.02.2021 11:21:49 UTC+01:00  |Outgoing|
Telegram|Twilight G|1645578300|Maverick SOB||What can I say, I'm the coolest in the gang😈|25.02.2021 11:23:24 UTC+01:00  |Incoming|
Telegram|Maverick SOB|1605396189|Twilight G|1645578300||25.02.2021 11:24:01 UTC+01:00  |Outgoing|
Telegram|Maverick SOB|1605396189|Twilight G|1645578300|What can I say, I'm the coolest in the gang😈|25.02.2021 11:24:01 UTC+01:00  |Outgoing|
Telegram|Maverick SOB|1605396189|Twilight G|1645578300|U 😎 cool|25.02.2021 11:24:16 UTC+01:00  |Outgoing|
Telegram|Twilight G|1645578300|Maverick SOB||😎|25.02.2021 11:25:12 UTC+01:00  |Incoming|
Telegram|Maverick SOB|1605396189|Twilight G|1645578300|Bunny run|25.02.2021 20:01:19 UTC+01:00  |Outgoing|
Telegram|Maverick SOB|1605396189|Twilight G|1645578300||25.02.2021 20:01:24 UTC+01:00  |Outgoing|
Telegram|Maverick SOB|1605396189|Twilight G|1645578300||25.02.2021 20:08:57 UTC+01:00  |Outgoing|
Telegram|Maverick SOB|1605396189|Twilight G|1645578300|I give u the moon 🌙|25.02.2021 20:09:05 UTC+01:00  |Outgoing|
Telegram|Twilight G|1645578300|Maverick SOB||Wow you have the best 📷|25.02.2021 20:25:53 UTC+01:00  |Incoming|
Telegram|Maverick SOB|1605396189|Twilight G|1645578300||25.02.2021 20:27:03 UTC+01:00  |Outgoing|
Telegram|Twilight G|1645578300|Maverick SOB|||25.02.2021 20:31:03 UTC+01:00  |Incoming|
Telegram|Maverick SOB|1605396189|Twilight G|1645578300|❤️❤️❤️❤️❤️|25.02.2021 20:33:31 UTC+01:00  |Outgoing|
Telegram|Maverick SOB|1605396189|Twilight G|1645578300||26.02.2021 19:20:20 UTC+01:00  |Outgoing|
Telegram|Maverick SOB|1605396189|Twilight G|1645578300|Shadow man is watching u 👀|26.02.2021 19:20:20 UTC+01:00  |Outgoing|
Telegram|Twilight G|1645578300|Maverick SOB||Scary😬|27.02.2021 17:11:56 UTC+01:00  |Incoming|
Telegram|Maverick SOB|1605396189|Twilight G|1645578300||27.02.2021 17:24:38 UTC+01:00  |Outgoing|
Telegram|Twilight G|1645578300|Maverick SOB|||27.02.2021 17:31:51 UTC+01:00  |Incoming|
Telegram|Maverick SOB|1605396189|Twilight G|1645578300|Haha 😄|27.02.2021 17:32:31 UTC+01:00  |Outgoing|
Telegram|Twilight G|1645578300|Maverick SOB|||27.02.2021 19:50:04 UTC+01:00  |Incoming|
Telegram|Maverick SOB|1605396189|Twilight G|1645578300|😁|27.02.2021 20:00:18 UTC+01:00  |Outgoing|
Telegram|Maverick SOB|1605396189|Twilight G|1645578300||28.02.2021 14:45:39 UTC+01:00  |Outgoing|
Telegram|Twilight G|1645578300|Maverick SOB||Oh no|28.02.2021 18:05:37 UTC+01:00  |Incoming|
Telegram|Maverick SOB|1605396189|Twilight G|1645578300||03.03.2021 20:18:13 UTC+01:00  |Outgoing|
Telegram|Twilight G|1645578300|Maverick SOB||Yes you are😅|03.03.2021 20:19:12 UTC+01:00  |Incoming|
Telegram|Maverick SOB|1605396189|Twilight G|1645578300||05.03.2021 19:44:51 UTC+01:00  |Outgoing|
Telegram|Maverick SOB|1605396189|Twilight G|1645578300|These look expensive|05.03.2021 19:44:51 UTC+01:00  |Outgoing|
Telegram|Twilight G|1645578300|Maverick SOB||Could be|05.03.2021 20:18:00 UTC+01:00  |Incoming|
Telegram|Maverick SOB|1605396189|Twilight G|1645578300||06.03.2021 17:55:02 UTC+01:00  |Outgoing|
Telegram|Maverick SOB|1605396189|Twilight G|1645578300|Drive by Tensta|06.03.2021 17:55:14 UTC+01:00  |Outgoing|
Telegram|Twilight G|1645578300|Maverick SOB||Where you belong😝|06.03.2021 22:11:45 UTC+01:00  |Incoming|
Telegram|Maverick SOB|1605396189|Twilight G|1645578300|Ouch missy! Cruel but probably true. Missing you already...|07.03.2021 07:59:29 UTC+01:00  |Outgoing|
Telegram|Twilight G|1645578300|Maverick SOB||Of course you miss me🤗|07.03.2021 22:18:31 UTC+01:00  |Incoming|
Telegram|Maverick SOB|1605396189|Twilight G|1645578300||07.03.2021 22:30:03 UTC+01:00  |Outgoing|
Telegram|Twilight G|1645578300|Maverick SOB||Just been out and might have done a bit of stealing🙊|08.03.2021 10:02:01 UTC+01:00  |Incoming|
Telegram|Maverick SOB|1605396189|Twilight G|1645578300|Oooohhh you are so dangerous !|08.03.2021 10:07:13 UTC+01:00  |Outgoing|
Telegram|Twilight G|1645578300|Maverick SOB||Sometimes😝|08.03.2021 20:13:51 UTC+01:00  |Incoming|
Telegram|Maverick SOB|1605396189|Twilight G|1645578300|How exciting! Do let me know when you are planning to be dangerous again. I would like to watch you at your finest...|08.03.2021 20:15:04 UTC+01:00  |Outgoing|
Telegram|Twilight G|1645578300|Maverick SOB||I like to work in the unknown|08.03.2021 20:19:04 UTC+01:00  |Incoming|
Telegram|Maverick SOB|1605396189|Twilight G|1645578300||08.03.2021 20:20:35 UTC+01:00  |Outgoing|
Telegram|Twilight G|1645578300|Maverick SOB|||08.03.2021 20:22:16 UTC+01:00  |Incoming|
Telegram|Maverick SOB|1605396189|Twilight G|1645578300||10.03.2021 07:44:45 UTC+01:00  |Outgoing|
Telegram|Maverick SOB|1605396189|Twilight G|1645578300|For your pets x|10.03.2021 07:44:52 UTC+01:00  |Outgoing|
Telegram|Twilight G|1645578300|Maverick SOB||Ha ha|10.03.2021 11:05:13 UTC+01:00  |Incoming|
Telegram|Maverick SOB|1605396189|Twilight G|1645578300||11.03.2021 19:45:28 UTC+01:00  |Outgoing|
Telegram|Twilight G|1645578300|Maverick SOB||Snow😕|11.03.2021 20:20:21 UTC+01:00  |Incoming|
Telegram|Maverick SOB|1605396189|Twilight G|1645578300|Rock 🪨 in snow ❄|11.03.2021 21:47:41 UTC+01:00  |Outgoing|
Telegram|Twilight G|1645578300|Maverick SOB||Yes I have eyes I can see that|11.03.2021 21:51:54 UTC+01:00  |Incoming|
Telegram|Twilight G|1645578300|Maverick SOB||😝|11.03.2021 21:51:59 UTC+01:00  |Incoming|
Telegram|Maverick SOB|1605396189|Twilight G|1645578300|😂|11.03.2021 21:52:23 UTC+01:00  |Outgoing|
Telegram|Maverick SOB|1605396189|Twilight G|1645578300|Here is a stick...|12.03.2021 19:33:01 UTC+01:00  |Outgoing|
Telegram|Maverick SOB|1605396189|Twilight G|1645578300||12.03.2021 19:33:01 UTC+01:00  |Outgoing|
Telegram|Twilight G|1645578300|Maverick SOB||Just why?|12.03.2021 21:16:43 UTC+01:00  |Incoming|
Telegram|Maverick SOB|1605396189|Twilight G|1645578300|It's the best 'post' I could make 😁|12.03.2021 21:19:16 UTC+01:00  |Outgoing|
Telegram|Twilight G|1645578300|Maverick SOB||You are a such a comedian|12.03.2021 21:41:26 UTC+01:00  |Incoming|
Telegram|Maverick SOB|1605396189|Twilight G|1645578300|Thank you 😊|13.03.2021 10:34:02 UTC+01:00  |Outgoing|
Telegram|Maverick SOB|1605396189|Twilight G|1645578300||13.03.2021 18:31:58 UTC+01:00  |Outgoing|
Telegram|Twilight G|1645578300|Maverick SOB||Nice|13.03.2021 18:58:37 UTC+01:00  |Incoming|
Telegram|Maverick SOB|1605396189|Twilight G|1645578300|Totally not scary...|15.03.2021 17:01:21 UTC+01:00  |Outgoing|
Telegram|Maverick SOB|1605396189|Twilight G|1645578300|Feeling a bit tired 😫|15.03.2021 17:01:22 UTC+01:00  |Outgoing|
Telegram|Maverick SOB|1605396189|Twilight G|1645578300||15.03.2021 17:01:23 UTC+01:00  |Outgoing|
Telegram|Maverick SOB|1605396189|Twilight G|1645578300||15.03.2021 17:01:24 UTC+01:00  |Outgoing|
Telegram|Maverick SOB|1605396189|Twilight G|1645578300||15.03.2021 17:01:25 UTC+01:00  |Outgoing|
Telegram|Twilight G|1645578300|Maverick SOB||What are you trying to say? Doll, weals and stop?|15.03.2021 19:52:58 UTC+01:00  |Incoming|
Telegram|Maverick SOB|1605396189|Twilight G|1645578300|You're a doll 💗 I was tired (tyres) I'll STOP sending these posts now X|15.03.2021 21:21:24 UTC+01:00  |Outgoing|
Telegram|Twilight G|1645578300|Maverick SOB||Haha wow so there was a story behind it👏👏|15.03.2021 22:45:46 UTC+01:00  |Incoming|
Telegram|Maverick SOB|1605396189|Twilight G|1645578300||16.03.2021 09:39:40 UTC+01:00  |Outgoing|
Telegram|Twilight G|1645578300|Maverick SOB||Namaste|16.03.2021 20:00:08 UTC+01:00  |Incoming|
Telegram|Maverick SOB|1605396189|Twilight G|1645578300||17.03.2021 12:12:27 UTC+01:00  |Outgoing|
Telegram|Twilight G|1645578300|Maverick SOB||Thank you|17.03.2021 15:12:25 UTC+01:00  |Incoming|
Telegram|Maverick SOB|1605396189|Twilight G|1645578300|No thank you !|17.03.2021 15:15:18 UTC+01:00  |Outgoing|
Telegram|Twilight G|1645578300|Maverick SOB||Oh thank you for saying thank you😉|17.03.2021 18:25:14 UTC+01:00  |Incoming|
Telegram|Maverick SOB|1605396189|Twilight G|1645578300||19.03.2021 14:49:45 UTC+01:00  |Outgoing|
Telegram|Maverick SOB|1605396189|Twilight G|1645578300|Get me some stuff 😋|19.03.2021 14:50:06 UTC+01:00  |Outgoing|
Telegram|Twilight G|1645578300|Maverick SOB||Drugs?|19.03.2021 19:45:27 UTC+01:00  |Incoming|
Telegram|Maverick SOB|1605396189|Twilight G|1645578300||19.03.2021 20:08:03 UTC+01:00  |Outgoing|"{""Path"": ""Maverick_Samsung_Galaxy_S21/Attachments/File/0/Messages-Chat/Messages-Chat_802/400168300009_138653.jpg"", ""id"": 370}"
Telegram|Maverick SOB|1605396189|Twilight G|1645578300|They arrived 🙌|19.03.2021 20:08:13 UTC+01:00  |Outgoing|
Telegram|Twilight G|1645578300|Maverick SOB||Great|19.03.2021 20:14:58 UTC+01:00  |Incoming|
Telegram|Maverick SOB|1605396189|Twilight G|1645578300|Undercover deer|23.03.2021 19:07:39 UTC+01:00  |Outgoing|
Telegram|Twilight G|1645578300|Maverick SOB|||24.03.2021 09:35:31 UTC+01:00  |Incoming|
Telegram|Maverick SOB|1605396189|Twilight G|1645578300|That looks lovely 😍|24.03.2021 15:20:23 UTC+01:00  |Outgoing|
Telegram|Maverick SOB|1605396189|Twilight G|1645578300||24.03.2021 18:25:34 UTC+01:00  |Outgoing|
Telegram|Maverick SOB|1605396189|Twilight G|1645578300|Pretty skies tonight|24.03.2021 18:25:43 UTC+01:00  |Outgoing|
Telegram|Twilight G|1645578300|Maverick SOB||Yeah I saw it|24.03.2021 18:57:16 UTC+01:00  |Incoming|
Telegram|Maverick SOB|1605396189|Twilight G|1645578300|☀️🌝🌞|24.03.2021 18:58:07 UTC+01:00  |Outgoing|
Telegram|Twilight G|1645578300|Maverick SOB||But even better, can you hear all the birds?|24.03.2021 18:59:50 UTC+01:00  |Incoming|
Telegram|Maverick SOB|1605396189|Twilight G|1645578300|Oh dear...|26.03.2021 08:22:33 UTC+01:00  |Outgoing|
Telegram|Twilight G|1645578300|Maverick SOB||Here I we can find money|26.03.2021 17:29:21 UTC+01:00  |Incoming|
Telegram|Twilight G|1645578300|Maverick SOB|||26.03.2021 17:29:21 UTC+01:00  |Incoming|
Telegram|Maverick SOB|1605396189|Twilight G|1645578300|Stop horsing about 😁|26.03.2021 18:37:01 UTC+01:00  |Outgoing|
Telegram|Twilight G|1645578300|Maverick SOB||You😂|27.03.2021 07:39:32 UTC+01:00  |Incoming|
Telegram|Maverick SOB|1605396189|Twilight G|1645578300|Another rental for you to consider|31.03.2021 19:28:22 UTC+02:00  |Outgoing|
Telegram|Maverick SOB|1605396189|Twilight G|1645578300||31.03.2021 19:28:28 UTC+02:00  |Outgoing|
Telegram|Maverick SOB|1605396189|Twilight G|1645578300||31.03.2021 22:22:23 UTC+02:00  |Outgoing|
Telegram|Twilight G|1645578300|Maverick SOB||Have you done anything to make Goose upset?|02.04.2021 13:02:49 UTC+02:00  |Incoming|
Telegram|Maverick SOB|1605396189|Twilight G|1645578300|Not really. We had some work to do and he decided he wasn't up to it.|02.04.2021 15:54:58 UTC+02:00  |Outgoing|
Telegram|Twilight G|1645578300|Maverick SOB||Oh ok hope you solve the problems|02.04.2021 16:09:40 UTC+02:00  |Incoming|
Telegram|Goldfinger|1643401562|Maverick SOB||Fab sweets|15.03.2021 21:18:39 UTC+01:00  |Incoming|
Telegram|Goldfinger|1643401562|Maverick SOB||Right colour too 😂🙈|15.03.2021 21:18:49 UTC+01:00  |Incoming|
Telegram|Maverick SOB|1605396189|Goldfinger|1643401562||15.03.2021 21:20:19 UTC+01:00  |Outgoing|
Telegram|Goldfinger|1643401562|Maverick SOB||Ha ha|15.03.2021 21:20:29 UTC+01:00  |Incoming|
Telegram|Goldfinger|1643401562|Maverick SOB||I think Goose is trying to screw me over|17.03.2021 12:17:22 UTC+01:00  |Incoming|
Telegram|Maverick SOB|1605396189|Goldfinger|1643401562|Why?|17.03.2021 12:21:08 UTC+01:00  |Outgoing|
Telegram|Goldfinger|1643401562|Maverick SOB||Ohh nothing he’s sorted it out|17.03.2021 12:22:02 UTC+01:00  |Incoming|
Telegram|Goldfinger|1643401562|Maverick SOB||Heard something from Twilight and got nervous|17.03.2021 12:22:33 UTC+01:00  |Incoming|
Telegram|Maverick SOB|1605396189|Goldfinger|1643401562|What did u hear? Is he doing some side hustles without me? 🤔|17.03.2021 12:25:51 UTC+01:00  |Outgoing|
Telegram|Goldfinger|1643401562|Maverick SOB||He wasn’t paying as he promised|17.03.2021 12:26:32 UTC+01:00  |Incoming|
Telegram|Goldfinger|1643401562|Maverick SOB||Not sure what he does|17.03.2021 12:26:41 UTC+01:00  |Incoming|
Telegram|Maverick SOB|1605396189|Goldfinger|1643401562|Do I need to speak to Twilight?|17.03.2021 12:27:04 UTC+01:00  |Outgoing|
Telegram|Goldfinger|1643401562|Maverick SOB||Sometimes I can’t reach him... and not sure if I trust him as before|17.03.2021 12:27:11 UTC+01:00  |Incoming|
Telegram|Goldfinger|1643401562|Maverick SOB||Twilight is fine.... Goose is loose|17.03.2021 12:27:30 UTC+01:00  |Incoming|
Telegram|Maverick SOB|1605396189|Goldfinger|1643401562|😄|17.03.2021 12:28:00 UTC+01:00  |Outgoing|
Telegram|Maverick SOB|1605396189|Goldfinger|1643401562|U like?|17.03.2021 17:32:26 UTC+01:00  |Outgoing|
Telegram|Maverick SOB|1605396189|Goldfinger|1643401562||17.03.2021 17:32:27 UTC+01:00  |Outgoing|
Telegram|Maverick SOB|1605396189|Goldfinger|1643401562|Dodgy geezer|19.03.2021 14:51:09 UTC+01:00  |Outgoing|
Telegram|Maverick SOB|1605396189|Goldfinger|1643401562||19.03.2021 14:51:20 UTC+01:00  |Outgoing|
Telegram|Goldfinger|1643401562|Maverick SOB||So dodgy|19.03.2021 20:07:51 UTC+01:00  |Incoming|
Telegram|Maverick SOB|1605396189|Goldfinger|1643401562|Mr money 💰🤑|19.03.2021 20:08:29 UTC+01:00  |Outgoing|
Telegram|Goldfinger|1643401562|Maverick SOB||Mr Hood|19.03.2021 20:12:17 UTC+01:00  |Incoming|
Telegram|Maverick SOB|1605396189|Goldfinger|1643401562||20.03.2021 16:39:53 UTC+01:00  |Outgoing|
Telegram|Maverick SOB|1605396189|Goldfinger|1643401562||22.03.2021 07:36:24 UTC+01:00  |Outgoing|
Telegram|Maverick SOB|1605396189|Goldfinger|1643401562|Oh deer!|22.03.2021 07:36:30 UTC+01:00  |Outgoing|
Telegram|Goldfinger|1643401562|Maverick SOB|||22.03.2021 10:42:14 UTC+01:00  |Incoming|
Telegram|Goldfinger|1643401562|Maverick SOB||Woof woof woofer|22.03.2021 10:42:30 UTC+01:00  |Incoming|
Telegram|Maverick SOB|1605396189|Goldfinger|1643401562|Gangbana??|22.03.2021 13:51:00 UTC+01:00  |Outgoing|
Telegram|Maverick SOB|1605396189|Goldfinger|1643401562||22.03.2021 13:51:02 UTC+01:00  |Outgoing|
Telegram|Maverick SOB|1605396189|Goldfinger|1643401562|Occasionally I don't recycle!!!|23.03.2021 18:30:32 UTC+01:00  |Outgoing|
Telegram|Maverick SOB|1605396189|Goldfinger|1643401562||23.03.2021 18:30:33 UTC+01:00  |Outgoing|
Telegram|Maverick SOB|1605396189|Goldfinger|1643401562||23.03.2021 19:10:11 UTC+01:00  |Outgoing|
Telegram|Maverick SOB|1605396189|Goldfinger|1643401562|Christ have you seen the size of this place?|23.03.2021 19:10:27 UTC+01:00  |Outgoing|
Telegram|Maverick SOB|1605396189|Goldfinger|1643401562||24.03.2021 18:20:46 UTC+01:00  |Outgoing|
Telegram|Maverick SOB|1605396189|Goldfinger|1643401562|Keep on trucking baby 👶|24.03.2021 18:20:54 UTC+01:00  |Outgoing|
Telegram|Maverick SOB|1605396189|Goldfinger|1643401562||24.03.2021 19:01:38 UTC+01:00  |Outgoing|
Telegram|Maverick SOB|1605396189|Goldfinger|1643401562|Bunny 🐰 girl x|24.03.2021 19:01:49 UTC+01:00  |Outgoing|
Telegram|Maverick SOB|1605396189|Goldfinger|1643401562|Want these?|25.03.2021 21:50:06 UTC+01:00  |Outgoing|
Telegram|Maverick SOB|1605396189|Goldfinger|1643401562||25.03.2021 21:50:14 UTC+01:00  |Outgoing|
Telegram|Maverick SOB|1605396189|Goldfinger|1643401562||25.03.2021 21:50:18 UTC+01:00  |Outgoing|
Telegram|Goldfinger|1643401562|Maverick SOB||That ring can bring good thing....|26.03.2021 08:50:05 UTC+01:00  |Incoming|
Telegram|Maverick SOB|1605396189|Goldfinger|1643401562|Nice you buy???|26.03.2021 12:31:56 UTC+01:00  |Outgoing|
Telegram|Goldfinger|1643401562|Maverick SOB||If you have it - yes sure|26.03.2021 13:22:46 UTC+01:00  |Incoming|
Telegram|Maverick SOB|1605396189|Goldfinger|1643401562|I have it 1000kr to you|26.03.2021 18:37:01 UTC+01:00  |Outgoing|
Telegram|Goldfinger|1643401562|Maverick SOB||Thanks mate|27.03.2021 09:29:14 UTC+01:00  |Incoming|
Telegram|Maverick SOB|1605396189|Goldfinger|1643401562|Deal|27.03.2021 14:35:43 UTC+01:00  |Outgoing|
Telegram|Maverick SOB|1605396189|Goldfinger|1643401562||27.03.2021 14:36:39 UTC+01:00  |Outgoing|"{""Path"": ""Maverick_Samsung_Galaxy_S21/Attachments/File/0/Messages-Chat/Messages-Chat_938/4_5978786211962031399.png"", ""id"": 506}"
Telegram|Maverick SOB|1605396189|Goldfinger|1643401562|In USA 🇺🇸|27.03.2021 14:36:47 UTC+01:00  |Outgoing|
Telegram|Goldfinger|1643401562|Maverick SOB||We’re going global|27.03.2021 14:38:39 UTC+01:00  |Incoming|
Telegram|Maverick SOB|1605396189|Goldfinger|1643401562|Very cool 😎|27.03.2021 14:39:14 UTC+01:00  |Outgoing|
Telegram|Maverick SOB|1605396189|Goldfinger|1643401562|When can you get me more white powder?|27.03.2021 14:44:08 UTC+01:00  |Outgoing|
Telegram|Goldfinger|1643401562|Maverick SOB||Hmmm, my contact wasn’t here today|27.03.2021 14:50:19 UTC+01:00  |Incoming|
Telegram|Goldfinger|1643401562|Maverick SOB||Might show tomorrow|27.03.2021 14:50:29 UTC+01:00  |Incoming|
Telegram|Maverick SOB|1605396189|Goldfinger|1643401562|Ah man. Bad Boy is on the case. He needs some more urgently. Will pay top dollar  💵|27.03.2021 14:51:11 UTC+01:00  |Outgoing|
Telegram|Goldfinger|1643401562|Maverick SOB||I’ll stay and sniff around.... might get lucky|27.03.2021 14:53:46 UTC+01:00  |Incoming|
Telegram|Goldfinger|1643401562|Maverick SOB||Need to get going now my friend|27.03.2021 14:54:33 UTC+01:00  |Incoming|
Telegram|Goldfinger|1643401562|Maverick SOB|||27.03.2021 14:54:48 UTC+01:00  |Incoming|
Telegram|Maverick SOB|1605396189|Goldfinger|1643401562|OK thanks man 👨|27.03.2021 14:55:09 UTC+01:00  |Outgoing|
Telegram|Maverick SOB|1605396189|Goldfinger|1643401562||27.03.2021 19:50:00 UTC+01:00  |Outgoing|
Telegram|Maverick SOB|1605396189|Goldfinger|1643401562|Today was a good day|27.03.2021 19:50:16 UTC+01:00  |Outgoing|
Telegram|Maverick SOB|1605396189|Goldfinger|1643401562||28.03.2021 12:30:56 UTC+02:00  |Outgoing|
Telegram|Maverick SOB|1605396189|Goldfinger|1643401562|https://images.app.goo.gl/gCJ9PTj8p7jRFhPy7|28.03.2021 12:32:10 UTC+02:00  |Outgoing|
Telegram|Maverick SOB|1605396189|Goldfinger|1643401562||31.03.2021 19:30:01 UTC+02:00  |Outgoing|
Telegram|Maverick SOB|1605396189|Goldfinger|1643401562|Delivery...|31.03.2021 19:30:07 UTC+02:00  |Outgoing|
Telegram|Goldfinger|1643401562|Maverick SOB||Better than Postnord|02.04.2021 15:57:39 UTC+02:00  |Incoming|
Telegram|Maverick SOB|1605396189|Goldfinger|1643401562|OMFG Post Nord are so shit....|02.04.2021 15:59:00 UTC+02:00  |Outgoing|
Telegram|Maverick SOB|1605396189|Goldfinger|1643401562||02.04.2021 15:59:22 UTC+02:00|Outgoing|
Telegram|Maverick SOB|1605396189|Goldfinger|1643401562|Over a month for a package from UK to Sweden. WTF is taking so long????|02.04.2021 15:59:22 UTC+02:00  |Outgoing|
Telegram|Bad Boy|1585569757|Maverick SOB|||16.03.2021 11:26:15 UTC+01:00  |Incoming|
Telegram|Bad Boy|1585569757|Maverick SOB||👍 alright geezer?|16.03.2021 11:26:38 UTC+01:00  |Incoming|
Telegram|Maverick SOB|1605396189|Bad Boy|1585569757|Oh jeez. U r everywhere|16.03.2021 11:27:12 UTC+01:00  |Outgoing|
Telegram|Maverick SOB|1605396189|Bad Boy|1585569757|What do you want man?|16.03.2021 11:27:24 UTC+01:00  |Outgoing|
Telegram|Bad Boy|1585569757|Maverick SOB||I want to trade. The boys let me know you deal in cheap gear and occasionally I get some to sell and every now and then I need to buy...|16.03.2021 11:28:19 UTC+01:00  |Incoming|
Telegram|Maverick SOB|1605396189|Bad Boy|1585569757|OK but how can I trust you after last time? You really screwed up...|16.03.2021 11:28:48 UTC+01:00  |Outgoing|
Telegram|Bad Boy|1585569757|Maverick SOB||Yer I know,  listen I'm sorry man but learnt my lesson. It won't happen again I promise. This time it will be different..|16.03.2021 11:29:36 UTC+01:00  |Incoming|
Telegram|Maverick SOB|1605396189|Bad Boy|1585569757|Ha yer right. How many times have I heard that shit before. 🤔|16.03.2021 11:29:59 UTC+01:00  |Outgoing|
Telegram|Bad Boy|1585569757|Maverick SOB||Seriously you can trust me. I won't make the same mistake twice. I will pay on time and keep your secrets. In my honor|16.03.2021 11:30:48 UTC+01:00  |Incoming|
Telegram|Maverick SOB|1605396189|Bad Boy|1585569757|I need to speak to Goose about this...|16.03.2021 11:32:22 UTC+01:00  |Outgoing|
Telegram|Bad Boy|1585569757|Maverick SOB||Ok I understand,  thanks.|16.03.2021 11:34:32 UTC+01:00  |Incoming|
Telegram|Bad Boy|1585569757|Maverick SOB||Did he say yes?|16.03.2021 16:31:41 UTC+01:00  |Incoming|
Telegram|Maverick SOB|1605396189|Bad Boy|1585569757|OK Bad Boy... Goose agreed to give you a second chance,  but you need to do everything we say OK?|17.03.2021 12:15:58 UTC+01:00  |Outgoing|
Telegram|Bad Boy|1585569757|Maverick SOB|||17.03.2021 12:16:27 UTC+01:00  |Incoming|
Telegram|Bad Boy|1585569757|Maverick SOB||Yes ok thanks man. You won't regret it..|17.03.2021 12:16:44 UTC+01:00  |Incoming|
Telegram|Maverick SOB|1605396189|Bad Boy|1585569757|Dear God, please make sure I don't. Sick of cleaning up after others.|17.03.2021 12:17:07 UTC+01:00  |Outgoing|
Telegram|Maverick SOB|1605396189|Bad Boy|1585569757|First job. Find us a place to rob..|17.03.2021 12:17:24 UTC+01:00  |Outgoing|
Telegram|Bad Boy|1585569757|Maverick SOB||Ok boss will do...|17.03.2021 12:17:36 UTC+01:00  |Incoming|
Telegram|Bad Boy|1585569757|Maverick SOB||I heard these apartments are super expensive?|17.03.2021 12:22:02 UTC+01:00  |Incoming|"{""Path"": ""Maverick_Samsung_Galaxy_S21/Attachments/File/0/Messages-Chat/Messages-Chat_727/400149600238_190931.jpg"", ""id"": 295}"
Telegram|Maverick SOB|1605396189|Bad Boy|1585569757|In the city? Nah man that's someone else's turf. We stick to the suburbs or get whacked.|17.03.2021 12:26:27 UTC+01:00  |Outgoing|
Telegram|Maverick SOB|1605396189|Bad Boy|1585569757|Local numbers only|17.03.2021 12:26:41 UTC+01:00  |Outgoing|
Telegram|Bad Boy|1585569757|Maverick SOB||https://images.app.goo.gl/W8yKUaPs697HTjms6|17.03.2021 17:45:34 UTC+01:00  |Incoming|
Telegram|Bad Boy|1585569757|Maverick SOB|||17.03.2021 17:45:56 UTC+01:00  |Incoming|"{""Path"": ""Maverick_Samsung_Galaxy_S21/Attachments/File/0/Messages-Chat/Messages-Chat_758/400088300496_413948.jpg"", ""id"": 326}"
Telegram|Bad Boy|1585569757|Maverick SOB||How about this?|17.03.2021 17:46:14 UTC+01:00  |Incoming|
Telegram|Maverick SOB|1605396189|Bad Boy|1585569757|Maybe. How much do you want?|17.03.2021 18:16:18 UTC+01:00  |Outgoing|
Telegram|Bad Boy|1585569757|Maverick SOB||9000kr should be enough to let this little lot go to you my friend|18.03.2021 22:03:14 UTC+01:00  |Incoming|
Telegram|Maverick SOB|1605396189|Bad Boy|1585569757|Deal|18.03.2021 22:03:34 UTC+01:00  |Outgoing|
Telegram|Bad Boy|1585569757|Maverick SOB||Ok let's meet up today for the exchange. I bring the gear and you bring the cash.|19.03.2021 11:30:32 UTC+01:00  |Incoming|
Telegram|Maverick SOB|1605396189|Bad Boy|1585569757|OK later on meet here.|19.03.2021 11:43:04 UTC+01:00  |Outgoing|
Telegram|Maverick SOB|1605396189|Bad Boy|1585569757||19.03.2021 11:44:41 UTC+01:00  |Outgoing|
Telegram|Maverick SOB|1605396189|Bad Boy|1585569757|What time do ya think?|19.03.2021 14:47:11 UTC+01:00  |Outgoing|
Telegram|Bad Boy|1585569757|Maverick SOB||Next 30 mins???|19.03.2021 16:45:16 UTC+01:00  |Incoming|
Telegram|Maverick SOB|1605396189|Bad Boy|1585569757|Yer OK I can do that. See you there shortly. Bring the packages 📦|19.03.2021 16:46:31 UTC+01:00  |Outgoing|
Telegram|Bad Boy|1585569757|Maverick SOB||Ok and you bring the money. By the way stop calling me 'shortly'|19.03.2021 16:47:09 UTC+01:00  |Incoming|
Telegram|Bad Boy|1585569757|Maverick SOB||Pleasure doing business with you...|19.03.2021 17:30:03 UTC+01:00  |Incoming|
Telegram|Maverick SOB|1605396189|Bad Boy|1585569757||19.03.2021 17:30:17 UTC+01:00  |Outgoing|"{""Path"": ""Maverick_Samsung_Galaxy_S21/Attachments/File/0/Messages-Chat/Messages-Chat_796/400120200885_316597.jpg"", ""id"": 364}"
Telegram|Maverick SOB|1605396189|Bad Boy|1585569757|Good idea to make it look like you were just picking up a regular parcel.|19.03.2021 17:30:38 UTC+01:00  |Outgoing|
Telegram|Maverick SOB|1605396189|Bad Boy|1585569757|That was an expensive trade|19.03.2021 17:59:40 UTC+01:00  |Outgoing|
Telegram|Bad Boy|1585569757|Maverick SOB||One good deal, deserves another..|20.03.2021 13:28:09 UTC+01:00  |Incoming|
Telegram|Bad Boy|1585569757|Maverick SOB||So how about a drugs trade?|20.03.2021 16:41:51 UTC+01:00  |Incoming|
Telegram|Maverick SOB|1605396189|Bad Boy|1585569757||20.03.2021 17:14:47 UTC+01:00  |Outgoing|"{""Path"": ""Maverick_Samsung_Galaxy_S21/Attachments/File/0/Messages-Chat/Messages-Chat_812/400168300009_138653.jpg"", ""id"": 380}"
Telegram|Maverick SOB|1605396189|Bad Boy|1585569757|Funnily enough I have a kilo of white powder available...|20.03.2021 17:15:08 UTC+01:00  |Outgoing|
Telegram|Bad Boy|1585569757|Maverick SOB||Well how convenient? So what's the price of that then?|20.03.2021 17:15:42 UTC+01:00  |Incoming|
Telegram|Maverick SOB|1605396189|Bad Boy|1585569757||20.03.2021 17:16:44 UTC+01:00  |Outgoing|"{""Path"": ""Maverick_Samsung_Galaxy_S21/Attachments/File/0/Messages-Chat/Messages-Chat_815/4_5958329299911051784.png"", ""id"": 383}"
Telegram|Maverick SOB|1605396189|Bad Boy|1585569757|$110,000 allowing for inflation...|20.03.2021 17:17:26 UTC+01:00  |Outgoing|
Telegram|Bad Boy|1585569757|Maverick SOB||🤬 fuck that's expensive|20.03.2021 17:18:59 UTC+01:00  |Incoming|
Telegram|Maverick SOB|1605396189|Bad Boy|1585569757|Yes well finest quality,  very cheap to you my friend. You can cut it down and quadruple the value...|20.03.2021 17:24:12 UTC+01:00  |Outgoing|
Telegram|Bad Boy|1585569757|Maverick SOB||Ok I need time to find the cash|20.03.2021 17:24:38 UTC+01:00  |Incoming|
Telegram|Maverick SOB|1605396189|Bad Boy|1585569757|Tick tock....|20.03.2021 17:24:51 UTC+01:00  |Outgoing|
Telegram|Bad Boy|1585569757|Maverick SOB||Ok I can get the cash. Just need 48hrs. When can we trade?|21.03.2021 12:16:12 UTC+01:00  |Incoming|
Telegram|Maverick SOB|1605396189|Bad Boy|1585569757|Just what I needed to hear thank you. Let's do Wednesday evening.|21.03.2021 12:17:46 UTC+01:00  |Outgoing|
Telegram|Bad Boy|1585569757|Maverick SOB||You ready for an exchange?|24.03.2021 08:59:13 UTC+01:00  |Incoming|
Telegram|Bad Boy|1585569757|Maverick SOB||Yes let's do this.|24.03.2021 18:05:58 UTC+01:00  |Incoming|
Telegram|Bad Boy|1585569757|Maverick SOB|||24.03.2021 18:06:41 UTC+01:00  |Incoming|
Telegram|Bad Boy|1585569757|Maverick SOB||Meet me here in 30 mins|24.03.2021 18:06:54 UTC+01:00  |Incoming|
Telegram|Maverick SOB|1605396189|Bad Boy|1585569757|👌|24.03.2021 18:07:23 UTC+01:00  |Outgoing|
Telegram|Maverick SOB|1605396189|Bad Boy|1585569757|I will be there bring the cash and you get the delivery of powder....|24.03.2021 18:07:51 UTC+01:00  |Outgoing|
Telegram|Bad Boy|1585569757|Maverick SOB||You there yet. Getting nervous carrying this much cash..|24.03.2021 18:30:12 UTC+01:00  |Incoming|
Telegram|Maverick SOB|1605396189|Bad Boy|1585569757|10.minutes|24.03.2021 18:31:14 UTC+01:00  |Outgoing|
Telegram|Maverick SOB|1605396189|Bad Boy|1585569757|OK I'm here now. Black jacket. Where are you at???|24.03.2021 18:39:35 UTC+01:00  |Outgoing|"{""Path"": ""Maverick_Samsung_Galaxy_S21/Attachments/File/0/Messages-Chat/Messages-Chat_872/400082500986_448195.jpg"", ""id"": 440}"
Telegram|Bad Boy|1585569757|Maverick SOB||Yes ok I around the back of the shop...|24.03.2021 18:40:18 UTC+01:00  |Incoming|
Telegram|Bad Boy|1585569757|Maverick SOB||Black BMW|24.03.2021 18:40:46 UTC+01:00  |Incoming|"{""Path"": ""Maverick_Samsung_Galaxy_S21/Attachments/File/0/Messages-Chat/Messages-Chat_874/400090100879_434036.jpg"", ""id"": 442}"
Telegram|Bad Boy|1585569757|Maverick SOB|||24.03.2021 18:41:27 UTC+01:00  |Incoming|"{""Path"": ""Maverick_Samsung_Galaxy_S21/Attachments/File/0/Messages-Chat/Messages-Chat_875/400119700202_330238.jpg"", ""id"": 443}"
Telegram|Bad Boy|1585569757|Maverick SOB||Here|24.03.2021 18:41:29 UTC+01:00  |Incoming|
Telegram|Maverick SOB|1605396189|Bad Boy|1585569757|OK yes yes I see you 👀|24.03.2021 18:41:49 UTC+01:00  |Outgoing|
Telegram|Maverick SOB|1605396189|Bad Boy|1585569757||24.03.2021 18:42:16 UTC+01:00  |Outgoing|"{""Path"": ""Maverick_Samsung_Galaxy_S21/Attachments/File/0/Messages-Chat/Messages-Chat_878/400119700069_329986.jpg"", ""id"": 446}"
Telegram|Maverick SOB|1605396189|Bad Boy|1585569757|Pleasure doing business with you|24.03.2021 18:59:06 UTC+01:00  |Outgoing|
Telegram|Bad Boy|1585569757|Maverick SOB||Glad we can work together again. I'll be back for more in due coursem|24.03.2021 19:00:03 UTC+01:00  |Incoming|
Telegram|Maverick SOB|1605396189|Bad Boy|1585569757|Yer absolutely|24.03.2021 19:02:08 UTC+01:00  |Outgoing|
Telegram|Bad Boy|1585569757|Maverick SOB||Business is booming. Going to need another delivery in 2 weeks. Can you deliver?|25.03.2021 18:45:06 UTC+01:00  |Incoming|
Telegram|Maverick SOB|1605396189|Bad Boy|1585569757|Wow really??? OK let me check ✔|25.03.2021 18:46:58 UTC+01:00  |Outgoing|
Telegram|Bad Boy|1585569757|Maverick SOB||Make it a week. This stuff is selling so fast I can't keep up. Need new packages asap|26.03.2021 18:58:26 UTC+01:00  |Incoming|
Telegram|Maverick SOB|1605396189|Bad Boy|1585569757|God damn. OK I will put another call in...|26.03.2021 19:00:33 UTC+01:00  |Outgoing|
Telegram|Maverick SOB|1605396189|Bad Boy|1585569757||26.03.2021 19:05:23 UTC+01:00  |Outgoing|
Telegram|Maverick SOB|1605396189|Bad Boy|1585569757|Are you watching me ???|26.03.2021 19:05:31 UTC+01:00  |Outgoing|
Telegram|Bad Boy|1585569757|Maverick SOB||No man..stop being so paranoid|26.03.2021 19:06:35 UTC+01:00  |Incoming|
Telegram|Maverick SOB|1605396189|Bad Boy|1585569757|OK ok|27.03.2021 14:35:10 UTC+01:00  |Outgoing|
Telegram|Maverick SOB|1605396189|Bad Boy|1585569757|So you still want stuff???|27.03.2021 14:35:27 UTC+01:00  |Outgoing|
Telegram|Bad Boy|1585569757|Maverick SOB||Yer man. Which bit of that last message didn't you understand? I can sell this shit all day long. I am raking in cash...|27.03.2021 14:43:00 UTC+01:00  |Incoming|
Telegram|Bad Boy|1585569757|Maverick SOB||Give me a delivery date please!|27.03.2021 14:43:23 UTC+01:00  |Incoming|
Telegram|Maverick SOB|1605396189|Bad Boy|1585569757|OK ok working on it|27.03.2021 14:43:50 UTC+01:00  |Outgoing|
Telegram|Bad Boy|1585569757|Maverick SOB|||27.03.2021 15:05:37 UTC+01:00  |Incoming|
Telegram|Bad Boy|1585569757|Maverick SOB||I need more white lines, this big!|27.03.2021 15:05:49 UTC+01:00  |Incoming|
Telegram|Maverick SOB|1605396189|Bad Boy|1585569757||27.03.2021 15:06:36 UTC+01:00  |Outgoing|
Telegram|Maverick SOB|1605396189|Bad Boy|1585569757|Yer OK man I got the message|27.03.2021 15:06:54 UTC+01:00  |Outgoing|
Telegram|Maverick SOB|1605396189|Bad Boy|1585569757||29.03.2021 18:01:47 UTC+02:00  |Outgoing|
Telegram|Maverick SOB|1605396189|Bad Boy|1585569757|A package has arrived....|29.03.2021 18:01:58 UTC+02:00  |Outgoing|
Telegram|Maverick SOB|1605396189|Bad Boy|1585569757|You still in the market ???|29.03.2021 18:02:10 UTC+02:00  |Outgoing|
Telegram|Bad Boy|1585569757|Maverick SOB||Yes yes yes|29.03.2021 18:02:58 UTC+02:00  |Incoming|
Telegram|Bad Boy|1585569757|Maverick SOB||How much|29.03.2021 18:03:01 UTC+02:00  |Incoming|
Telegram|Maverick SOB|1605396189|Bad Boy|1585569757|Not as big a quantity available this time. 15,000kr for 100 grams|29.03.2021 18:03:57 UTC+02:00  |Outgoing|
Telegram|Bad Boy|1585569757|Maverick SOB||Yes deal. I get cash in 24hrs . Can we meet tomorrow at location you choose???|29.03.2021 18:04:39 UTC+02:00  |Incoming|
Telegram|Maverick SOB|1605396189|Bad Boy|1585569757|Yep. Will let you know.|29.03.2021 18:05:03 UTC+02:00  |Outgoing|
Telegram|Maverick SOB|1605396189|Bad Boy|1585569757|Need to speak to someone...|29.03.2021 18:18:36 UTC+02:00  |Outgoing|
Telegram|Bad Boy|1585569757|Maverick SOB||Ok 1830hrs ish @ Barkaby Coop tomorrow night. The one by the train station.|29.03.2021 19:25:48 UTC+02:00  |Incoming|
Telegram|Bad Boy|1585569757|Maverick SOB||Is that the one at Jaktplan 1?|29.03.2021 19:27:16 UTC+02:00  |Incoming|
Telegram|Maverick SOB|1605396189|Bad Boy|1585569757|OK that works.  See you tomorrow|29.03.2021 19:28:05 UTC+02:00  |Outgoing|
Telegram|Bad Boy|1585569757|Maverick SOB||Ok are we still up for an exchange this evening???|30.03.2021 15:44:22 UTC+02:00  |Incoming|
Telegram|Maverick SOB|1605396189|Bad Boy|1585569757|Yes be there sometime between 6.30-7pm. Will let you know when I leave with a 30 min warning.|30.03.2021 15:45:55 UTC+02:00  |Outgoing|
Telegram|Maverick SOB|1605396189|Bad Boy|1585569757|Bring the cash 💸|30.03.2021 15:46:48 UTC+02:00  |Outgoing|
Telegram|Bad Boy|1585569757|Maverick SOB||Yes obviously.  15,000kr is the deal. I will be there.|30.03.2021 16:03:53 UTC+02:00  |Incoming|
Telegram|Bad Boy|1585569757|Maverick SOB|||30.03.2021 16:04:44 UTC+02:00  |Incoming|
Telegram|Maverick SOB|1605396189|Bad Boy|1585569757|Good 👍|30.03.2021 16:35:20 UTC+02:00  |Outgoing|
Telegram|Maverick SOB|1605396189|Bad Boy|1585569757|OK got some jobs done and on schedule. Be there on time or early|30.03.2021 17:39:34 UTC+02:00  |Outgoing|
Telegram|Bad Boy|1585569757|Maverick SOB||Ok.... get there when I can. I come alone by train..|30.03.2021 17:39:59 UTC+02:00  |Incoming|
Telegram|Maverick SOB|1605396189|Bad Boy|1585569757|As and when. Just bring the 💰|30.03.2021 17:40:23 UTC+02:00  |Outgoing|
Telegram|Bad Boy|1585569757|Maverick SOB||Be there soon man. U got the gear???|30.03.2021 18:17:50 UTC+02:00  |Incoming|
Telegram|Maverick SOB|1605396189|Bad Boy|1585569757|Yes you can trust me :)|30.03.2021 18:18:27 UTC+02:00  |Outgoing|
Telegram|Maverick SOB|1605396189|Bad Boy|1585569757|Meet me outside back of shop|30.03.2021 18:18:44 UTC+02:00  |Outgoing|
Telegram|Maverick SOB|1605396189|Bad Boy|1585569757|Meet me here.|30.03.2021 18:24:35 UTC+02:00  |Outgoing|
Telegram|Maverick SOB|1605396189|Bad Boy|1585569757||30.03.2021 18:24:39 UTC+02:00  |Outgoing|
Telegram|Maverick SOB|1605396189|Bad Boy|1585569757||30.03.2021 18:24:47 UTC+02:00  |Outgoing|
Telegram|Bad Boy|1585569757|Maverick SOB||Yep coming now...|30.03.2021 18:29:00 UTC+02:00  |Incoming|
Telegram|Bad Boy|1585569757|Maverick SOB||Pleasure doing business with you again...|30.03.2021 18:34:13 UTC+02:00  |Incoming|
Telegram|Maverick SOB|1605396189|Bad Boy|1585569757|Likewise. Call again ;)|30.03.2021 18:36:21 UTC+02:00  |Outgoing|
Telegram|Maverick SOB|1605396189|Bad Boy|1585569757|Hey. If you hear from Goose, let me know please.  We had a disagreement.  Want to make sure he doesn't start doing deals behind my back.... I am your supplier OK???|01.04.2021 18:31:52 UTC+02:00  |Outgoing|
Telegram|Bad Boy|1585569757|Maverick SOB||Is this some sort of sick April Fools joke???|01.04.2021 18:34:23 UTC+02:00  |Incoming|
Telegram|Maverick SOB|1605396189|Bad Boy|1585569757|No man. Didn't notice the date until now. This is straight up serious. We have internal issues. No problem for you, but only talk to me OK???|01.04.2021 18:35:34 UTC+02:00  |Outgoing|
Telegram|Bad Boy|1585569757|Maverick SOB||Really ok? You have my word. Just make sure the gear keeps flowing yer?|01.04.2021 18:36:23 UTC+02:00  |Incoming|
Telegram|Maverick SOB|1605396189|Bad Boy|1585569757|Yes yes. And if he does reach out, don't listen to any of his nonsense. Guy is acting the fool right now alright 🙄|01.04.2021 18:37:03 UTC+02:00  |Outgoing|
Telegram|Bad Boy|1585569757|Maverick SOB||Alright man. Whatever you say boss....|01.04.2021 18:38:57 UTC+02:00  |Incoming|
Telegram|Bad Boy|1585569757|Maverick SOB|||01.04.2021 18:39:30 UTC+02:00  |Incoming|
Telegram|Bad Boy|1585569757|Maverick SOB||Just promise me I can stay in business....|01.04.2021 18:48:45 UTC+02:00  |Incoming|
Telegram|Bad Boy|1585569757|Maverick SOB||https://images.app.goo.gl/ykj9WorVVQbVh3kd7|01.04.2021 18:51:51 UTC+02:00  |Incoming|
Telegram|Maverick SOB|1605396189|Bad Boy|1585569757|Sure...|01.04.2021 18:53:33 UTC+02:00  |Outgoing|
Telegram|Bad Boy|1585569757|Maverick SOB||Getting nervous. Am I overthinking things...?|02.04.2021 11:00:32 UTC+02:00  |Incoming|
Telegram|Maverick SOB|1605396189|Bad Boy|1585569757|Dude. All is good. Relax. I take care of all this...|02.04.2021 11:00:57 UTC+02:00  |Outgoing|
Viber|Maverick SOB|46708275344|Dadusko|421903954220|Hello?|15.02.2021 13:30:19 UTC+01:00  |Outgoing|
Viber|Dadusko|421903954220|Maverick SOB||Cau ako|21.02.2021 09:37:27 UTC+01:00  |Incoming|
Viber|Maverick SOB|46708275344|Dadusko|421903954220|What?|21.02.2021 09:53:18 UTC+01:00  |Outgoing|
Viber|Dadusko|421903954220|Maverick SOB||To si ti Amalia|21.02.2021 10:43:56 UTC+01:00  |Incoming|
Viber|Dadusko|421903954220|Maverick SOB||Tu Maja|21.02.2021 10:44:05 UTC+01:00  |Incoming|
Viber|Maverick SOB|46708275344|Dadusko|421903954220|Oprostite, pogrešna osoba|21.02.2021 10:48:22 UTC+01:00  |Outgoing|
Viber|Dadusko|421903954220|Maverick SOB||Sticker: 90600|21.02.2021 10:48:22 UTC+01:00|Incoming|
Viber|Maverick SOB|Viber|Maverick SOB|||16.02.2021 10:35:53 UTC+01:00|Incoming|
Viber|Goose|46736673785|Maverick SOB||content://com.viber.voip.provider.internal_files/gif/0-01-05-b1430cfd8e64af2815debf3d3e40d7b82351d89c3ffce6900008e114a6cc5a5c?pg=false&th=content%3A%2F%2Fcom.viber.voip.provider.internal_files%2Fmessage%2Flocal%2Fthumb%2F0-01-05-b1430cfd8e64af2815debf3d3e40d7b82351d89c3ffce6900008e114a6cc5a5c&ep=AQAAAJnlQRN1NwBRSJ8Ok%2BUGYhO80snNgaMg%2BJZW0Z%2BEWCNQ|20.02.2021 17:46:48 UTC+01:00  |Incoming|
Viber|Goose|46736673785|Maverick SOB|||21.02.2021 08:20:15 UTC+01:00  |Incoming|
Viber|Goose|46736673785|Maverick SOB||Maybe ?|21.02.2021 08:20:19 UTC+01:00  |Incoming|
Viber|Maverick SOB|46708275344|Goose|46736673785|This the target then? When does it happen?|21.02.2021 08:22:09 UTC+01:00  |Outgoing|
Viber|Goose|46736673785|Maverick SOB||content://com.viber.voip.provider.internal_files/gif/0-01-0a-f95d44d9898aaf4369a58a37654326ae1723ca1bd333466b363a093457ffd82b?pg=false&ep=AQAAAHWRKRl%2F10KNg5Y98VEL%2Bf1QJK3kanYY6jEy3g9%2BvOfF|21.02.2021 08:37:49 UTC+01:00  |Incoming|
Viber|Maverick SOB|46708275344|Goose|46736673785|Let's go now|22.02.2021 19:15:23 UTC+01:00  |Outgoing|
Viber|Goose|46736673785|Maverick SOB|||22.02.2021 20:05:35 UTC+01:00  |Incoming|
Viber|Goose|46736673785|Maverick SOB|||22.02.2021 20:05:41 UTC+01:00  |Incoming|
Viber|Maverick SOB|46708275344|Goose|46736673785||22.02.2021 20:05:44 UTC+01:00  |Outgoing|
Viber|Goose|46736673785|Maverick SOB||Let's go out hunting 😅|24.02.2021 18:07:38 UTC+01:00  |Incoming|
Viber|Maverick SOB|46708275344|Goose|46736673785|OK time to rock and roll .|24.02.2021 18:09:07 UTC+01:00  |Outgoing|
Viber|Maverick SOB|46708275344|Goose|46736673785||25.02.2021 19:50:36 UTC+01:00  |Outgoing|
Viber|Maverick SOB|46708275344|Goose|46736673785|I am.here. where r u ?|25.02.2021 19:50:36 UTC+01:00  |Outgoing|
Viber|Goose|46736673785|Maverick SOB||Relaxing 😎|25.02.2021 20:19:11 UTC+01:00  |Incoming|
Viber|Maverick SOB|46708275344|Goose|46736673785|U git. Do some work u lazy shit|25.02.2021 20:22:41 UTC+01:00  |Outgoing|
Viber|Goose|46736673785|Maverick SOB||Haha. Shut up and bring the bling u old lady|25.02.2021 20:30:17 UTC+01:00  |Incoming|
Viber|Maverick SOB|46708275344|Goose|46736673785|Sticker: 40120|25.02.2021 20:33:05 UTC+01:00  |Outgoing|
Viber|Maverick SOB|46708275344|Goose|46736673785||03.03.2021 19:52:47 UTC+01:00  |Outgoing|
Viber|Maverick SOB|46708275344|Goose|46736673785|Got this one on last job. How much?|03.03.2021 19:53:03 UTC+01:00  |Outgoing|
Viber|Goose|46736673785|Maverick SOB||500 SeK best price|03.03.2021 19:54:33 UTC+01:00  |Incoming|
Viber|Maverick SOB|46708275344|Goose|46736673785|No way dude. 750 sek at least....or no deal.|03.03.2021 20:17:19 UTC+01:00  |Outgoing|
Viber|Goose|46736673785|Maverick SOB||He says 600 final offer|03.03.2021 20:20:31 UTC+01:00  |Incoming|
Viber|Maverick SOB|46708275344|Goose|46736673785|OK sold|03.03.2021 21:33:40 UTC+01:00  |Outgoing|
Viber|Goose|46736673785|Maverick SOB||Cash tomorrow. Today I party 🥳|04.03.2021 08:25:03 UTC+01:00  |Incoming|
Viber|Maverick SOB|46708275344|Goose|46736673785|Show me the money|05.03.2021 11:09:18 UTC+01:00  |Outgoing|
Viber|Goose|46736673785|Maverick SOB|||05.03.2021 11:19:49 UTC+01:00  |Incoming|
Viber|Goose|46736673785|Maverick SOB|||06.03.2021 17:24:17 UTC+01:00  |Incoming|
Viber|Maverick SOB|46708275344|Goose|46736673785||06.03.2021 17:41:04 UTC+01:00  |Outgoing|
Viber|Maverick SOB|46708275344|Goose|46736673785|You here?|06.03.2021 17:41:09 UTC+01:00  |Outgoing|
Viber|Goose|46736673785|Maverick SOB||Yes man. Where the hell were you? Messing around with one of those ladies again I bet?|06.03.2021 17:42:05 UTC+01:00  |Incoming|
Viber|Maverick SOB|46708275344|Goose|46736673785|Dude relax. Get there when I get there. You don't get to give orders around here. I am top dog!|06.03.2021 17:49:02 UTC+01:00  |Outgoing|
Viber|Maverick SOB|46708275344|Goose|46736673785||08.03.2021 19:37:06 UTC+01:00  |Outgoing|
Viber|Goose|46736673785|Maverick SOB|||08.03.2021 19:43:41 UTC+01:00  |Incoming|
Viber|Maverick SOB|46708275344|Goose|46736673785|This is the one....|09.03.2021 19:42:02 UTC+01:00  |Outgoing|
Viber|Maverick SOB|46708275344|Goose|46736673785||09.03.2021 19:42:04 UTC+01:00  |Outgoing|
Viber|Goose|46736673785|Maverick SOB||Ok Mav. Sounds good.|09.03.2021 20:50:25 UTC+01:00  |Incoming|
Viber|Maverick SOB|46708275344|Goose|46736673785||11.03.2021 19:50:05 UTC+01:00  |Outgoing|
Viber|Maverick SOB|46708275344|Goose|46736673785|This one for a getaway vehicle?|11.03.2021 19:50:18 UTC+01:00  |Outgoing|
Viber|Goose|46736673785|Maverick SOB||Cool scooter boy|11.03.2021 21:40:02 UTC+01:00  |Incoming|
Viber|Maverick SOB|46708275344|Goose|46736673785|Suits a man of your size...|11.03.2021 21:47:19 UTC+01:00  |Outgoing|
Viber|Goose|46736673785|Maverick SOB||Meeeowww|11.03.2021 22:00:57 UTC+01:00  |Incoming|
Viber|Goose|46736673785|Maverick SOB|||12.03.2021 20:31:37 UTC+01:00  |Incoming|
Viber|Maverick SOB|46708275344|Goose|46736673785|Yer it was a bit like this tonight in downtown Stockholm;)|12.03.2021 20:33:24 UTC+01:00  |Outgoing|
Viber|Goose|46736673785|Maverick SOB|||14.03.2021 14:06:32 UTC+01:00  |Incoming|
Viber|Maverick SOB|46708275344|Goose|46736673785|Wrong location again. I think we missed Mr Big today...|14.03.2021 14:17:37 UTC+01:00  |Outgoing|
Viber|Goose|46736673785|Maverick SOB||Ah nuts. Sorry man. I saw a squirrel 🐿️ and got distracted 😣|14.03.2021 14:22:05 UTC+01:00  |Incoming|
Viber|Maverick SOB|46708275344|Goose|46736673785||14.03.2021 14:40:45 UTC+01:00  |Outgoing|
Viber|Maverick SOB|46708275344|Goose|46736673785|This one?|14.03.2021 14:40:51 UTC+01:00  |Outgoing|
Viber|Goose|46736673785|Maverick SOB||content://com.viber.voip.provider.internal_files/gif/0-01-05-fd57bb7a756cd4ac91f7039c0d1117bc00b2507b261fda1f73eb85ef340f068a?pg=false&th=content%3A%2F%2Fcom.viber.voip.provider.internal_files%2Fmessage%2Flocal%2Fthumb%2F0-01-05-fd57bb7a756cd4ac91f7039c0d1117bc00b2507b261fda1f73eb85ef340f068a&ep=AQAAANxZKYNVMkC9QjwAQYfWxWzjJ9VozQdeqI4WzRUGBrfv|14.03.2021 14:41:53 UTC+01:00  |Incoming|
Viber|Goose|46736673785|Maverick SOB||Damn yes. How did you know?|14.03.2021 14:41:54 UTC+01:00  |Incoming|
Viber|Maverick SOB|46708275344|Goose|46736673785||14.03.2021 20:01:27 UTC+01:00  |Outgoing|
Viber|Maverick SOB|46708275344|Goose|46736673785|Ignore this guy he's just nutz|14.03.2021 20:01:48 UTC+01:00  |Outgoing|
Viber|Goose|46736673785|Maverick SOB|||15.03.2021 11:16:29 UTC+01:00  |Incoming|
Viber|Goose|46736673785|Maverick SOB||It's all going to shit 😊|15.03.2021 11:16:43 UTC+01:00  |Incoming|
Viber|||Goose|46736673785|I always thought you were a bit of a twat|15.03.2021 12:00:05 UTC+01:00  |Outgoing|
Viber|||Goose|46736673785||15.03.2021 14:58:33 UTC+01:00  |Outgoing|
Viber|Maverick SOB|46708275344|Goose|46736673785|(wink)|15.03.2021 17:03:37 UTC+01:00  |Outgoing|
Viber|Goose|46736673785|Maverick SOB|||15.03.2021 17:05:53 UTC+01:00  |Incoming|
Viber|Maverick SOB|46708275344|Goose|46736673785||16.03.2021 09:42:47 UTC+01:00  |Outgoing|
Viber|Maverick SOB|46708275344|Goose|46736673785|Someone told me they thought you were a bit of a prick?|16.03.2021 09:43:06 UTC+01:00  |Outgoing|
Viber|Goose|46736673785|Maverick SOB||Ah nice one ☺️ there I was thinking you were telling me I am a rose 🌹 amongst thorns...|16.03.2021 09:56:30 UTC+01:00  |Incoming|
Viber|Maverick SOB|46708275344|Goose|46736673785|Yer bugger off muppet|16.03.2021 11:38:30 UTC+01:00  |Outgoing|
Viber|Goose|46736673785|Maverick SOB||😂|16.03.2021 11:41:39 UTC+01:00  |Incoming|
Viber|Goose|46736673785|Maverick SOB|||16.03.2021 12:18:20 UTC+01:00  |Incoming|
Viber|Maverick SOB|46708275344|Goose|46736673785||16.03.2021 16:22:54 UTC+01:00  |Outgoing|
Viber|Maverick SOB|46708275344|Goose|46736673785|This kid is everywhere|16.03.2021 16:22:56 UTC+01:00  |Outgoing|
Viber|Goose|46736673785|Maverick SOB||Damn 7|16.03.2021 16:32:12 UTC+01:00  |Incoming|
Viber|Goose|46736673785|Maverick SOB||Gez that guy is a pain in the ass. Tagging everything, wherever we go!|17.03.2021 10:59:58 UTC+01:00  |Incoming|
Viber|Maverick SOB|46708275344|Goose|46736673785||17.03.2021 12:07:21 UTC+01:00  |Outgoing|
Viber|Goose|46736673785|Maverick SOB||Yee but this one looks good too|17.03.2021 16:52:34 UTC+01:00  |Incoming|
Viber|Goose|46736673785|Maverick SOB|||17.03.2021 16:52:44 UTC+01:00  |Incoming|
Viber|Maverick SOB|46708275344|Goose|46736673785|Yer that's nice|17.03.2021 17:38:31 UTC+01:00  |Outgoing|
Viber|Maverick SOB|46708275344|Goose|46736673785|Stay at home. I am off out with Gold Finger....|18.03.2021 11:08:04 UTC+01:00  |Outgoing|
Viber|Goose|46736673785|Maverick SOB||Aw man. U get all the fun. What did u get?|18.03.2021 14:29:01 UTC+01:00  |Incoming|
Viber|Maverick SOB|46708275344|Goose|46736673785|That would be telling ....|18.03.2021 14:31:08 UTC+01:00  |Outgoing|
Viber|Goose|46736673785|Maverick SOB||What happens if I say the word heroin in this chat thread 🧵???|20.03.2021 16:09:51 UTC+01:00  |Incoming|
Viber|Maverick SOB|46708275344|Goose|46736673785|Maybe try selling crack instead?|20.03.2021 17:14:25 UTC+01:00  |Outgoing|
Viber|Goose|46736673785|Maverick SOB||Nah how about marijuana or cannabis?|21.03.2021 14:22:04 UTC+01:00  |Incoming|
Viber|Goose|46736673785|Maverick SOB|||23.03.2021 18:38:20 UTC+01:00  |Incoming|
Viber|Maverick SOB|46708275344|Goose|46736673785||23.03.2021 18:38:22 UTC+01:00  |Outgoing|
Viber|Maverick SOB|46708275344|Goose|46736673785||23.03.2021 19:08:10 UTC+01:00  |Outgoing|
Viber|Maverick SOB|46708275344|Goose|46736673785|Maybe later?|23.03.2021 19:08:19 UTC+01:00  |Outgoing|
Viber|Maverick SOB|46708275344|Goose|46736673785|This should set off some alarm bells....|24.03.2021 08:30:38 UTC+01:00  |Outgoing|
Viber|Maverick SOB|46708275344|Goose|46736673785||24.03.2021 08:30:41 UTC+01:00  |Outgoing|
Viber|Maverick SOB|46708275344|Goose|46736673785||24.03.2021 08:30:41 UTC+01:00  |Outgoing|
Viber|Maverick SOB|46708275344|Goose|46736673785||24.03.2021 08:30:41 UTC+01:00  |Outgoing|
Viber|Maverick SOB|46708275344|Goose|46736673785||24.03.2021 08:30:41 UTC+01:00  |Outgoing|
Viber|Goose|46736673785|Maverick SOB||Yep that should do it....|24.03.2021 08:32:53 UTC+01:00  |Incoming|
Viber|Goose|46736673785|Maverick SOB|||25.03.2021 19:20:16 UTC+01:00  |Incoming|
Viber|Maverick SOB|46708275344|Goose|46736673785|Nice. Did you check out the industrial estate?|25.03.2021 19:33:07 UTC+01:00  |Outgoing|
Viber|Goose|46736673785|Maverick SOB||Yes|25.03.2021 19:34:12 UTC+01:00  |Incoming|
Viber|Goose|46736673785|Maverick SOB||We can easily steal wheels from here|25.03.2021 19:35:25 UTC+01:00  |Incoming|
Viber|Goose|46736673785|Maverick SOB|||25.03.2021 19:35:30 UTC+01:00  |Incoming|
Viber|Maverick SOB|46708275344|Goose|46736673785|Cool|25.03.2021 19:37:34 UTC+01:00  |Outgoing|
Viber|Maverick SOB|46708275344|Goose|46736673785||26.03.2021 12:35:06 UTC+01:00  |Outgoing|
Viber|Maverick SOB|46708275344|Goose|46736673785|Where are you muppet???|27.03.2021 14:50:06 UTC+01:00  |Outgoing|
Viber|Maverick SOB|46708275344|Goose|46736673785||27.03.2021 15:14:27 UTC+01:00  |Outgoing|
Viber|Maverick SOB|46708275344|Goose|46736673785|Found you some new accommodation|27.03.2021 15:14:29 UTC+01:00  |Outgoing|
Viber|Goose|46736673785|Maverick SOB||😂|27.03.2021 16:50:47 UTC+01:00  |Incoming|
Viber|Maverick SOB|46708275344|Goose|46736673785||27.03.2021 19:52:52 UTC+01:00  |Outgoing|
Viber|Goose|46736673785|Maverick SOB||You are the swamp monster 👹|27.03.2021 19:59:11 UTC+01:00  |Incoming|
Viber|Maverick SOB|46708275344|Goose|46736673785|(wink)|27.03.2021 21:38:44 UTC+01:00  |Outgoing|
Viber|Goose|46736673785|Maverick SOB|||27.03.2021 22:47:55 UTC+01:00  |Incoming|
Viber|Maverick SOB|46708275344|Goose|46736673785||28.03.2021 12:33:50 UTC+02:00  |Outgoing|
Viber|Maverick SOB|46708275344|Goose|46736673785|Some good stuff here we need to go through|28.03.2021 12:34:04 UTC+02:00  |Outgoing|
Viber|Goose|46736673785|Maverick SOB||Nice work. Notice you didn't declare this lot to the whole gang????|28.03.2021 12:40:15 UTC+02:00  |Incoming|
Viber|Goose|46736673785|Maverick SOB||content://com.viber.voip.provider.internal_files/gif/0-01-05-c9ad6953e1ec2b4b73c71a8281c428d9ac438798536f0542cdaff02d77512e51?pg=false&th=content%3A%2F%2Fcom.viber.voip.provider.internal_files%2Fmessage%2Flocal%2Fthumb%2F0-01-05-c9ad6953e1ec2b4b73c71a8281c428d9ac438798536f0542cdaff02d77512e51&ep=AQAAAMk1TBNmP2Ej8dc9siMewCiRZRhxwFa0dD8GEyQ4sowg|28.03.2021 12:40:29 UTC+02:00  |Incoming|
Viber|Maverick SOB|46708275344|Goose|46736673785|Every other day. Must be expensive around here. Its so dear!!!|29.03.2021 18:43:02 UTC+02:00  |Outgoing|
Viber|Goose|46736673785|Maverick SOB||????|29.03.2021 18:46:42 UTC+02:00  |Incoming|
Viber|Maverick SOB|46708275344|Goose|46736673785||29.03.2021 18:50:32 UTC+02:00  |Outgoing|
Viber|Goose|46736673785|Maverick SOB||Oh I see. Another animal based pun. Video took a while to download|29.03.2021 19:00:17 UTC+02:00  |Incoming|
Viber|Goose|46736673785|Maverick SOB|||29.03.2021 19:07:34 UTC+02:00  |Incoming|
Viber|Goose|46736673785|Maverick SOB|||29.03.2021 19:07:39 UTC+02:00  |Incoming|
Viber|Maverick SOB|46708275344|Goose|46736673785||29.03.2021 19:07:42 UTC+02:00  |Outgoing|
Viber|Goose|46736673785|Maverick SOB||Nope|29.03.2021 19:11:40 UTC+02:00  |Incoming|
Viber|Maverick SOB|46708275344|Goose|46736673785||29.03.2021 20:16:18 UTC+02:00  |Outgoing|
Viber|Maverick SOB|46708275344|Goose|46736673785||29.03.2021 20:16:18 UTC+02:00  |Outgoing|
Viber|Maverick SOB|46708275344|Goose|46736673785|Did u c my wheels????|29.03.2021 20:16:19 UTC+02:00  |Outgoing|
Viber|Maverick SOB|46708275344|Goose|46736673785|Got to meet Mr Big Boss 20 mins. You about???|31.03.2021 18:28:08 UTC+02:00  |Outgoing|
Viber|Goose|46736673785|Maverick SOB||Yes Little Boss 😂|31.03.2021 18:28:45 UTC+02:00  |Incoming|
Viber|Goose|46736673785|Maverick SOB||Where we going?|31.03.2021 18:28:53 UTC+02:00  |Incoming|
Viber|Maverick SOB|46708275344|Goose|46736673785|Cheeky bastard|31.03.2021 18:29:09 UTC+02:00  |Outgoing|
Viber|Goose|46736673785|Maverick SOB||Naturally 🤫|31.03.2021 18:33:16 UTC+02:00  |Incoming|
Viber|Maverick SOB|46708275344|Goose|46736673785|More like always....|31.03.2021 18:38:40 UTC+02:00  |Outgoing|
Viber|Goose|46736673785|Maverick SOB|||31.03.2021 18:38:44 UTC+02:00  |Incoming|
Viber|Goose|46736673785|Maverick SOB|||31.03.2021 18:38:48 UTC+02:00  |Incoming|
Viber|Maverick SOB|46708275344|Goose|46736673785||31.03.2021 18:38:53 UTC+02:00  |Outgoing|
Viber|Maverick SOB|46708275344|Goose|46736673785|I want this truck....|31.03.2021 18:41:32 UTC+02:00  |Outgoing|
Viber|Maverick SOB|46708275344|Goose|46736673785||31.03.2021 18:41:35 UTC+02:00  |Outgoing|
Viber|Goose|46736673785|Maverick SOB||Imagine how fast we could cut through traffic with this one though???|31.03.2021 18:43:20 UTC+02:00  |Incoming|
Viber|Goose|46736673785|Maverick SOB|||31.03.2021 18:43:20 UTC+02:00  |Incoming|
Viber|Maverick SOB|46708275344|Goose|46736673785|Ooh yer good call|31.03.2021 18:45:14 UTC+02:00  |Outgoing|
Viber|Maverick SOB|46708275344|Goose|46736673785|You there?|31.03.2021 18:45:14 UTC+02:00|Outgoing|
Viber|Maverick SOB|46708275344|Bad Boy|46735158102|Split personality?|24.02.2021 18:08:27 UTC+01:00  |Outgoing|
Viber|Bad Boy|46735158102|Maverick SOB|||24.02.2021 18:08:30 UTC+01:00  |Incoming|
Viber|Bad Boy|46735158102|Maverick SOB|||24.02.2021 18:08:39 UTC+01:00  |Incoming|
Viber|Maverick SOB|46708275344|Bad Boy|46735158102||24.02.2021 18:08:42 UTC+01:00  |Outgoing|
Viber|Bad Boy|46735158102|Maverick SOB|||25.02.2021 13:23:08 UTC+01:00  |Incoming|
Viber|Maverick SOB|46708275344|Bad Boy|46735158102|Damn...what else u got. I need tools for 2 at least on next job.|25.02.2021 13:35:53 UTC+01:00  |Outgoing|
Viber|Bad Boy|46735158102|Maverick SOB|||25.02.2021 20:23:15 UTC+01:00  |Incoming|
Viber|Bad Boy|46735158102|Maverick SOB|||25.02.2021 20:23:22 UTC+01:00  |Incoming|
Viber|Maverick SOB|46708275344|Bad Boy|46735158102||25.02.2021 20:23:22 UTC+01:00  |Outgoing|
Viber|Bad Boy|46735158102|Maverick SOB||So what's the plan? You buy or sell?|25.02.2021 20:52:43 UTC+01:00  |Incoming|
Viber|Maverick SOB|46708275344|Bad Boy|46735158102||27.02.2021 17:37:05 UTC+01:00  |Outgoing|
Viber|Maverick SOB|46708275344|Bad Boy|46735158102|Got some more for you...|27.02.2021 17:37:18 UTC+01:00  |Outgoing|
Viber|Bad Boy|46735158102|Maverick SOB||I can buy that. Looks good. 1000kr to you my good man...|05.03.2021 08:35:09 UTC+01:00  |Incoming|
Viber|Bad Boy|46735158102|Maverick SOB|||05.03.2021 08:36:11 UTC+01:00  |Incoming|
Viber|Maverick SOB|46708275344|Bad Boy|46735158102|Damn man you're Fagin now?|05.03.2021 11:09:45 UTC+01:00  |Outgoing|
Viber|Maverick SOB|46708275344|Bad Boy|46735158102|So what's up. You selling anything more?|09.03.2021 19:47:38 UTC+01:00  |Outgoing|
Viber|Bad Boy|46735158102|Maverick SOB||I got a few things to buy and sell. I can fence some of your gear if you like? What u got dude....|10.03.2021 08:29:32 UTC+01:00  |Incoming|
Viber|Maverick SOB|46708275344|Bad Boy|46735158102|Oh man, yes I need help to shift all this stolen gear. There's so much of it. The team have been busy little bees 🐝|10.03.2021 08:30:15 UTC+01:00  |Outgoing|
Viber|Maverick SOB|46708275344|Bad Boy|46735158102||10.03.2021 08:30:46 UTC+01:00  |Outgoing|
Viber|Maverick SOB|46708275344|Bad Boy|46735158102||10.03.2021 08:30:46 UTC+01:00  |Outgoing|
Viber|Maverick SOB|46708275344|Bad Boy|46735158102||10.03.2021 08:30:46 UTC+01:00  |Outgoing|
Viber|Maverick SOB|46708275344|Bad Boy|46735158102||10.03.2021 08:30:46 UTC+01:00  |Outgoing|
Viber|Maverick SOB|46708275344|Bad Boy|46735158102||10.03.2021 08:30:46 UTC+01:00  |Outgoing|
Viber|Maverick SOB|46708275344|Bad Boy|46735158102||10.03.2021 08:30:46 UTC+01:00  |Outgoing|
Viber|Maverick SOB|46708275344|Bad Boy|46735158102||10.03.2021 08:30:46 UTC+01:00  |Outgoing|
Viber|Maverick SOB|46708275344|Bad Boy|46735158102||10.03.2021 08:30:46 UTC+01:00  |Outgoing|
Viber|Maverick SOB|46708275344|Bad Boy|46735158102||10.03.2021 08:30:46 UTC+01:00  |Outgoing|
Viber|Maverick SOB|46708275344|Bad Boy|46735158102||10.03.2021 08:30:46 UTC+01:00  |Outgoing|
Viber|Maverick SOB|46708275344|Bad Boy|46735158102|What can you offer me?|10.03.2021 08:30:59 UTC+01:00  |Outgoing|
Viber|Bad Boy|46735158102|Maverick SOB||Christ almighty. Did you rob a bank?|10.03.2021 08:31:27 UTC+01:00  |Incoming|
Viber|Bad Boy|46735158102|Maverick SOB||I need to see this stuff in person and check the quality of the merchandise. For all I know you just downloaded this shit off the internet. Not that I don't trust you but I don't....|10.03.2021 08:32:35 UTC+01:00  |Incoming|
Viber|Bad Boy|46735158102|Maverick SOB|||10.03.2021 08:32:51 UTC+01:00  |Incoming|
Viber|Bad Boy|46735158102|Maverick SOB||Send me a sample tonight|10.03.2021 17:17:20 UTC+01:00  |Incoming|
Viber|Maverick SOB|46708275344|Bad Boy|46735158102||10.03.2021 20:47:09 UTC+01:00  |Outgoing|
Viber|Maverick SOB|46708275344|Bad Boy|46735158102|Spicy?|10.03.2021 20:47:13 UTC+01:00  |Outgoing|
Viber|Maverick SOB|46708275344|Bad Boy|46735158102||11.03.2021 19:50:31 UTC+01:00  |Outgoing|
Viber|Maverick SOB|46708275344|Bad Boy|46735158102|Snowy 🌨 out|11.03.2021 19:50:41 UTC+01:00  |Outgoing|
Viber|Bad Boy|46735158102|Maverick SOB||Dude stop sending me useless shit and let's get down to business...|12.03.2021 08:33:25 UTC+01:00  |Incoming|
Viber|Maverick SOB|46708275344|Bad Boy|46735158102||12.03.2021 09:37:54 UTC+01:00  |Outgoing|
Viber|Maverick SOB|46708275344|Bad Boy|46735158102|Want to buy some candlesticks?|12.03.2021 09:38:04 UTC+01:00  |Outgoing|
Viber|Maverick SOB|46708275344|Bad Boy|46735158102||13.03.2021 12:00:22 UTC+01:00  |Outgoing|
Viber|Maverick SOB|46708275344|Bad Boy|46735158102|I pay...|13.03.2021 12:00:28 UTC+01:00  |Outgoing|
Viber|Bad Boy|46735158102|Maverick SOB||You pay a lot my friend....|13.03.2021 12:53:43 UTC+01:00  |Incoming|
Viber|Bad Boy|46735158102|Maverick SOB|||13.03.2021 12:54:13 UTC+01:00  |Incoming|
Viber|Bad Boy|46735158102|Maverick SOB|||13.03.2021 12:54:19 UTC+01:00  |Incoming|
Viber|Maverick SOB|46708275344|Bad Boy|46735158102||13.03.2021 12:54:23 UTC+01:00  |Outgoing|
Viber|Bad Boy|46735158102|Maverick SOB||Nice. Dollar seems pretty worthless right now, so happy the cat liked it.|13.03.2021 18:30:31 UTC+01:00  |Incoming|
Viber|Maverick SOB|46708275344|Bad Boy|46735158102|(smiley)|13.03.2021 18:30:48 UTC+01:00  |Outgoing|
Viber|Bad Boy|46735158102|Maverick SOB|||14.03.2021 19:59:49 UTC+01:00  |Incoming|
Viber|Maverick SOB|46708275344|Bad Boy|46735158102|OK will be careful...|14.03.2021 20:02:11 UTC+01:00  |Outgoing|
Viber|Maverick SOB|46708275344|Bad Boy|46735158102||15.03.2021 17:01:29 UTC+01:00  |Outgoing|
Viber|Bad Boy|46735158102|Maverick SOB||How much?|16.03.2021 11:09:35 UTC+01:00  |Incoming|
Viber|Bad Boy|46735158102|Maverick SOB|||16.03.2021 11:09:39 UTC+01:00  |Incoming|
Viber|Maverick SOB|46708275344|Bad Boy|46735158102|500kr|16.03.2021 11:38:42 UTC+01:00  |Outgoing|
Viber|Bad Boy|46735158102|Maverick SOB||Really? Don't bother then....|16.03.2021 11:40:07 UTC+01:00  |Incoming|
Viber|Maverick SOB|46708275344|Bad Boy|46735158102|Your loss, not mine.|16.03.2021 11:40:54 UTC+01:00  |Outgoing|
Viber|Bad Boy|46735158102|Maverick SOB||Tick Tock|17.03.2021 12:23:46 UTC+01:00  |Incoming|
Viber|Bad Boy|46735158102|Maverick SOB|||17.03.2021 12:23:53 UTC+01:00  |Incoming|
Viber|Maverick SOB|46708275344|Bad Boy|46735158102|You photo bombed?|17.03.2021 12:27:25 UTC+01:00  |Outgoing|
Viber|Bad Boy|46735158102|Maverick SOB||Well you know me. I like some trouble because I'm a bad boy!!!!|17.03.2021 13:53:24 UTC+01:00  |Incoming|
Viber|Bad Boy|46735158102|Maverick SOB|||17.03.2021 13:55:55 UTC+01:00  |Incoming|
Viber|Bad Boy|46735158102|Maverick SOB|||17.03.2021 13:56:01 UTC+01:00  |Incoming|
Viber|Maverick SOB|46708275344|Bad Boy|46735158102||17.03.2021 13:56:18 UTC+01:00  |Outgoing|
Viber|Maverick SOB|46708275344|Bad Boy|46735158102|Want to buy?|21.03.2021 12:21:41 UTC+01:00  |Outgoing|
Viber|Maverick SOB|46708275344|Bad Boy|46735158102||21.03.2021 12:21:45 UTC+01:00  |Outgoing|
Viber|Maverick SOB|46708275344|Bad Boy|46735158102||21.03.2021 12:21:45 UTC+01:00  |Outgoing|
Viber|Bad Boy|46735158102|Maverick SOB||Yes ok I give you 1000kr tomorrow|21.03.2021 14:30:51 UTC+01:00  |Incoming|
Viber|Bad Boy|46735158102|Maverick SOB||I guess I shouldn't ask where they came from?|21.03.2021 14:31:09 UTC+01:00  |Incoming|
Viber|Maverick SOB|46708275344|Bad Boy|46735158102|Yes they were my grandma's of course... Dude like I'm really going to admit it's all stolen gear? Seriously???|21.03.2021 14:59:37 UTC+01:00  |Outgoing|
Viber|Bad Boy|46735158102|Maverick SOB|||21.03.2021 14:59:40 UTC+01:00  |Incoming|
Viber|Bad Boy|46735158102|Maverick SOB|||21.03.2021 14:59:44 UTC+01:00  |Incoming|
Viber|Maverick SOB|46708275344|Bad Boy|46735158102||21.03.2021 15:00:09 UTC+01:00  |Outgoing|
Viber|Maverick SOB|46708275344|Bad Boy|46735158102|Meet me in town|22.03.2021 13:51:13 UTC+01:00  |Outgoing|
Viber|Maverick SOB|46708275344|Bad Boy|46735158102||22.03.2021 13:51:14 UTC+01:00  |Outgoing|
Viber|Bad Boy|46735158102|Maverick SOB||What's up?|28.03.2021 12:57:06 UTC+02:00  |Incoming|
Viber|Bad Boy|46735158102|Maverick SOB||Got any gear???|28.03.2021 13:00:56 UTC+02:00  |Incoming|
Viber|Maverick SOB|46708275344|Bad Boy|46735158102|Maybe.... What u looking for???|28.03.2021 13:05:18 UTC+02:00  |Outgoing|
Viber|Bad Boy|46735158102|Maverick SOB||Gold stuff?|28.03.2021 13:07:22 UTC+02:00  |Incoming|
Viber|Maverick SOB|46708275344|Bad Boy|46735158102||28.03.2021 13:07:32 UTC+02:00  |Outgoing|
Viber|Maverick SOB|46708275344|Bad Boy|46735158102|Like this you mean?|28.03.2021 13:07:40 UTC+02:00  |Outgoing|
Viber|Bad Boy|46735158102|Maverick SOB||Yerrrrr How much??|28.03.2021 13:07:51 UTC+02:00  |Incoming|
Viber|Maverick SOB|46708275344|Bad Boy|46735158102|10,000kr|28.03.2021 13:51:43 UTC+02:00  |Outgoing|
Viber|Bad Boy|46735158102|Maverick SOB||Christ almighty that's steep.|28.03.2021 13:52:21 UTC+02:00  |Incoming|
Viber|Bad Boy|46735158102|Maverick SOB||7500kr best offer4|28.03.2021 13:52:32 UTC+02:00  |Incoming|
Viber|Maverick SOB|46708275344|Bad Boy|46735158102|8000kr|28.03.2021 13:52:40 UTC+02:00  |Outgoing|
Viber|Bad Boy|46735158102|Maverick SOB||Hey you looking for a safe cracker?|28.03.2021 13:52:45 UTC+02:00|Incoming|
Viber|Bad Boy|46735158102|Maverick SOB||Ok deal|28.03.2021 13:52:45 UTC+02:00  |Incoming|
WhatsApp|Goose System|46736673785@s.whatsapp.net|Twilight Grey||Ok team. Let's get rich 🤑|24.02.2021 14:05:00 UTC+01:00  |Incoming|
WhatsApp|Maverick|46708275344@s.whatsapp.net|Twilight Grey||Absolutely dude. Now go and get some gear for us to sell....|24.02.2021 14:11:20 UTC+01:00  |Outgoing|
WhatsApp|Goldfinger|46702578150@s.whatsapp.net|Twilight Grey||Let’s go go go|24.02.2021 18:47:47 UTC+01:00  |Incoming|
WhatsApp|Goose System|46736673785@s.whatsapp.net|Twilight Grey|||24.02.2021 18:48:13 UTC+01:00  |Incoming|"{""Path"": ""Maverick_Samsung_Galaxy_S21/Attachments/File/0/Messages-Chat/Messages-Chat_1337/0.jpg"", ""id"": 36}"
WhatsApp|Goose System|46736673785@s.whatsapp.net|Twilight Grey||Walking now|24.02.2021 18:48:19 UTC+01:00  |Incoming|
WhatsApp|Goldfinger|46702578150@s.whatsapp.net|Twilight Grey||Are u drunk😂|24.02.2021 18:49:22 UTC+01:00  |Incoming|
WhatsApp|Maverick|46708275344@s.whatsapp.net|Twilight Grey||Maybe 🙂|24.02.2021 19:47:34 UTC+01:00  |Outgoing|
WhatsApp|Goose System|46736673785@s.whatsapp.net|Twilight Grey|||24.02.2021 21:46:22 UTC+01:00  |Incoming|"{""Path"": ""Maverick_Samsung_Galaxy_S21/Attachments/File/0/Messages-Chat/Messages-Chat_1341/0.jpg"", ""id"": 40}"
WhatsApp|Twilight Grey|46762725331@s.whatsapp.net|Goose System|||24.02.2021 22:00:06 UTC+01:00  |Incoming|"{""Path"": ""Maverick_Samsung_Galaxy_S21/Attachments/File/0/Messages-Chat/Messages-Chat_1342/0.jpg"", ""id"": 41}"
WhatsApp|Goldfinger|46702578150@s.whatsapp.net|Twilight Grey|||24.02.2021 22:04:18 UTC+01:00  |Incoming|"{""Path"": ""Maverick_Samsung_Galaxy_S21/Attachments/File/0/Messages-Chat/Messages-Chat_1343/0.jpg"", ""id"": 42}"
WhatsApp|Goose System|46736673785@s.whatsapp.net|Twilight Grey||Got make enough dough for everything we want to buy 🥺|25.02.2021 08:30:54 UTC+01:00  |Incoming|
WhatsApp|Twilight Grey|46762725331@s.whatsapp.net|Goose System||Oh yes🤩|25.02.2021 09:49:23 UTC+01:00  |Incoming|
WhatsApp|Goldfinger|46702578150@s.whatsapp.net|Twilight Grey||Correction... everything I want 😎😂|25.02.2021 09:51:17 UTC+01:00  |Incoming|
WhatsApp|Twilight Grey|46762725331@s.whatsapp.net|Goose System||You are such a diva😝|25.02.2021 10:33:30 UTC+01:00  |Incoming|
WhatsApp|Maverick|46708275344@s.whatsapp.net|Twilight Grey||😃|25.02.2021 10:33:46 UTC+01:00  |Outgoing|
WhatsApp|Goldfinger|46702578150@s.whatsapp.net|Twilight Grey||I’m just who I am... take it or leave it|25.02.2021 13:30:33 UTC+01:00  |Incoming|
WhatsApp|Maverick|46708275344@s.whatsapp.net|Twilight Grey|||25.02.2021 13:34:52 UTC+01:00  |Outgoing|"{""Path"": ""Maverick_Samsung_Galaxy_S21/Attachments/File/0/Messages-Chat/Messages-Chat_1355/0.jpg"", ""id"": 54}"
WhatsApp|Goldfinger|46702578150@s.whatsapp.net|Twilight Grey||Ha ha|25.02.2021 13:37:23 UTC+01:00  |Incoming|
WhatsApp|Goldfinger|46702578150@s.whatsapp.net|Twilight Grey||Should I go in?|25.02.2021 13:37:40 UTC+01:00  |Incoming|"{""Path"": ""Maverick_Samsung_Galaxy_S21/Attachments/File/0/Messages-Chat/Messages-Chat_1357/0.jpg"", ""id"": 56}"
WhatsApp|Goldfinger|46702578150@s.whatsapp.net|Twilight Grey||Might be something for us|25.02.2021 13:37:56 UTC+01:00  |Incoming|
WhatsApp|Maverick|46708275344@s.whatsapp.net|Twilight Grey||Do it. Grab some goodies 😋|25.02.2021 13:38:02 UTC+01:00  |Outgoing|
WhatsApp|Goose System|46736673785@s.whatsapp.net|Twilight Grey||Yes definitely. We need wheels|25.02.2021 13:40:05 UTC+01:00  |Incoming|
WhatsApp|Goldfinger|46702578150@s.whatsapp.net|Twilight Grey||It’s an old Volvo... could be good|25.02.2021 13:41:06 UTC+01:00  |Incoming|
WhatsApp|Maverick|46708275344@s.whatsapp.net|Twilight Grey||Never seen one of them in Sweden 😅|25.02.2021 13:42:18 UTC+01:00  |Outgoing|
WhatsApp|Goldfinger|46702578150@s.whatsapp.net|Twilight Grey||That’s good though|25.02.2021 13:42:38 UTC+01:00  |Incoming|
WhatsApp|Maverick|46708275344@s.whatsapp.net|Twilight Grey||Yes|25.02.2021 13:43:44 UTC+01:00  |Outgoing|
WhatsApp|Maverick|46708275344@s.whatsapp.net|Twilight Grey|||25.02.2021 14:10:06 UTC+01:00  |Outgoing|"{""Path"": ""Maverick_Samsung_Galaxy_S21/Attachments/File/0/Messages-Chat/Messages-Chat_1365/0.jpg"", ""id"": 64}"
WhatsApp|Maverick|46708275344@s.whatsapp.net|Twilight Grey||Got myself some GOLD 😉|25.02.2021 14:10:37 UTC+01:00  |Outgoing|
WhatsApp|Maverick|46708275344@s.whatsapp.net|Twilight Grey||Shit this camera is awesome|25.02.2021 18:35:39 UTC+01:00  |Outgoing|"{""Path"": ""Maverick_Samsung_Galaxy_S21/Attachments/File/0/Messages-Chat/Messages-Chat_1370/0.jpg"", ""id"": 69}"
WhatsApp|Maverick|46708275344@s.whatsapp.net|Twilight Grey||Holy shot x100 zoom|25.02.2021 19:11:23 UTC+01:00  |Outgoing|"{""Path"": ""Maverick_Samsung_Galaxy_S21/Attachments/File/0/Messages-Chat/Messages-Chat_1371/0.jpg"", ""id"": 70}"
WhatsApp|Goldfinger|46702578150@s.whatsapp.net|Twilight Grey||Shit... so good|25.02.2021 20:08:30 UTC+01:00  |Incoming|
WhatsApp|Goose System|46736673785@s.whatsapp.net|Twilight Grey||👍|25.02.2021 20:17:57 UTC+01:00  |Incoming|
WhatsApp|Twilight Grey|46762725331@s.whatsapp.net|Goose System||Just awesome|25.02.2021 20:26:37 UTC+01:00  |Incoming|
WhatsApp|Goose System|46736673785@s.whatsapp.net|Twilight Grey||🤖|25.02.2021 20:29:36 UTC+01:00  |Incoming|
WhatsApp|Goldfinger|46702578150@s.whatsapp.net|Twilight Grey|||25.02.2021 20:30:51 UTC+01:00  |Incoming|
WhatsApp|Goldfinger|46702578150@s.whatsapp.net|Twilight Grey||Stooooooop|25.02.2021 20:30:54 UTC+01:00  |Incoming|
WhatsApp|Goose System|46736673785@s.whatsapp.net|Twilight Grey||🤩|25.02.2021 20:31:43 UTC+01:00  |Incoming|
WhatsApp|Twilight Grey|46762725331@s.whatsapp.net|Goose System||Never😝|25.02.2021 20:32:13 UTC+01:00  |Incoming|
WhatsApp|Twilight Grey|46762725331@s.whatsapp.net|Goose System|||25.02.2021 20:32:35 UTC+01:00  |Incoming|"{""Path"": ""Maverick_Samsung_Galaxy_S21/Attachments/File/0/Messages-Chat/Messages-Chat_1380/0.jpg"", ""id"": 79}"
WhatsApp|Maverick|46708275344@s.whatsapp.net|Twilight Grey||Hey where is the money?|25.02.2021 20:33:59 UTC+01:00  |Outgoing|
WhatsApp|Goldfinger|46702578150@s.whatsapp.net|Twilight Grey|||25.02.2021 20:35:24 UTC+01:00  |Incoming|"{""Path"": ""Maverick_Samsung_Galaxy_S21/Attachments/File/0/Messages-Chat/Messages-Chat_1382/0.jpg"", ""id"": 81}"
WhatsApp|Twilight Grey|46762725331@s.whatsapp.net|Goose System|||25.02.2021 20:36:17 UTC+01:00  |Incoming|"{""Path"": ""Maverick_Samsung_Galaxy_S21/Attachments/File/0/Messages-Chat/Messages-Chat_1383/0.jpg"", ""id"": 82}"
WhatsApp|Twilight Grey|46762725331@s.whatsapp.net|Goose System||I think he has it😝|25.02.2021 20:36:35 UTC+01:00  |Incoming|
WhatsApp|Maverick|46708275344@s.whatsapp.net|Twilight Grey||https://www.bloomberg.com/news/articles/2021-02-24/swedish-pm-sees-high-risk-of-new-wave-of-covid-infections|25.02.2021 21:00:22 UTC+01:00  |Outgoing|
WhatsApp|Maverick|46708275344@s.whatsapp.net|Twilight Grey||Be careful OK...|25.02.2021 21:00:30 UTC+01:00  |Outgoing|
WhatsApp|Goldfinger|46702578150@s.whatsapp.net|Twilight Grey||Donald D is the shit|26.02.2021 08:45:21 UTC+01:00  |Incoming|
WhatsApp|Goldfinger|46702578150@s.whatsapp.net|Twilight Grey||Yes we’ll be careful|26.02.2021 08:45:54 UTC+01:00  |Incoming|
WhatsApp|Twilight Grey|46762725331@s.whatsapp.net|Goose System||Look what a beautiful drawing I found😂|26.02.2021 12:28:39 UTC+01:00  |Incoming|"{""Path"": ""Maverick_Samsung_Galaxy_S21/Attachments/File/0/Messages-Chat/Messages-Chat_1389/0.jpg"", ""id"": 88}"
WhatsApp|Maverick|46708275344@s.whatsapp.net|Twilight Grey||You are mental. I like it 👌|26.02.2021 13:17:16 UTC+01:00  |Outgoing|
WhatsApp|Goldfinger|46702578150@s.whatsapp.net|Twilight Grey||Wonderful|26.02.2021 13:32:46 UTC+01:00  |Incoming|
WhatsApp|Maverick|46708275344@s.whatsapp.net|Twilight Grey||U wanna da bling baby?|26.02.2021 13:34:14 UTC+01:00  |Outgoing|"{""Path"": ""Maverick_Samsung_Galaxy_S21/Attachments/File/0/Messages-Chat/Messages-Chat_1392/0.jpg"", ""id"": 91}"
WhatsApp|Goldfinger|46702578150@s.whatsapp.net|Twilight Grey||Yes mucho blingo fasto nowo|26.02.2021 13:47:55 UTC+01:00  |Incoming|
WhatsApp|Maverick|46708275344@s.whatsapp.net|Twilight Grey||🙂|26.02.2021 14:04:01 UTC+01:00  |Outgoing|
WhatsApp|Maverick|46708275344@s.whatsapp.net|Twilight Grey|||26.02.2021 14:04:06 UTC+01:00  |Outgoing|"{""Path"": ""Maverick_Samsung_Galaxy_S21/Attachments/File/0/Messages-Chat/Messages-Chat_1395/0.jpg"", ""id"": 94}"
WhatsApp|Maverick|46708275344@s.whatsapp.net|Twilight Grey|||26.02.2021 18:55:54 UTC+01:00  |Outgoing|"{""Path"": ""Maverick_Samsung_Galaxy_S21/Attachments/File/0/Messages-Chat/Messages-Chat_1396/0.jpg"", ""id"": 95}"
WhatsApp|Maverick|46708275344@s.whatsapp.net|Twilight Grey||Last night's haul was good|27.02.2021 09:38:15 UTC+01:00  |Outgoing|"{""Path"": ""Maverick_Samsung_Galaxy_S21/Attachments/File/0/Messages-Chat/Messages-Chat_1397/0.jpg"", ""id"": 96}"
WhatsApp|Goose System|46736673785@s.whatsapp.net|Twilight Grey||Sweet 🎂|27.02.2021 09:49:11 UTC+01:00  |Incoming|
WhatsApp|Goose System|46736673785@s.whatsapp.net|Twilight Grey||What's my cut of the profits then?|27.02.2021 09:49:27 UTC+01:00  |Incoming|
WhatsApp|Goose System|46736673785@s.whatsapp.net|Twilight Grey||Off to sell the goodies today!|27.02.2021 10:17:42 UTC+01:00  |Incoming|
WhatsApp|Maverick|46708275344@s.whatsapp.net|Twilight Grey||HOLLYWOOD baby...|27.02.2021 10:50:12 UTC+01:00  |Outgoing|"{""Path"": ""Maverick_Samsung_Galaxy_S21/Attachments/File/0/Messages-Chat/Messages-Chat_1400/0.jpg"", ""id"": 99}"
WhatsApp|Goose System|46736673785@s.whatsapp.net|Twilight Grey||Arrived at the big house for the trade....|27.02.2021 10:55:32 UTC+01:00  |Incoming|"{""Path"": ""Maverick_Samsung_Galaxy_S21/Attachments/File/0/Messages-Chat/Messages-Chat_1402/0.jpg"", ""id"": 101}"
WhatsApp|Goldfinger|46702578150@s.whatsapp.net|Twilight Grey|||27.02.2021 11:07:40 UTC+01:00  |Incoming|"{""Path"": ""Maverick_Samsung_Galaxy_S21/Attachments/File/0/Messages-Chat/Messages-Chat_1403/0.jpg"", ""id"": 102}"
WhatsApp|Goldfinger|46702578150@s.whatsapp.net|Twilight Grey|||27.02.2021 11:07:54 UTC+01:00  |Incoming|"{""Path"": ""Maverick_Samsung_Galaxy_S21/Attachments/File/0/Messages-Chat/Messages-Chat_1404/0.jpg"", ""id"": 103}"
WhatsApp|Goose System|46736673785@s.whatsapp.net|Twilight Grey||I wonder what sort of music he likes?|27.02.2021 12:27:36 UTC+01:00  |Incoming|"{""Path"": ""Maverick_Samsung_Galaxy_S21/Attachments/File/0/Messages-Chat/Messages-Chat_1405/0.jpg"", ""id"": 104}"
WhatsApp|Maverick|46708275344@s.whatsapp.net|Twilight Grey||Pay day bitches...|27.02.2021 13:45:08 UTC+01:00  |Outgoing|"{""Path"": ""Maverick_Samsung_Galaxy_S21/Attachments/File/0/Messages-Chat/Messages-Chat_1406/0.jpg"", ""id"": 105}"
WhatsApp|Goose System|46736673785@s.whatsapp.net|Twilight Grey||😄|27.02.2021 13:51:18 UTC+01:00  |Incoming|
WhatsApp|Twilight Grey|46762725331@s.whatsapp.net|Goose System||Ooh good shit👌|27.02.2021 17:16:05 UTC+01:00  |Incoming|
WhatsApp|Maverick|46708275344@s.whatsapp.net|Twilight Grey||😃|27.02.2021 17:16:28 UTC+01:00  |Outgoing|
WhatsApp|Maverick|46708275344@s.whatsapp.net|Twilight Grey|||27.02.2021 17:25:58 UTC+01:00  |Outgoing|"{""Path"": ""Maverick_Samsung_Galaxy_S21/Attachments/File/0/Messages-Chat/Messages-Chat_1410/0.jpg"", ""id"": 109}"
WhatsApp|Maverick|46708275344@s.whatsapp.net|Twilight Grey||Blagged this one earlier.|27.02.2021 17:26:06 UTC+01:00  |Outgoing|
WhatsApp|Twilight Grey|46762725331@s.whatsapp.net|Goose System||Oh looked great👌|27.02.2021 17:31:23 UTC+01:00  |Incoming|
WhatsApp|Goldfinger|46702578150@s.whatsapp.net|Twilight Grey|||27.02.2021 19:52:48 UTC+01:00  |Incoming|"{""Path"": ""Maverick_Samsung_Galaxy_S21/Attachments/File/0/Messages-Chat/Messages-Chat_1418/0.jpg"", ""id"": 117}"
WhatsApp|Twilight Grey|46762725331@s.whatsapp.net|Goose System|||27.02.2021 19:53:16 UTC+01:00  |Incoming|"{""Path"": ""Maverick_Samsung_Galaxy_S21/Attachments/File/0/Messages-Chat/Messages-Chat_1419/0.jpg"", ""id"": 118}"
WhatsApp|Goldfinger|46702578150@s.whatsapp.net|Twilight Grey||Happy|27.02.2021 19:53:28 UTC+01:00  |Incoming|
WhatsApp|Twilight Grey|46762725331@s.whatsapp.net|Goose System||Oh yes|27.02.2021 19:53:39 UTC+01:00  |Incoming|
WhatsApp|Goldfinger|46702578150@s.whatsapp.net|Twilight Grey||I haven’t had any f-ing luck today........|27.02.2021 19:54:39 UTC+01:00  |Incoming|
WhatsApp|Goldfinger|46702578150@s.whatsapp.net|Twilight Grey|||27.02.2021 19:55:36 UTC+01:00  |Incoming|"{""Path"": ""Maverick_Samsung_Galaxy_S21/Attachments/File/0/Messages-Chat/Messages-Chat_1424/0.jpg"", ""id"": 123}"
WhatsApp|Twilight Grey|46762725331@s.whatsapp.net|Goose System||Maybe soon|27.02.2021 19:59:43 UTC+01:00  |Incoming|
WhatsApp|Maverick|46708275344@s.whatsapp.net|Twilight Grey||Never mind. Let's keep looking.|27.02.2021 19:59:46 UTC+01:00  |Outgoing|
WhatsApp|Goldfinger|46702578150@s.whatsapp.net|Twilight Grey||Sent on diff app|27.02.2021 20:00:12 UTC+01:00  |Incoming|
WhatsApp|Maverick|46708275344@s.whatsapp.net|Twilight Grey||Roger that|27.02.2021 20:00:40 UTC+01:00  |Outgoing|
WhatsApp|Goose System|46736673785@s.whatsapp.net|Twilight Grey||How much we get for this. Need a hand lifting it into the van....|28.02.2021 11:25:36 UTC+01:00  |Incoming|"{""Path"": ""Maverick_Samsung_Galaxy_S21/Attachments/File/0/Messages-Chat/Messages-Chat_1429/0.jpg"", ""id"": 128}"
WhatsApp|Goldfinger|46702578150@s.whatsapp.net|Twilight Grey||I’ll be there shortly|28.02.2021 11:33:44 UTC+01:00  |Incoming|
WhatsApp|Goldfinger|46702578150@s.whatsapp.net|Twilight Grey||https://www.guldbrev.se/salja-guld/salja-guldsmycken/?dv_adwords_campaign=9736389597&dv_adwords_network=g&dv_adwords_target=kwd-355739533321&gclid=EAIaIQobChMI9fKCq-KM7wIV2UiRBR0ajwgSEAAYASABEgIYJfD_BwE&gclsrc=aw.ds|28.02.2021 15:18:26 UTC+01:00  |Incoming|
WhatsApp|Goldfinger|46702578150@s.whatsapp.net|Twilight Grey||Swedish place to sell...but they need a registered address 😒|28.02.2021 15:19:11 UTC+01:00  |Incoming|
WhatsApp|Maverick|46708275344@s.whatsapp.net|Twilight Grey||👍|28.02.2021 17:00:12 UTC+01:00  |Outgoing|
WhatsApp|Twilight Grey|46762725331@s.whatsapp.net|Goose System||At a nice restaurant since I've got some money now👌|28.02.2021 18:05:25 UTC+01:00  |Incoming|"{""Path"": ""Maverick_Samsung_Galaxy_S21/Attachments/File/0/Messages-Chat/Messages-Chat_1434/0.jpg"", ""id"": 133}"
WhatsApp|Maverick|46708275344@s.whatsapp.net|Twilight Grey||Cool order me a pizza|28.02.2021 18:07:23 UTC+01:00  |Outgoing|
WhatsApp|Twilight Grey|46762725331@s.whatsapp.net|Goose System||You wish😝|28.02.2021 18:08:43 UTC+01:00  |Incoming|
WhatsApp|Twilight Grey|46762725331@s.whatsapp.net|Goose System||Pizza a la Twilight sister|28.02.2021 18:49:27 UTC+01:00  |Incoming|"{""Path"": ""Maverick_Samsung_Galaxy_S21/Attachments/File/0/Messages-Chat/Messages-Chat_1437/0.jpg"", ""id"": 136}"
WhatsApp|Goose System|46736673785@s.whatsapp.net|Twilight Grey||Ah nice. You pay in Bitcoin for the 🍕 😎|28.02.2021 19:40:22 UTC+01:00  |Incoming|
WhatsApp|Goldfinger|46702578150@s.whatsapp.net|Twilight Grey||Looks so yummy|01.03.2021 09:25:06 UTC+01:00  |Incoming|
WhatsApp|Maverick|46708275344@s.whatsapp.net|Twilight Grey||Burn baby burn 🔥|01.03.2021 17:44:49 UTC+01:00  |Outgoing|"{""Path"": ""Maverick_Samsung_Galaxy_S21/Attachments/File/0/Messages-Chat/Messages-Chat_1440/0.jpg"", ""id"": 139}"
WhatsApp|Twilight Grey|46762725331@s.whatsapp.net|Goose System||Sadly I did not pay in bitcoin. I'm not as cool as you😉😎|01.03.2021 21:36:25 UTC+01:00  |Incoming|
WhatsApp|Maverick|46708275344@s.whatsapp.net|Twilight Grey||😅 u cool. Just need more time|02.03.2021 08:33:17 UTC+01:00  |Outgoing|
WhatsApp|Twilight Grey|46762725331@s.whatsapp.net|Goose System|||02.03.2021 12:58:31 UTC+01:00  |Incoming|"{""Path"": ""Maverick_Samsung_Galaxy_S21/Attachments/File/0/Messages-Chat/Messages-Chat_1443/0.jpg"", ""id"": 142}"
WhatsApp|Twilight Grey|46762725331@s.whatsapp.net|Goose System||Some nice sun for my coolness😎|02.03.2021 12:58:45 UTC+01:00  |Incoming|
WhatsApp|Goldfinger|46702578150@s.whatsapp.net|Twilight Grey||Are you here too?|02.03.2021 13:16:19 UTC+01:00  |Incoming|"{""Path"": ""Maverick_Samsung_Galaxy_S21/Attachments/File/0/Messages-Chat/Messages-Chat_1445/0.jpg"", ""id"": 144}"
WhatsApp|Maverick|46708275344@s.whatsapp.net|Twilight Grey||Better be careful around here...|02.03.2021 18:20:13 UTC+01:00  |Outgoing|"{""Path"": ""Maverick_Samsung_Galaxy_S21/Attachments/File/0/Messages-Chat/Messages-Chat_1446/0.jpg"", ""id"": 145}"
WhatsApp|Twilight Grey|46762725331@s.whatsapp.net|Goose System||Yeah we must have just missed each other😅|03.03.2021 06:25:26 UTC+01:00  |Incoming|
WhatsApp|Maverick|46708275344@s.whatsapp.net|Twilight Grey|||03.03.2021 08:40:50 UTC+01:00  |Outgoing|"{""Path"": ""Maverick_Samsung_Galaxy_S21/Attachments/File/0/Messages-Chat/Messages-Chat_1450/0.jpg"", ""id"": 149}"
WhatsApp|Maverick|46708275344@s.whatsapp.net|Twilight Grey||Ur man able to move this jewellery?|03.03.2021 08:41:01 UTC+01:00  |Outgoing|
WhatsApp|Goldfinger|46702578150@s.whatsapp.net|Twilight Grey||Oh nooo|03.03.2021 08:42:04 UTC+01:00  |Incoming|
WhatsApp|Goldfinger|46702578150@s.whatsapp.net|Twilight Grey||Asking me?|03.03.2021 08:42:34 UTC+01:00  |Incoming|
WhatsApp|Goldfinger|46702578150@s.whatsapp.net|Twilight Grey||I’ll check with Bob|03.03.2021 08:42:47 UTC+01:00  |Incoming|
WhatsApp|Maverick|46708275344@s.whatsapp.net|Twilight Grey|||03.03.2021 08:42:58 UTC+01:00  |Outgoing|"{""Path"": ""Maverick_Samsung_Galaxy_S21/Attachments/File/0/Messages-Chat/Messages-Chat_1455/0.jpg"", ""id"": 154}"
WhatsApp|Maverick|46708275344@s.whatsapp.net|Twilight Grey||Got this one too need 1000kr for it...|03.03.2021 08:43:11 UTC+01:00  |Outgoing|
WhatsApp|Goldfinger|46702578150@s.whatsapp.net|Twilight Grey||Feels a bit much he says|03.03.2021 08:43:53 UTC+01:00  |Incoming|
WhatsApp|Goldfinger|46702578150@s.whatsapp.net|Twilight Grey||500:-|03.03.2021 08:43:59 UTC+01:00  |Incoming|
WhatsApp|Goldfinger|46702578150@s.whatsapp.net|Twilight Grey||SEK|03.03.2021 08:44:11 UTC+01:00  |Incoming|
WhatsApp|Goldfinger|46702578150@s.whatsapp.net|Twilight Grey||Take it or leave it?|03.03.2021 08:45:47 UTC+01:00  |Incoming|
WhatsApp|Goldfinger|46702578150@s.whatsapp.net|Twilight Grey||Now this one I want guys https://images.app.goo.gl/DAeMMFRGrKbpk96L8|03.03.2021 08:51:11 UTC+01:00  |Incoming|
WhatsApp|Goldfinger|46702578150@s.whatsapp.net|Twilight Grey||https://www.svtstatic.se/image/large/650/26327810/1586248536?format=auto&chromaSubSampling=false|03.03.2021 08:51:33 UTC+01:00  |Incoming|
WhatsApp|Maverick|46708275344@s.whatsapp.net|Twilight Grey||OK take it|03.03.2021 09:49:59 UTC+01:00  |Outgoing|
WhatsApp|Goldfinger|46702578150@s.whatsapp.net|Twilight Grey||Done|03.03.2021 13:05:26 UTC+01:00  |Incoming|
WhatsApp|Goldfinger|46702578150@s.whatsapp.net|Twilight Grey||I think the cops are on to me|03.03.2021 13:05:48 UTC+01:00  |Incoming|
WhatsApp|Maverick|46708275344@s.whatsapp.net|Twilight Grey||Oh no. Lay low dude. We need you on the team... don't get caught|03.03.2021 13:39:02 UTC+01:00  |Outgoing|
WhatsApp|Goose System|46736673785@s.whatsapp.net|Twilight Grey||Heading out looking for places with potential. Need a big score tonight. Wish me luck 🤞|03.03.2021 17:45:53 UTC+01:00  |Incoming|"{""Path"": ""Maverick_Samsung_Galaxy_S21/Attachments/File/0/Messages-Chat/Messages-Chat_1469/0.jpg"", ""id"": 168}"
WhatsApp|Goose System|46736673785@s.whatsapp.net|Twilight Grey|||03.03.2021 17:46:59 UTC+01:00  |Incoming|"{""Path"": ""Maverick_Samsung_Galaxy_S21/Attachments/File/0/Messages-Chat/Messages-Chat_1470/0.jpg"", ""id"": 169}"
WhatsApp|Goose System|46736673785@s.whatsapp.net|Twilight Grey||Not sure I can fit through here 😄|03.03.2021 17:47:18 UTC+01:00  |Incoming|
WhatsApp|Maverick|46708275344@s.whatsapp.net|Twilight Grey||Shadow man lurking in the dark, looking for easy money 💰|03.03.2021 18:12:11 UTC+01:00  |Outgoing|"{""Path"": ""Maverick_Samsung_Galaxy_S21/Attachments/File/0/Messages-Chat/Messages-Chat_1467/0.jpg"", ""id"": 166}"
WhatsApp|Goose System|46736673785@s.whatsapp.net|Twilight Grey||Could take the bus?|03.03.2021 18:16:01 UTC+01:00  |Incoming|
WhatsApp|Goose System|46736673785@s.whatsapp.net|Twilight Grey|||03.03.2021 18:16:09 UTC+01:00  |Incoming|"{""Path"": ""Maverick_Samsung_Galaxy_S21/Attachments/File/0/Messages-Chat/Messages-Chat_1473/0.jpg"", ""id"": 172}"
WhatsApp|Maverick|46708275344@s.whatsapp.net|Twilight Grey|||03.03.2021 18:20:05 UTC+01:00  |Outgoing|
WhatsApp|Goose System|46736673785@s.whatsapp.net|Twilight Grey||This place has a grand piano. Checked it out looks prime for some easy money|03.03.2021 18:23:28 UTC+01:00  |Incoming|"{""Path"": ""Maverick_Samsung_Galaxy_S21/Attachments/File/0/Messages-Chat/Messages-Chat_1474/0.jpg"", ""id"": 173}"
WhatsApp|Maverick|46708275344@s.whatsapp.net|Twilight Grey||Sweet let's hit that one then!|03.03.2021 19:49:16 UTC+01:00  |Outgoing|
WhatsApp|Goose System|46736673785@s.whatsapp.net|Twilight Grey||🤖🤩😄👍|03.03.2021 19:53:49 UTC+01:00  |Incoming|
WhatsApp|Goldfinger|46702578150@s.whatsapp.net|Twilight Grey||Go shadow Hunter go 😎|03.03.2021 20:21:09 UTC+01:00  |Incoming|
WhatsApp|Goose System|46736673785@s.whatsapp.net|Twilight Grey||Shadow|03.03.2021 20:22:39 UTC+01:00  |Incoming|"{""Path"": ""Maverick_Samsung_Galaxy_S21/Attachments/File/0/Messages-Chat/Messages-Chat_1480/0.jpg"", ""id"": 179}"
WhatsApp|Twilight Grey|46762725331@s.whatsapp.net|Goose System||Oh he's a shadowhunter now👌|03.03.2021 20:37:02 UTC+01:00  |Incoming|
WhatsApp|Goose System|46736673785@s.whatsapp.net|Twilight Grey||Oh yee super cool dude|04.03.2021 08:25:25 UTC+01:00  |Incoming|"{""Path"": ""Maverick_Samsung_Galaxy_S21/Attachments/File/0/Messages-Chat/Messages-Chat_1483/0.jpg"", ""id"": 182}"
WhatsApp|Twilight Grey|46762725331@s.whatsapp.net|Goose System||Yes you are😎|04.03.2021 08:30:02 UTC+01:00  |Incoming|
WhatsApp|Goldfinger|46702578150@s.whatsapp.net|Twilight Grey||Check this slim guy out|04.03.2021 08:30:56 UTC+01:00  |Incoming|"{""Path"": ""Maverick_Samsung_Galaxy_S21/Attachments/File/0/Messages-Chat/Messages-Chat_1485/0.jpg"", ""id"": 184}"
WhatsApp|Twilight Grey|46762725331@s.whatsapp.net|Goose System||That's the perfect dance for when I can go out and party again after corona|04.03.2021 08:31:50 UTC+01:00  |Incoming|
WhatsApp|Goose System|46736673785@s.whatsapp.net|Twilight Grey||Oh yes. Those are the moves.|04.03.2021 08:32:18 UTC+01:00  |Incoming|
WhatsApp|Goldfinger|46702578150@s.whatsapp.net|Twilight Grey||Perfect 👌|04.03.2021 08:34:55 UTC+01:00  |Incoming|
WhatsApp|Goldfinger|46702578150@s.whatsapp.net|Twilight Grey||System player|04.03.2021 12:50:31 UTC+01:00  |Incoming|"{""Path"": ""Maverick_Samsung_Galaxy_S21/Attachments/File/0/Messages-Chat/Messages-Chat_1489/0.jpg"", ""id"": 188}"
WhatsApp|Goldfinger|46702578150@s.whatsapp.net|Twilight Grey||😂|04.03.2021 12:50:40 UTC+01:00  |Incoming|
WhatsApp|Goldfinger|46702578150@s.whatsapp.net|Twilight Grey||Systembolaget (was what I wanted|04.03.2021 12:51:00 UTC+01:00  |Incoming|
WhatsApp|Twilight Grey|46762725331@s.whatsapp.net|Goose System||Oh yeeees|04.03.2021 14:03:19 UTC+01:00  |Incoming|
WhatsApp|Twilight Grey|46762725331@s.whatsapp.net|Goose System|||04.03.2021 14:04:37 UTC+01:00  |Incoming|"{""Path"": ""Maverick_Samsung_Galaxy_S21/Attachments/File/0/Messages-Chat/Messages-Chat_1493/0.jpg"", ""id"": 192}"
WhatsApp|Goose System|46736673785@s.whatsapp.net|Twilight Grey||Cool good intel thanks|04.03.2021 17:14:10 UTC+01:00  |Incoming|
WhatsApp|Goose System|46736673785@s.whatsapp.net|Twilight Grey||Tonight's getaway vehicle bro|04.03.2021 17:15:02 UTC+01:00  |Incoming|"{""Path"": ""Maverick_Samsung_Galaxy_S21/Attachments/File/0/Messages-Chat/Messages-Chat_1496/0.jpg"", ""id"": 195}"
WhatsApp|Maverick|46708275344@s.whatsapp.net|Twilight Grey||This place looks loaded 💰|04.03.2021 17:34:38 UTC+01:00  |Outgoing|"{""Path"": ""Maverick_Samsung_Galaxy_S21/Attachments/File/0/Messages-Chat/Messages-Chat_1494/0.jpg"", ""id"": 193}"
WhatsApp|Goose System|46736673785@s.whatsapp.net|Twilight Grey||The package has arrived. We will be able to brush off any issues now and get a clean getaway.  It's all word of mouth 👄 and oral b communication|04.03.2021 17:47:53 UTC+01:00  |Incoming|"{""Path"": ""Maverick_Samsung_Galaxy_S21/Attachments/File/0/Messages-Chat/Messages-Chat_1497/0.jpg"", ""id"": 196}"
WhatsApp|Maverick|46708275344@s.whatsapp.net|Twilight Grey||We scored big tonight crew|04.03.2021 18:32:41 UTC+01:00  |Outgoing|"{""Path"": ""Maverick_Samsung_Galaxy_S21/Attachments/File/0/Messages-Chat/Messages-Chat_1498/0.jpg"", ""id"": 197}"
WhatsApp|Twilight Grey|46762725331@s.whatsapp.net|Goose System||Wow that's awesome|05.03.2021 09:52:10 UTC+01:00  |Incoming|
WhatsApp|Maverick|46708275344@s.whatsapp.net|Twilight Grey||💰👍|05.03.2021 11:09:58 UTC+01:00  |Outgoing|
WhatsApp|Goose System|46736673785@s.whatsapp.net|Twilight Grey||Moneyyyy|05.03.2021 11:18:42 UTC+01:00  |Incoming|"{""Path"": ""Maverick_Samsung_Galaxy_S21/Attachments/File/0/Messages-Chat/Messages-Chat_1501/0.jpg"", ""id"": 200}"
WhatsApp|Twilight Grey|46762725331@s.whatsapp.net|Goose System|||05.03.2021 18:14:18 UTC+01:00  |Incoming|"{""Path"": ""Maverick_Samsung_Galaxy_S21/Attachments/File/0/Messages-Chat/Messages-Chat_1502/0.jpg"", ""id"": 201}"
WhatsApp|Goldfinger|46702578150@s.whatsapp.net|Twilight Grey||Counting billions as we speak|05.03.2021 18:25:10 UTC+01:00  |Incoming|
WhatsApp|Goose System|46736673785@s.whatsapp.net|Twilight Grey||This one is all alone in the woods and not overlooked. Easy target 🎯|05.03.2021 18:36:46 UTC+01:00  |Incoming|"{""Path"": ""Maverick_Samsung_Galaxy_S21/Attachments/File/0/Messages-Chat/Messages-Chat_1508/0.jpg"", ""id"": 207}"
WhatsApp|Maverick|46708275344@s.whatsapp.net|Twilight Grey|||05.03.2021 18:53:47 UTC+01:00  |Outgoing|"{""Path"": ""Maverick_Samsung_Galaxy_S21/Attachments/File/0/Messages-Chat/Messages-Chat_1503/0.jpg"", ""id"": 202}"
WhatsApp|Maverick|46708275344@s.whatsapp.net|Twilight Grey||This one is hot 🔥|05.03.2021 18:53:59 UTC+01:00  |Outgoing|
WhatsApp|Goldfinger|46702578150@s.whatsapp.net|Twilight Grey||Sweet|05.03.2021 18:58:14 UTC+01:00  |Incoming|
WhatsApp|Maverick|46708275344@s.whatsapp.net|Twilight Grey|||05.03.2021 19:17:00 UTC+01:00  |Outgoing|
WhatsApp|Maverick|46708275344@s.whatsapp.net|Twilight Grey|||05.03.2021 19:17:27 UTC+01:00  |Outgoing|
WhatsApp|Twilight Grey|46762725331@s.whatsapp.net|Goose System||Nice|05.03.2021 20:18:57 UTC+01:00  |Incoming|
WhatsApp|Goldfinger|46702578150@s.whatsapp.net|Twilight Grey||Can hear you load and clear - over|05.03.2021 20:22:49 UTC+01:00  |Incoming|
WhatsApp|Twilight Grey|46762725331@s.whatsapp.net|Goose System|||06.03.2021 16:14:15 UTC+01:00  |Incoming|"{""Path"": ""Maverick_Samsung_Galaxy_S21/Attachments/File/0/Messages-Chat/Messages-Chat_1512/0.jpg"", ""id"": 211}"
WhatsApp|Twilight Grey|46762725331@s.whatsapp.net|Goose System||Horses🐎|06.03.2021 16:15:00 UTC+01:00  |Incoming|
WhatsApp|Goldfinger|46702578150@s.whatsapp.net|Twilight Grey||Neiiiiiigh|06.03.2021 16:34:47 UTC+01:00  |Incoming|
WhatsApp|Goldfinger|46702578150@s.whatsapp.net|Twilight Grey||I think this might have potential|06.03.2021 17:41:49 UTC+01:00  |Incoming|"{""Path"": ""Maverick_Samsung_Galaxy_S21/Attachments/File/0/Messages-Chat/Messages-Chat_1515/0.jpg"", ""id"": 214}"
WhatsApp|Goose System|46736673785@s.whatsapp.net|Twilight Grey||Nice ok let's do them tonight. Lots of rich people in Spanga|06.03.2021 17:45:52 UTC+01:00  |Incoming|
WhatsApp|Goldfinger|46702578150@s.whatsapp.net|Twilight Grey||😎💰👍|06.03.2021 17:46:20 UTC+01:00  |Incoming|
WhatsApp|Maverick|46708275344@s.whatsapp.net|Twilight Grey|||06.03.2021 17:53:29 UTC+01:00  |Outgoing|"{""Path"": ""Maverick_Samsung_Galaxy_S21/Attachments/File/0/Messages-Chat/Messages-Chat_1518/0.jpg"", ""id"": 217}"
WhatsApp|Maverick|46708275344@s.whatsapp.net|Twilight Grey|||06.03.2021 17:53:39 UTC+01:00  |Outgoing|"{""Path"": ""Maverick_Samsung_Galaxy_S21/Attachments/File/0/Messages-Chat/Messages-Chat_1519/0.jpg"", ""id"": 218}"
WhatsApp|Maverick|46708275344@s.whatsapp.net|Twilight Grey|||06.03.2021 17:53:49 UTC+01:00  |Outgoing|"{""Path"": ""Maverick_Samsung_Galaxy_S21/Attachments/File/0/Messages-Chat/Messages-Chat_1520/0.jpg"", ""id"": 219}"
WhatsApp|Maverick|46708275344@s.whatsapp.net|Twilight Grey||Big score tonight team!!!!|06.03.2021 17:54:00 UTC+01:00  |Outgoing|
WhatsApp|Maverick|46708275344@s.whatsapp.net|Twilight Grey||Check it out. That house was loaded. Easy access via the garage 👌|06.03.2021 17:54:20 UTC+01:00  |Outgoing|
WhatsApp|Goldfinger|46702578150@s.whatsapp.net|Twilight Grey||Good I’m with my mate and he is good to move the stuff|06.03.2021 17:55:01 UTC+01:00  |Incoming|
WhatsApp|Maverick|46708275344@s.whatsapp.net|Twilight Grey||Awesome! Call.me when ready|06.03.2021 17:55:35 UTC+01:00  |Outgoing|
WhatsApp|Twilight Grey|46762725331@s.whatsapp.net|Goose System||Great job you guys|06.03.2021 22:12:50 UTC+01:00  |Incoming|
WhatsApp|Goose System|46736673785@s.whatsapp.net|Twilight Grey|||07.03.2021 08:27:02 UTC+01:00  |Incoming|"{""Path"": ""Maverick_Samsung_Galaxy_S21/Attachments/File/0/Messages-Chat/Messages-Chat_1527/0.jpg"", ""id"": 226}"
WhatsApp|Goose System|46736673785@s.whatsapp.net|Twilight Grey||What do u think this one is worth?|07.03.2021 08:27:19 UTC+01:00  |Incoming|
WhatsApp|Maverick|46708275344@s.whatsapp.net|Twilight Grey||Got to be at least 5000kr if they are real diamonds 💎|07.03.2021 10:16:24 UTC+01:00  |Outgoing|
WhatsApp|Goose System|46736673785@s.whatsapp.net|Twilight Grey|||07.03.2021 10:18:14 UTC+01:00  |Incoming|"{""Path"": ""Maverick_Samsung_Galaxy_S21/Attachments/File/0/Messages-Chat/Messages-Chat_1530/0.jpg"", ""id"": 229}"
WhatsApp|Goldfinger|46702578150@s.whatsapp.net|Twilight Grey||Going ahead with the deal|07.03.2021 10:33:42 UTC+01:00  |Incoming|
WhatsApp|Maverick|46708275344@s.whatsapp.net|Twilight Grey|||07.03.2021 10:47:02 UTC+01:00  |Outgoing|
WhatsApp|Goose System|46736673785@s.whatsapp.net|Twilight Grey||Great exit route here|07.03.2021 10:55:39 UTC+01:00  |Incoming|"{""Path"": ""Maverick_Samsung_Galaxy_S21/Attachments/File/0/Messages-Chat/Messages-Chat_1533/0.jpg"", ""id"": 232}"
WhatsApp|Goose System|46736673785@s.whatsapp.net|Twilight Grey|||07.03.2021 10:55:54 UTC+01:00  |Incoming|"{""Path"": ""Maverick_Samsung_Galaxy_S21/Attachments/File/0/Messages-Chat/Messages-Chat_1534/0.jpg"", ""id"": 233}"
WhatsApp|Maverick|46708275344@s.whatsapp.net|Twilight Grey|||07.03.2021 15:54:52 UTC+01:00  |Outgoing|
WhatsApp|Maverick|46708275344@s.whatsapp.net|Twilight Grey||We got lucky on that last job|07.03.2021 15:55:12 UTC+01:00  |Outgoing|"{""Path"": ""Maverick_Samsung_Galaxy_S21/Attachments/File/0/Messages-Chat/Messages-Chat_1536/0.jpg"", ""id"": 235}"
WhatsApp|Maverick|46708275344@s.whatsapp.net|Twilight Grey||Anyone want to play in the big league. Can you guys move this stuff if we come across some?|07.03.2021 18:15:54 UTC+01:00  |Outgoing|
WhatsApp|Maverick|46708275344@s.whatsapp.net|Twilight Grey|||07.03.2021 18:16:02 UTC+01:00  |Outgoing|"{""Path"": ""Maverick_Samsung_Galaxy_S21/Attachments/File/0/Messages-Chat/Messages-Chat_1538/0.jpg"", ""id"": 237}"
WhatsApp|Goldfinger|46702578150@s.whatsapp.net|Twilight Grey||Mmm possible|07.03.2021 18:18:07 UTC+01:00  |Incoming|
WhatsApp|Maverick|46708275344@s.whatsapp.net|Twilight Grey||Seen in Sweden 🇸🇪|08.03.2021 15:54:00 UTC+01:00  |Outgoing|"{""Path"": ""Maverick_Samsung_Galaxy_S21/Attachments/File/0/Messages-Chat/Messages-Chat_1541/0.jpg"", ""id"": 240}"
WhatsApp|Goose System|46736673785@s.whatsapp.net|Twilight Grey|||08.03.2021 18:29:56 UTC+01:00  |Incoming|"{""Path"": ""Maverick_Samsung_Galaxy_S21/Attachments/File/0/Messages-Chat/Messages-Chat_1544/0.jpg"", ""id"": 243}"
WhatsApp|Goose System|46736673785@s.whatsapp.net|Twilight Grey||Heading out again on business 😎|08.03.2021 18:30:30 UTC+01:00  |Incoming|
WhatsApp|Maverick|46708275344@s.whatsapp.net|Twilight Grey||Good security at this place 👏|08.03.2021 18:44:38 UTC+01:00  |Outgoing|"{""Path"": ""Maverick_Samsung_Galaxy_S21/Attachments/File/0/Messages-Chat/Messages-Chat_1542/0.jpg"", ""id"": 241}"
WhatsApp|Maverick|46708275344@s.whatsapp.net|Twilight Grey||Far out man|08.03.2021 19:03:26 UTC+01:00  |Outgoing|"{""Path"": ""Maverick_Samsung_Galaxy_S21/Attachments/File/0/Messages-Chat/Messages-Chat_1543/0.jpg"", ""id"": 242}"
WhatsApp|Goldfinger|46702578150@s.whatsapp.net|Twilight Grey||Boom 💥|08.03.2021 19:08:13 UTC+01:00  |Incoming|
WhatsApp|Maverick|46708275344@s.whatsapp.net|Twilight Grey|||08.03.2021 19:40:01 UTC+01:00  |Outgoing|"{""Path"": ""Maverick_Samsung_Galaxy_S21/Attachments/File/0/Messages-Chat/Messages-Chat_1547/0.jpg"", ""id"": 246}"
WhatsApp|Maverick|46708275344@s.whatsapp.net|Twilight Grey||What do you think?|08.03.2021 19:40:09 UTC+01:00  |Outgoing|
WhatsApp|Goose System|46736673785@s.whatsapp.net|Twilight Grey|||08.03.2021 19:45:00 UTC+01:00  |Incoming|"{""Path"": ""Maverick_Samsung_Galaxy_S21/Attachments/File/0/Messages-Chat/Messages-Chat_1549/0.jpg"", ""id"": 248}"
WhatsApp|Goose System|46736673785@s.whatsapp.net|Twilight Grey||Not bad but mine was better!|08.03.2021 19:45:13 UTC+01:00  |Incoming|
WhatsApp|Goose System|46736673785@s.whatsapp.net|Twilight Grey|||08.03.2021 19:45:29 UTC+01:00  |Incoming|"{""Path"": ""Maverick_Samsung_Galaxy_S21/Attachments/File/0/Messages-Chat/Messages-Chat_1551/0.jpg"", ""id"": 250}"
WhatsApp|Goose System|46736673785@s.whatsapp.net|Twilight Grey|||08.03.2021 19:45:30 UTC+01:00  |Incoming|"{""Path"": ""Maverick_Samsung_Galaxy_S21/Attachments/File/0/Messages-Chat/Messages-Chat_1552/0.jpg"", ""id"": 251}"
WhatsApp|Goose System|46736673785@s.whatsapp.net|Twilight Grey|||08.03.2021 19:45:30 UTC+01:00  |Incoming|"{""Path"": ""Maverick_Samsung_Galaxy_S21/Attachments/File/0/Messages-Chat/Messages-Chat_1553/0.jpg"", ""id"": 252}"
WhatsApp|Twilight Grey|46762725331@s.whatsapp.net|Goose System||Give me the rings😍😍|08.03.2021 20:13:29 UTC+01:00  |Incoming|
WhatsApp|Goldfinger|46702578150@s.whatsapp.net|Twilight Grey||No Twilight I need them 😎|08.03.2021 20:15:29 UTC+01:00  |Incoming|
WhatsApp|Maverick|46708275344@s.whatsapp.net|Twilight Grey||Hahaha u pay, I give....|08.03.2021 20:15:32 UTC+01:00  |Outgoing|
WhatsApp|Twilight Grey|46762725331@s.whatsapp.net|Goose System||Haha okej, guess I'll have to wait till I got the money|08.03.2021 20:20:28 UTC+01:00  |Incoming|
WhatsApp|Goldfinger|46702578150@s.whatsapp.net|Twilight Grey||I’m working on it|08.03.2021 20:24:21 UTC+01:00  |Incoming|
WhatsApp|Maverick|46708275344@s.whatsapp.net|Twilight Grey||💰👍|08.03.2021 21:55:38 UTC+01:00  |Outgoing|
WhatsApp|Twilight Grey|46762725331@s.whatsapp.net|Goose System||This house is quite isolated and surrounded by trees, so maybe it's a good house to brake in to. It even has a door on the back. Should I give it a try?|09.03.2021 11:00:41 UTC+01:00  |Incoming|"{""Path"": ""Maverick_Samsung_Galaxy_S21/Attachments/File/0/Messages-Chat/Messages-Chat_1562/0.jpg"", ""id"": 261}"
WhatsApp|Maverick|46708275344@s.whatsapp.net|Twilight Grey||Awesome. Looks like a perfect target. Thanks Twilight you rock 🪨🎸|09.03.2021 15:06:20 UTC+01:00  |Outgoing|
WhatsApp|Goldfinger|46702578150@s.whatsapp.net|Twilight Grey||Good thinking|09.03.2021 18:32:02 UTC+01:00  |Incoming|
WhatsApp|Goose System|46736673785@s.whatsapp.net|Twilight Grey||Oh bugger it's snowing tonight. People can see our footsteps...|09.03.2021 18:36:10 UTC+01:00  |Incoming|
WhatsApp|Goose System|46736673785@s.whatsapp.net|Twilight Grey|||09.03.2021 18:36:24 UTC+01:00  |Incoming|"{""Path"": ""Maverick_Samsung_Galaxy_S21/Attachments/File/0/Messages-Chat/Messages-Chat_1567/0.jpg"", ""id"": 266}"
WhatsApp|Goose System|46736673785@s.whatsapp.net|Twilight Grey||Schools out....|09.03.2021 18:54:31 UTC+01:00  |Incoming|"{""Path"": ""Maverick_Samsung_Galaxy_S21/Attachments/File/0/Messages-Chat/Messages-Chat_1568/0.jpg"", ""id"": 267}"
WhatsApp|Goose System|46736673785@s.whatsapp.net|Twilight Grey||This place has easy access from.the woods behind it. Should be good cover for a job.|09.03.2021 19:13:57 UTC+01:00  |Incoming|
WhatsApp|Goose System|46736673785@s.whatsapp.net|Twilight Grey|||09.03.2021 19:14:14 UTC+01:00  |Incoming|"{""Path"": ""Maverick_Samsung_Galaxy_S21/Attachments/File/0/Messages-Chat/Messages-Chat_1570/0.jpg"", ""id"": 269}"
WhatsApp|Goose System|46736673785@s.whatsapp.net|Twilight Grey|||09.03.2021 19:14:20 UTC+01:00  |Incoming|"{""Path"": ""Maverick_Samsung_Galaxy_S21/Attachments/File/0/Messages-Chat/Messages-Chat_1571/0.jpg"", ""id"": 270}"
WhatsApp|Goose System|46736673785@s.whatsapp.net|Twilight Grey||Roxanne....|09.03.2021 19:25:42 UTC+01:00  |Incoming|"{""Path"": ""Maverick_Samsung_Galaxy_S21/Attachments/File/0/Messages-Chat/Messages-Chat_1572/0.jpg"", ""id"": 271}"
WhatsApp|Goldfinger|46702578150@s.whatsapp.net|Twilight Grey||Ha ha|09.03.2021 19:33:04 UTC+01:00  |Incoming|
WhatsApp|Twilight Grey|46762725331@s.whatsapp.net|Goose System||Found nothing today sadly. Maybe I'll have better luck tomorrow|09.03.2021 19:33:20 UTC+01:00  |Incoming|
WhatsApp|Goldfinger|46702578150@s.whatsapp.net|Twilight Grey||That’s ok. No worries|09.03.2021 20:11:55 UTC+01:00  |Incoming|
WhatsApp|Goose System|46736673785@s.whatsapp.net|Twilight Grey||Ah nuts. It's snowing again....|10.03.2021 07:39:22 UTC+01:00  |Incoming|"{""Path"": ""Maverick_Samsung_Galaxy_S21/Attachments/File/0/Messages-Chat/Messages-Chat_1576/0.jpg"", ""id"": 275}"
WhatsApp|Maverick|46708275344@s.whatsapp.net|Twilight Grey||Stop complaining man and get to work. We need to make the money 💰|10.03.2021 07:44:32 UTC+01:00  |Outgoing|
WhatsApp|Twilight Grey|46762725331@s.whatsapp.net|Goose System||Yes Maverick|10.03.2021 10:06:17 UTC+01:00  |Incoming|
WhatsApp|Goose System|46736673785@s.whatsapp.net|Twilight Grey|||10.03.2021 11:03:41 UTC+01:00  |Incoming|"{""Path"": ""Maverick_Samsung_Galaxy_S21/Attachments/File/0/Messages-Chat/Messages-Chat_1581/0.jpg"", ""id"": 280}"
WhatsApp|Goldfinger|46702578150@s.whatsapp.net|Twilight Grey||Glad you’re on top of things Mav|10.03.2021 15:53:50 UTC+01:00  |Incoming|
WhatsApp|Goldfinger|46702578150@s.whatsapp.net|Twilight Grey||Mr COVID|10.03.2021 15:54:03 UTC+01:00  |Incoming|"{""Path"": ""Maverick_Samsung_Galaxy_S21/Attachments/File/0/Messages-Chat/Messages-Chat_1583/0.jpg"", ""id"": 282}"
WhatsApp|Maverick|46708275344@s.whatsapp.net|Twilight Grey||Mucho building work here...|10.03.2021 18:46:58 UTC+01:00  |Outgoing|"{""Path"": ""Maverick_Samsung_Galaxy_S21/Attachments/File/0/Messages-Chat/Messages-Chat_1584/0.jpg"", ""id"": 283}"
WhatsApp|Goose System|46736673785@s.whatsapp.net|Twilight Grey|||10.03.2021 18:58:14 UTC+01:00  |Incoming|"{""Path"": ""Maverick_Samsung_Galaxy_S21/Attachments/File/0/Messages-Chat/Messages-Chat_1585/0.jpg"", ""id"": 284}"
WhatsApp|Goose System|46736673785@s.whatsapp.net|Twilight Grey|||10.03.2021 18:59:11 UTC+01:00  |Incoming|"{""Path"": ""Maverick_Samsung_Galaxy_S21/Attachments/File/0/Messages-Chat/Messages-Chat_1586/0.jpg"", ""id"": 285}"
WhatsApp|Goose System|46736673785@s.whatsapp.net|Twilight Grey||Can I buy any beer from here, or is it only larger that they sell?|10.03.2021 19:05:08 UTC+01:00  |Incoming|"{""Path"": ""Maverick_Samsung_Galaxy_S21/Attachments/File/0/Messages-Chat/Messages-Chat_1587/0.jpg"", ""id"": 286}"
WhatsApp|Twilight Grey|46762725331@s.whatsapp.net|Goose System||Ha ha, so funny...🤨|10.03.2021 22:15:18 UTC+01:00  |Incoming|
WhatsApp|Maverick|46708275344@s.whatsapp.net|Twilight Grey||I am hilarious,  thank you for finally recognising my comic genius, alongside my criminal mastermind skills 😉|11.03.2021 08:28:28 UTC+01:00  |Outgoing|
WhatsApp|Maverick|46708275344@s.whatsapp.net|Twilight Grey||Let's just say that last night out score was quantity over quality....|11.03.2021 08:30:56 UTC+01:00  |Outgoing|
WhatsApp|Maverick|46708275344@s.whatsapp.net|Twilight Grey|||11.03.2021 08:31:03 UTC+01:00  |Outgoing|"{""Path"": ""Maverick_Samsung_Galaxy_S21/Attachments/File/0/Messages-Chat/Messages-Chat_1596/0.jpg"", ""id"": 295}"
WhatsApp|Maverick|46708275344@s.whatsapp.net|Twilight Grey|||11.03.2021 08:31:09 UTC+01:00  |Outgoing|"{""Path"": ""Maverick_Samsung_Galaxy_S21/Attachments/File/0/Messages-Chat/Messages-Chat_1597/0.jpg"", ""id"": 296}"
WhatsApp|Maverick|46708275344@s.whatsapp.net|Twilight Grey||Know anyone who wants to shift a bucket of jewels???|11.03.2021 08:31:29 UTC+01:00  |Outgoing|
WhatsApp|Twilight Grey|46762725331@s.whatsapp.net|Goose System||No sorry, can't think oh anyone|11.03.2021 12:18:08 UTC+01:00  |Incoming|
WhatsApp|Goose System|46736673785@s.whatsapp.net|Twilight Grey|||11.03.2021 18:30:17 UTC+01:00  |Incoming|"{""Path"": ""Maverick_Samsung_Galaxy_S21/Attachments/File/0/Messages-Chat/Messages-Chat_1603/0.jpg"", ""id"": 302}"
WhatsApp|Goose System|46736673785@s.whatsapp.net|Twilight Grey||The weather seriously?|11.03.2021 18:30:33 UTC+01:00  |Incoming|
WhatsApp|Goose System|46736673785@s.whatsapp.net|Twilight Grey||Ok this is our secret stash location. We hide the loot here in future to avoid the risk of being caught in possession....|11.03.2021 19:06:27 UTC+01:00  |Incoming|"{""Path"": ""Maverick_Samsung_Galaxy_S21/Attachments/File/0/Messages-Chat/Messages-Chat_1605/0.jpg"", ""id"": 304}"
WhatsApp|Goose System|46736673785@s.whatsapp.net|Twilight Grey|||11.03.2021 19:06:37 UTC+01:00  |Incoming|"{""Path"": ""Maverick_Samsung_Galaxy_S21/Attachments/File/0/Messages-Chat/Messages-Chat_1606/0.jpg"", ""id"": 305}"
WhatsApp|Maverick|46708275344@s.whatsapp.net|Twilight Grey|||11.03.2021 19:32:52 UTC+01:00  |Outgoing|"{""Path"": ""Maverick_Samsung_Galaxy_S21/Attachments/File/0/Messages-Chat/Messages-Chat_1601/0.jpg"", ""id"": 300}"
WhatsApp|Maverick|46708275344@s.whatsapp.net|Twilight Grey||I know h1ow he feels...|11.03.2021 19:33:02 UTC+01:00  |Outgoing|
WhatsApp|Maverick|46708275344@s.whatsapp.net|Twilight Grey||This place was very isolated|11.03.2021 19:49:38 UTC+01:00  |Outgoing|"{""Path"": ""Maverick_Samsung_Galaxy_S21/Attachments/File/0/Messages-Chat/Messages-Chat_1609/0.jpg"", ""id"": 308}"
WhatsApp|Twilight Grey|46762725331@s.whatsapp.net|Goose System||I've got two so could be a good amount of money|11.03.2021 20:18:16 UTC+01:00  |Incoming|
WhatsApp|Twilight Grey|46762725331@s.whatsapp.net|Goose System||24K do you know anyone who might buy it?|11.03.2021 20:19:01 UTC+01:00  |Incoming|"{""Path"": ""Maverick_Samsung_Galaxy_S21/Attachments/File/0/Messages-Chat/Messages-Chat_1613/0.jpg"", ""id"": 312}"
WhatsApp|Goose System|46736673785@s.whatsapp.net|Twilight Grey||Wow expensive, nice work|11.03.2021 21:40:35 UTC+01:00  |Incoming|
WhatsApp|Twilight Grey|46762725331@s.whatsapp.net|Goose System||Thank you|11.03.2021 21:41:08 UTC+01:00  |Incoming|
WhatsApp|Goose System|46736673785@s.whatsapp.net|Twilight Grey||You must be a professional by now....?|11.03.2021 21:43:26 UTC+01:00  |Incoming|
WhatsApp|Maverick|46708275344@s.whatsapp.net|Twilight Grey||I give you 20k Twilight|11.03.2021 21:49:44 UTC+01:00  |Outgoing|
WhatsApp|Goldfinger|46702578150@s.whatsapp.net|Twilight Grey||Wooow!!!! Doing good out there|12.03.2021 08:05:25 UTC+01:00  |Incoming|
WhatsApp|Goldfinger|46702578150@s.whatsapp.net|Twilight Grey||Feel like I’ve missed when it all went down 🙈|12.03.2021 08:05:56 UTC+01:00  |Incoming|
WhatsApp|Twilight Grey|46762725331@s.whatsapp.net|Goose System||Your chance will come|12.03.2021 09:48:35 UTC+01:00  |Incoming|
WhatsApp|Goldfinger|46702578150@s.whatsapp.net|Twilight Grey||Wish me luck 🍀|12.03.2021 10:54:21 UTC+01:00  |Incoming|
WhatsApp|Goose System|46736673785@s.whatsapp.net|Twilight Grey|||12.03.2021 18:29:19 UTC+01:00  |Incoming|"{""Path"": ""Maverick_Samsung_Galaxy_S21/Attachments/File/0/Messages-Chat/Messages-Chat_1628/0.jpg"", ""id"": 327}"
WhatsApp|Maverick|46708275344@s.whatsapp.net|Twilight Grey||You guys hungry?|12.03.2021 18:33:52 UTC+01:00  |Outgoing|"{""Path"": ""Maverick_Samsung_Galaxy_S21/Attachments/File/0/Messages-Chat/Messages-Chat_1625/0.jpg"", ""id"": 324}"
WhatsApp|Goose System|46736673785@s.whatsapp.net|Twilight Grey||Wonder what's going on in the purple room?|12.03.2021 18:36:03 UTC+01:00  |Incoming|"{""Path"": ""Maverick_Samsung_Galaxy_S21/Attachments/File/0/Messages-Chat/Messages-Chat_1629/0.jpg"", ""id"": 328}"
WhatsApp|Maverick|46708275344@s.whatsapp.net|Twilight Grey||This feels like a trap?|12.03.2021 19:11:33 UTC+01:00  |Outgoing|"{""Path"": ""Maverick_Samsung_Galaxy_S21/Attachments/File/0/Messages-Chat/Messages-Chat_1627/0.jpg"", ""id"": 326}"
WhatsApp|Goldfinger|46702578150@s.whatsapp.net|Twilight Grey||Rain...|12.03.2021 19:18:53 UTC+01:00  |Incoming|
WhatsApp|Maverick|46708275344@s.whatsapp.net|Twilight Grey||R u a big Prince fan or just an artist formerly known as a fan?|12.03.2021 20:09:41 UTC+01:00  |Outgoing|
WhatsApp|Goldfinger|46702578150@s.whatsapp.net|Twilight Grey||Fan också 😂|12.03.2021 20:30:16 UTC+01:00  |Incoming|
WhatsApp|Twilight Grey|46762725331@s.whatsapp.net|Goose System||🤨|12.03.2021 21:15:57 UTC+01:00  |Incoming|
WhatsApp|Maverick|46708275344@s.whatsapp.net|Twilight Grey||We had a good week team 🙌|13.03.2021 11:18:02 UTC+01:00  |Outgoing|"{""Path"": ""Maverick_Samsung_Galaxy_S21/Attachments/File/0/Messages-Chat/Messages-Chat_1640/0.jpg"", ""id"": 339}"
WhatsApp|Maverick|46708275344@s.whatsapp.net|Twilight Grey|||13.03.2021 11:18:02 UTC+01:00  |Outgoing|"{""Path"": ""Maverick_Samsung_Galaxy_S21/Attachments/File/0/Messages-Chat/Messages-Chat_1641/0.jpg"", ""id"": 340}"
WhatsApp|Maverick|46708275344@s.whatsapp.net|Twilight Grey|||13.03.2021 11:18:02 UTC+01:00  |Outgoing|"{""Path"": ""Maverick_Samsung_Galaxy_S21/Attachments/File/0/Messages-Chat/Messages-Chat_1642/0.jpg"", ""id"": 341}"
WhatsApp|Maverick|46708275344@s.whatsapp.net|Twilight Grey|||13.03.2021 11:18:03 UTC+01:00  |Outgoing|"{""Path"": ""Maverick_Samsung_Galaxy_S21/Attachments/File/0/Messages-Chat/Messages-Chat_1645/0.jpg"", ""id"": 344}"
WhatsApp|Maverick|46708275344@s.whatsapp.net|Twilight Grey|||13.03.2021 11:18:03 UTC+01:00  |Outgoing|"{""Path"": ""Maverick_Samsung_Galaxy_S21/Attachments/File/0/Messages-Chat/Messages-Chat_1643/0.jpg"", ""id"": 342}"
WhatsApp|Maverick|46708275344@s.whatsapp.net|Twilight Grey|||13.03.2021 11:18:03 UTC+01:00  |Outgoing|"{""Path"": ""Maverick_Samsung_Galaxy_S21/Attachments/File/0/Messages-Chat/Messages-Chat_1644/0.jpg"", ""id"": 343}"
WhatsApp|Maverick|46708275344@s.whatsapp.net|Twilight Grey||Now we need to shift this lot through the cafe...|13.03.2021 11:18:21 UTC+01:00  |Outgoing|
WhatsApp|Goose System|46736673785@s.whatsapp.net|Twilight Grey||Nice work boss. Happy to help ☺️|13.03.2021 12:08:20 UTC+01:00  |Incoming|
WhatsApp|Goldfinger|46702578150@s.whatsapp.net|Twilight Grey||Cafe is open|13.03.2021 18:33:41 UTC+01:00  |Incoming|
WhatsApp|Goldfinger|46702578150@s.whatsapp.net|Twilight Grey||Tomorrow|13.03.2021 18:33:50 UTC+01:00  |Incoming|
WhatsApp|Goldfinger|46702578150@s.whatsapp.net|Twilight Grey||I go out then 😎|13.03.2021 18:34:06 UTC+01:00  |Incoming|
WhatsApp|Maverick|46708275344@s.whatsapp.net|Twilight Grey||👌OK my friend. We visit tomorrow|13.03.2021 18:34:12 UTC+01:00  |Outgoing|
WhatsApp|Goldfinger|46702578150@s.whatsapp.net|Twilight Grey||$uper|13.03.2021 18:34:32 UTC+01:00  |Incoming|
WhatsApp|Goose System|46736673785@s.whatsapp.net|Twilight Grey||Ok so tonight we take time off and watch Melody Festivals?|13.03.2021 18:38:33 UTC+01:00  |Incoming|
WhatsApp|Maverick|46708275344@s.whatsapp.net|Twilight Grey||Yes great idea Goose. We worked hard, made a big score with the diamonds and we deserve a night off for once. Let's all enjoy the silly cult Swedish music show!|13.03.2021 18:43:33 UTC+01:00  |Outgoing|
WhatsApp|Goldfinger|46702578150@s.whatsapp.net|Twilight Grey||🎵🔝it’s important stuff too|13.03.2021 18:43:50 UTC+01:00  |Incoming|
WhatsApp|Twilight Grey|46762725331@s.whatsapp.net|Goose System||Yeeeeesssss|13.03.2021 18:58:15 UTC+01:00  |Incoming|
WhatsApp|Twilight Grey|46762725331@s.whatsapp.net|Goose System||Love that idea|13.03.2021 18:58:19 UTC+01:00  |Incoming|
WhatsApp|Goose System|46736673785@s.whatsapp.net|Twilight Grey|||13.03.2021 19:56:23 UTC+01:00  |Incoming|"{""Path"": ""Maverick_Samsung_Galaxy_S21/Attachments/File/0/Messages-Chat/Messages-Chat_1668/0.jpg"", ""id"": 367}"
WhatsApp|Maverick|46708275344@s.whatsapp.net|Twilight Grey|||13.03.2021 22:15:23 UTC+01:00  |Outgoing|"{""Path"": ""Maverick_Samsung_Galaxy_S21/Attachments/File/0/Messages-Chat/Messages-Chat_1669/0.jpg"", ""id"": 368}"
WhatsApp|Twilight Grey|46762725331@s.whatsapp.net|Goose System||Okey good for you|14.03.2021 09:00:26 UTC+01:00  |Incoming|
WhatsApp|Goose System|46736673785@s.whatsapp.net|Twilight Grey||It's anyone's guess what number house this is? 😊|14.03.2021 13:42:22 UTC+01:00  |Incoming|"{""Path"": ""Maverick_Samsung_Galaxy_S21/Attachments/File/0/Messages-Chat/Messages-Chat_1674/0.jpg"", ""id"": 373}"
WhatsApp|Maverick|46708275344@s.whatsapp.net|Twilight Grey||Scored!!!|14.03.2021 14:47:50 UTC+01:00  |Outgoing|"{""Path"": ""Maverick_Samsung_Galaxy_S21/Attachments/File/0/Messages-Chat/Messages-Chat_1675/0.jpg"", ""id"": 374}"
WhatsApp|Maverick|46708275344@s.whatsapp.net|Twilight Grey|||14.03.2021 14:49:31 UTC+01:00  |Outgoing|"{""Path"": ""Maverick_Samsung_Galaxy_S21/Attachments/File/0/Messages-Chat/Messages-Chat_1676/0.jpg"", ""id"": 375}"
WhatsApp|Maverick|46708275344@s.whatsapp.net|Twilight Grey||Another jackpot house today. It's too easy....|14.03.2021 14:49:48 UTC+01:00  |Outgoing|
WhatsApp|Goldfinger|46702578150@s.whatsapp.net|Twilight Grey||This bank door might be a problem?|14.03.2021 20:51:10 UTC+01:00  |Incoming|"{""Path"": ""Maverick_Samsung_Galaxy_S21/Attachments/File/0/Messages-Chat/Messages-Chat_1678/0.jpg"", ""id"": 377}"
WhatsApp|Goldfinger|46702578150@s.whatsapp.net|Twilight Grey||Another trap|14.03.2021 20:51:10 UTC+01:00  |Incoming|"{""Path"": ""Maverick_Samsung_Galaxy_S21/Attachments/File/0/Messages-Chat/Messages-Chat_1680/0.jpg"", ""id"": 379}"
WhatsApp|Goldfinger|46702578150@s.whatsapp.net|Twilight Grey||Solid....|14.03.2021 20:51:10 UTC+01:00  |Incoming|"{""Path"": ""Maverick_Samsung_Galaxy_S21/Attachments/File/0/Messages-Chat/Messages-Chat_1679/0.jpg"", ""id"": 378}"
WhatsApp|Maverick|46708275344@s.whatsapp.net|Twilight Grey||Damn that place is super secure. How did you get in?|14.03.2021 21:17:55 UTC+01:00  |Outgoing|
WhatsApp|Goose System|46736673785@s.whatsapp.net|Twilight Grey||Oh wow. It looks like a bank! They must have some awesome stuff in there to justify that level of security?|14.03.2021 21:19:10 UTC+01:00  |Incoming|
WhatsApp|Twilight Grey|46762725331@s.whatsapp.net|Goose System||Wow super cool that you got in|14.03.2021 21:26:23 UTC+01:00  |Incoming|
WhatsApp|Goldfinger|46702578150@s.whatsapp.net|Twilight Grey||It used to be a bank but I recon they still hold some really valuable things there|14.03.2021 22:14:43 UTC+01:00  |Incoming|
WhatsApp|Goldfinger|46702578150@s.whatsapp.net|Twilight Grey||I was sneaky and got in pretending to be interested in their business 👩‍💼😎🤣|14.03.2021 22:15:14 UTC+01:00  |Incoming|
WhatsApp|Twilight Grey|46762725331@s.whatsapp.net|Goose System||Wow Gold Finger got some moves up her sleeve 😎👏|15.03.2021 07:31:26 UTC+01:00  |Incoming|
WhatsApp|Goose System|46736673785@s.whatsapp.net|Twilight Grey||Impressive stuff Gold Finger. So let us know when we will see the results?|15.03.2021 07:33:59 UTC+01:00  |Incoming|
WhatsApp|Maverick|46708275344@s.whatsapp.net|Twilight Grey|||15.03.2021 07:38:04 UTC+01:00  |Outgoing|"{""Path"": ""Maverick_Samsung_Galaxy_S21/Attachments/File/0/Messages-Chat/Messages-Chat_1689/0.jpg"", ""id"": 388}"
WhatsApp|Maverick|46708275344@s.whatsapp.net|Twilight Grey||Get anything this good?|15.03.2021 07:38:16 UTC+01:00  |Outgoing|
WhatsApp|Twilight Grey|46762725331@s.whatsapp.net|Goose System||It's so grey today|15.03.2021 10:16:09 UTC+01:00  |Incoming|"{""Path"": ""Maverick_Samsung_Galaxy_S21/Attachments/File/0/Messages-Chat/Messages-Chat_1691/0.jpg"", ""id"": 390}"
WhatsApp|Goose System|46736673785@s.whatsapp.net|Twilight Grey||But you are Twilight Grey. So this must be your perfect weather?|15.03.2021 10:37:11 UTC+01:00  |Incoming|
WhatsApp|Maverick|46708275344@s.whatsapp.net|Twilight Grey||😅|15.03.2021 10:39:13 UTC+01:00  |Outgoing|
WhatsApp|Goose System|46736673785@s.whatsapp.net|Twilight Grey||Flushed with my success as an international jewelry thief...|15.03.2021 11:30:15 UTC+01:00  |Incoming|"{""Path"": ""Maverick_Samsung_Galaxy_S21/Attachments/File/0/Messages-Chat/Messages-Chat_1698/0.jpg"", ""id"": 397}"
WhatsApp|Maverick|46708275344@s.whatsapp.net|Twilight Grey|||15.03.2021 16:46:19 UTC+01:00  |Outgoing|"{""Path"": ""Maverick_Samsung_Galaxy_S21/Attachments/File/0/Messages-Chat/Messages-Chat_1696/0.jpg"", ""id"": 395}"
WhatsApp|Maverick|46708275344@s.whatsapp.net|Twilight Grey||Binary license plate?|15.03.2021 16:46:29 UTC+01:00  |Outgoing|
WhatsApp|Maverick|46708275344@s.whatsapp.net|Twilight Grey||😅|15.03.2021 17:03:45 UTC+01:00  |Outgoing|
WhatsApp|Goose System|46736673785@s.whatsapp.net|Twilight Grey|||15.03.2021 17:05:04 UTC+01:00  |Incoming|"{""Path"": ""Maverick_Samsung_Galaxy_S21/Attachments/File/0/Messages-Chat/Messages-Chat_1701/0.jpg"", ""id"": 400}"
WhatsApp|Goose System|46736673785@s.whatsapp.net|Twilight Grey|||15.03.2021 17:27:37 UTC+01:00  |Incoming|"{""Path"": ""Maverick_Samsung_Galaxy_S21/Attachments/File/0/Messages-Chat/Messages-Chat_1702/0.jpg"", ""id"": 401}"
WhatsApp|Twilight Grey|46762725331@s.whatsapp.net|Goose System||Me tooo|15.03.2021 19:51:44 UTC+01:00  |Incoming|
WhatsApp|Twilight Grey|46762725331@s.whatsapp.net|Goose System||Jerry is in my room😂|15.03.2021 20:10:37 UTC+01:00  |Incoming|"{""Path"": ""Maverick_Samsung_Galaxy_S21/Attachments/File/0/Messages-Chat/Messages-Chat_1705/0.jpg"", ""id"": 404}"
WhatsApp|Goose System|46736673785@s.whatsapp.net|Twilight Grey||😂|15.03.2021 21:16:37 UTC+01:00  |Incoming|
WhatsApp|Goldfinger|46702578150@s.whatsapp.net|Twilight Grey||I’ve got Tom|15.03.2021 21:18:02 UTC+01:00  |Incoming|
WhatsApp|Goldfinger|46702578150@s.whatsapp.net|Twilight Grey||But he is not working right now|15.03.2021 21:18:16 UTC+01:00  |Incoming|
WhatsApp|Maverick|46708275344@s.whatsapp.net|Twilight Grey|||15.03.2021 21:24:58 UTC+01:00  |Outgoing|"{""Path"": ""Maverick_Samsung_Galaxy_S21/Attachments/File/0/Messages-Chat/Messages-Chat_1710/0.jpg"", ""id"": 409}"
WhatsApp|Maverick|46708275344@s.whatsapp.net|Twilight Grey||This is how we roll baby 😎|15.03.2021 21:25:17 UTC+01:00  |Outgoing|
WhatsApp|Goldfinger|46702578150@s.whatsapp.net|Twilight Grey||YMCA???? U r gay😎|15.03.2021 21:25:50 UTC+01:00  |Incoming|
WhatsApp|Maverick|46708275344@s.whatsapp.net|Twilight Grey|||15.03.2021 21:26:31 UTC+01:00  |Outgoing|"{""Path"": ""Maverick_Samsung_Galaxy_S21/Attachments/File/0/Messages-Chat/Messages-Chat_1713/0.jpg"", ""id"": 412}"
WhatsApp|Goldfinger|46702578150@s.whatsapp.net|Twilight Grey|||15.03.2021 22:33:25 UTC+01:00  |Incoming|"{""Path"": ""Maverick_Samsung_Galaxy_S21/Attachments/File/0/Messages-Chat/Messages-Chat_1714/0.jpg"", ""id"": 413}"
WhatsApp|Goldfinger|46702578150@s.whatsapp.net|Twilight Grey||I’m a true Bandit 💰🤣|15.03.2021 22:45:10 UTC+01:00  |Incoming|
WhatsApp|Twilight Grey|46762725331@s.whatsapp.net|Goose System||Oh gosh|15.03.2021 22:46:40 UTC+01:00  |Incoming|
WhatsApp|Goose System|46736673785@s.whatsapp.net|Twilight Grey|||16.03.2021 09:36:55 UTC+01:00  |Incoming|"{""Path"": ""Maverick_Samsung_Galaxy_S21/Attachments/File/0/Messages-Chat/Messages-Chat_1718/0.jpg"", ""id"": 417}"
WhatsApp|Maverick|46708275344@s.whatsapp.net|Twilight Grey||Hey dudes. This sucks. Big boss is giving us less and less for each score. Told me  price of gold is going down....|16.03.2021 09:49:17 UTC+01:00  |Outgoing|
WhatsApp|Maverick|46708275344@s.whatsapp.net|Twilight Grey|||16.03.2021 09:49:28 UTC+01:00  |Outgoing|"{""Path"": ""Maverick_Samsung_Galaxy_S21/Attachments/File/0/Messages-Chat/Messages-Chat_1721/0.jpg"", ""id"": 420}"
WhatsApp|Maverick|46708275344@s.whatsapp.net|Twilight Grey||Seriously what the f....|16.03.2021 09:49:39 UTC+01:00  |Outgoing|
WhatsApp|Maverick|46708275344@s.whatsapp.net|Twilight Grey||They print $1.9Trillion US Dollars and the price of gold goes down?|16.03.2021 09:50:09 UTC+01:00  |Outgoing|
WhatsApp|Maverick|46708275344@s.whatsapp.net|Twilight Grey||We may have to switch jobs...|16.03.2021 09:50:21 UTC+01:00  |Outgoing|
WhatsApp|Goose System|46736673785@s.whatsapp.net|Twilight Grey||Shit really? That sucks. So what the hell do we do?|16.03.2021 09:55:36 UTC+01:00  |Incoming|
WhatsApp|Maverick|46708275344@s.whatsapp.net|Twilight Grey||We steal more of course! Have to keep up with inflation by working ever harder...|16.03.2021 11:39:19 UTC+01:00  |Outgoing|
WhatsApp|Goose System|46736673785@s.whatsapp.net|Twilight Grey|||16.03.2021 11:41:14 UTC+01:00  |Incoming|"{""Path"": ""Maverick_Samsung_Galaxy_S21/Attachments/File/0/Messages-Chat/Messages-Chat_1727/0.jpg"", ""id"": 426}"
WhatsApp|Maverick|46708275344@s.whatsapp.net|Twilight Grey|||16.03.2021 16:24:06 UTC+01:00  |Outgoing|"{""Path"": ""Maverick_Samsung_Galaxy_S21/Attachments/File/0/Messages-Chat/Messages-Chat_1728/0.jpg"", ""id"": 427}"
WhatsApp|Maverick|46708275344@s.whatsapp.net|Twilight Grey||Mooo|16.03.2021 16:24:09 UTC+01:00  |Outgoing|
WhatsApp|Goldfinger|46702578150@s.whatsapp.net|Twilight Grey||WTF noooo I can’t shift more stuff.... tell our Boss 🖕🏼|16.03.2021 16:46:29 UTC+01:00  |Incoming|
WhatsApp|Goldfinger|46702578150@s.whatsapp.net|Twilight Grey||Top one looks like last weeks catch.... we only got 10k....|16.03.2021 16:47:09 UTC+01:00  |Incoming|"{""Path"": ""Maverick_Samsung_Galaxy_S21/Attachments/File/0/Messages-Chat/Messages-Chat_1731/0.jpg"", ""id"": 430}"
WhatsApp|Goose System|46736673785@s.whatsapp.net|Twilight Grey||Cost of movement under the radar....|16.03.2021 18:07:21 UTC+01:00  |Incoming|
WhatsApp|Goldfinger|46702578150@s.whatsapp.net|Twilight Grey||U r defend him|16.03.2021 19:22:51 UTC+01:00  |Incoming|
WhatsApp|Twilight Grey|46762725331@s.whatsapp.net|Goose System||Loosing money🥺|16.03.2021 19:59:57 UTC+01:00  |Incoming|
WhatsApp|Goose System|46736673785@s.whatsapp.net|Twilight Grey||Its no good. We have to earn more, steal more, do more. So out to work everyone 😣|17.03.2021 10:59:17 UTC+01:00  |Incoming|
WhatsApp|Goldfinger|46702578150@s.whatsapp.net|Twilight Grey||Going soon.... hoping to bring the real deal|17.03.2021 12:14:04 UTC+01:00  |Incoming|
WhatsApp|Maverick|46708275344@s.whatsapp.net|Twilight Grey|||17.03.2021 12:28:42 UTC+01:00  |Outgoing|"{""Path"": ""Maverick_Samsung_Galaxy_S21/Attachments/File/0/Messages-Chat/Messages-Chat_1738/0.jpg"", ""id"": 437}"
WhatsApp|Maverick|46708275344@s.whatsapp.net|Twilight Grey||This is a nice piece I got. What do you guys think?|17.03.2021 12:28:59 UTC+01:00  |Outgoing|
WhatsApp|Goose System|46736673785@s.whatsapp.net|Twilight Grey||Maybe 600 Kr at best?|17.03.2021 12:34:12 UTC+01:00  |Incoming|
WhatsApp|Goldfinger|46702578150@s.whatsapp.net|Twilight Grey|||17.03.2021 13:49:00 UTC+01:00  |Incoming|"{""Path"": ""Maverick_Samsung_Galaxy_S21/Attachments/File/0/Messages-Chat/Messages-Chat_1743/0.jpg"", ""id"": 442}"
WhatsApp|Goldfinger|46702578150@s.whatsapp.net|Twilight Grey||Man that’s good gold for any finger|17.03.2021 13:49:12 UTC+01:00  |Incoming|
WhatsApp|Maverick|46708275344@s.whatsapp.net|Twilight Grey||Nice, we can sell that. Good 💪|17.03.2021 13:52:48 UTC+01:00  |Outgoing|
WhatsApp|Twilight Grey|46762725331@s.whatsapp.net|Goose System||You guys are doing good|17.03.2021 15:12:14 UTC+01:00  |Incoming|
WhatsApp|Goose System|46736673785@s.whatsapp.net|Twilight Grey||Some days this job is rubbish|17.03.2021 16:40:02 UTC+01:00  |Incoming|"{""Path"": ""Maverick_Samsung_Galaxy_S21/Attachments/File/0/Messages-Chat/Messages-Chat_1751/0.jpg"", ""id"": 450}"
WhatsApp|Maverick|46708275344@s.whatsapp.net|Twilight Grey|||17.03.2021 17:13:13 UTC+01:00  |Outgoing|
WhatsApp|Goldfinger|46702578150@s.whatsapp.net|Twilight Grey||Yep I feel you|17.03.2021 17:21:57 UTC+01:00  |Incoming|
WhatsApp|Maverick|46708275344@s.whatsapp.net|Twilight Grey|||17.03.2021 17:37:09 UTC+01:00  |Outgoing|"{""Path"": ""Maverick_Samsung_Galaxy_S21/Attachments/File/0/Messages-Chat/Messages-Chat_1754/0.jpg"", ""id"": 453}"
WhatsApp|Maverick|46708275344@s.whatsapp.net|Twilight Grey|||17.03.2021 17:37:09 UTC+01:00  |Outgoing|"{""Path"": ""Maverick_Samsung_Galaxy_S21/Attachments/File/0/Messages-Chat/Messages-Chat_1756/0.jpg"", ""id"": 455}"
WhatsApp|Maverick|46708275344@s.whatsapp.net|Twilight Grey||We did well today between Goose & Me 👍|17.03.2021 17:37:09 UTC+01:00  |Outgoing|"{""Path"": ""Maverick_Samsung_Galaxy_S21/Attachments/File/0/Messages-Chat/Messages-Chat_1753/0.jpg"", ""id"": 452}"
WhatsApp|Maverick|46708275344@s.whatsapp.net|Twilight Grey|||17.03.2021 17:37:09 UTC+01:00  |Outgoing|"{""Path"": ""Maverick_Samsung_Galaxy_S21/Attachments/File/0/Messages-Chat/Messages-Chat_1755/0.jpg"", ""id"": 454}"
WhatsApp|Goose System|46736673785@s.whatsapp.net|Twilight Grey||We did good|17.03.2021 17:47:58 UTC+01:00  |Incoming|"{""Path"": ""Maverick_Samsung_Galaxy_S21/Attachments/File/0/Messages-Chat/Messages-Chat_1757/0.jpg"", ""id"": 456}"
WhatsApp|Twilight Grey|46762725331@s.whatsapp.net|Goose System||Very true|17.03.2021 18:25:12 UTC+01:00  |Incoming|
WhatsApp|Twilight Grey|46762725331@s.whatsapp.net|Goose System||But every job can be|17.03.2021 18:25:13 UTC+01:00  |Incoming|
WhatsApp|Goldfinger|46702578150@s.whatsapp.net|Twilight Grey||Good stuff|17.03.2021 19:36:46 UTC+01:00  |Incoming|
WhatsApp|Twilight Grey|46762725331@s.whatsapp.net|Goose System||Very good|17.03.2021 19:40:37 UTC+01:00  |Incoming|
WhatsApp|Maverick|46708275344@s.whatsapp.net|Twilight Grey||Ok you lot. I'm heading into the city on business. Whose coming?|18.03.2021 11:07:20 UTC+01:00  |Outgoing|
WhatsApp|Twilight Grey|46762725331@s.whatsapp.net|Goose System||Me me me|18.03.2021 12:01:22 UTC+01:00  |Incoming|
WhatsApp|Goose System|46736673785@s.whatsapp.net|Twilight Grey||Of course 😊|18.03.2021 14:28:36 UTC+01:00  |Incoming|
WhatsApp|Maverick|46708275344@s.whatsapp.net|Twilight Grey|||18.03.2021 14:32:03 UTC+01:00  |Outgoing|"{""Path"": ""Maverick_Samsung_Galaxy_S21/Attachments/File/0/Messages-Chat/Messages-Chat_1768/0.jpg"", ""id"": 467}"
WhatsApp|Maverick|46708275344@s.whatsapp.net|Twilight Grey||Muppet|18.03.2021 14:32:07 UTC+01:00  |Outgoing|
WhatsApp|Twilight Grey|46762725331@s.whatsapp.net|Goose System||You are😝|18.03.2021 19:25:13 UTC+01:00  |Incoming|
WhatsApp|Maverick|46708275344@s.whatsapp.net|Twilight Grey||Need protection|18.03.2021 19:35:32 UTC+01:00  |Outgoing|"{""Path"": ""Maverick_Samsung_Galaxy_S21/Attachments/File/0/Messages-Chat/Messages-Chat_1774/0.jpg"", ""id"": 473}"
WhatsApp|Goose System|46736673785@s.whatsapp.net|Twilight Grey||Call that a knife? This is a proper knife!|18.03.2021 21:02:02 UTC+01:00  |Incoming|"{""Path"": ""Maverick_Samsung_Galaxy_S21/Attachments/File/0/Messages-Chat/Messages-Chat_1775/0.jpg"", ""id"": 474}"
WhatsApp|Twilight Grey|46762725331@s.whatsapp.net|Goose System||Now I'm scared|19.03.2021 09:57:23 UTC+01:00  |Incoming|
WhatsApp|Goose System|46736673785@s.whatsapp.net|Twilight Grey|||19.03.2021 10:20:27 UTC+01:00  |Incoming|"{""Path"": ""Maverick_Samsung_Galaxy_S21/Attachments/File/0/Messages-Chat/Messages-Chat_1777/0.jpg"", ""id"": 476}"
WhatsApp|Goldfinger|46702578150@s.whatsapp.net|Twilight Grey||Do I need one too?|19.03.2021 10:22:20 UTC+01:00  |Incoming|
WhatsApp|Maverick|46708275344@s.whatsapp.net|Twilight Grey||We all need protection 🙏|19.03.2021 10:27:27 UTC+01:00  |Outgoing|
WhatsApp|Maverick|46708275344@s.whatsapp.net|Twilight Grey||In this line of work, it gets dangerous if you upset the wrong people...|19.03.2021 10:27:56 UTC+01:00  |Outgoing|
WhatsApp|Twilight Grey|46762725331@s.whatsapp.net|Goose System||I know it can be scary|19.03.2021 10:34:07 UTC+01:00  |Incoming|
WhatsApp|Maverick|46708275344@s.whatsapp.net|Twilight Grey|||19.03.2021 14:24:55 UTC+01:00  |Outgoing|"{""Path"": ""Maverick_Samsung_Galaxy_S21/Attachments/File/0/Messages-Chat/Messages-Chat_1785/0.jpg"", ""id"": 484}"
WhatsApp|Maverick|46708275344@s.whatsapp.net|Twilight Grey||Today we can try to sell these...|19.03.2021 14:24:55 UTC+01:00  |Outgoing|"{""Path"": ""Maverick_Samsung_Galaxy_S21/Attachments/File/0/Messages-Chat/Messages-Chat_1784/0.jpg"", ""id"": 483}"
WhatsApp|Maverick|46708275344@s.whatsapp.net|Twilight Grey|||19.03.2021 14:24:55 UTC+01:00  |Outgoing|"{""Path"": ""Maverick_Samsung_Galaxy_S21/Attachments/File/0/Messages-Chat/Messages-Chat_1786/0.jpg"", ""id"": 485}"
WhatsApp|Goose System|46736673785@s.whatsapp.net|Twilight Grey||Nice work Mav. What is the cut?|19.03.2021 18:03:05 UTC+01:00  |Incoming|
WhatsApp|Twilight Grey|46762725331@s.whatsapp.net|Goose System||Oh nice things👌|19.03.2021 18:16:25 UTC+01:00  |Incoming|
WhatsApp|Twilight Grey|46762725331@s.whatsapp.net|Goose System||I'm on the train|19.03.2021 18:16:26 UTC+01:00  |Incoming|"{""Path"": ""Maverick_Samsung_Galaxy_S21/Attachments/File/0/Messages-Chat/Messages-Chat_1790/0.jpg"", ""id"": 489}"
WhatsApp|Maverick|46708275344@s.whatsapp.net|Twilight Grey||See you soon 😊|19.03.2021 18:24:56 UTC+01:00  |Outgoing|
WhatsApp|Maverick|46708275344@s.whatsapp.net|Twilight Grey||It's pay day team $$$$$|19.03.2021 20:07:05 UTC+01:00  |Outgoing|"{""Path"": ""Maverick_Samsung_Galaxy_S21/Attachments/File/0/Messages-Chat/Messages-Chat_1792/0.jpg"", ""id"": 491}"
WhatsApp|Maverick|46708275344@s.whatsapp.net|Twilight Grey||This little bag of white powder could be worth 100,000kr if we deal with it correctly 🤔|19.03.2021 20:07:48 UTC+01:00  |Outgoing|
WhatsApp|Goldfinger|46702578150@s.whatsapp.net|Twilight Grey||How did you get your hands on that!!!! 👍💰|19.03.2021 20:08:26 UTC+01:00  |Incoming|
WhatsApp|Maverick|46708275344@s.whatsapp.net|Twilight Grey||Brought it from a man at the local shops... he's a bad boy|19.03.2021 20:08:59 UTC+01:00  |Outgoing|
WhatsApp|Goldfinger|46702578150@s.whatsapp.net|Twilight Grey||Good job|19.03.2021 20:12:44 UTC+01:00  |Incoming|
WhatsApp|Twilight Grey|46762725331@s.whatsapp.net|Goose System||Wow nice work|19.03.2021 20:14:47 UTC+01:00  |Incoming|
WhatsApp|Goose System|46736673785@s.whatsapp.net|Twilight Grey|||19.03.2021 20:16:10 UTC+01:00  |Incoming|"{""Path"": ""Maverick_Samsung_Galaxy_S21/Attachments/File/0/Messages-Chat/Messages-Chat_1799/0.jpg"", ""id"": 498}"
WhatsApp|Maverick|46708275344@s.whatsapp.net|Twilight Grey||Me running away or a black dog running towards you?|19.03.2021 20:19:15 UTC+01:00  |Outgoing|"{""Path"": ""Maverick_Samsung_Galaxy_S21/Attachments/File/0/Messages-Chat/Messages-Chat_1800/0.jpg"", ""id"": 499}"
WhatsApp|Goose System|46736673785@s.whatsapp.net|Twilight Grey||Ok me and Mav are off out looking for trouble again 😎|20.03.2021 15:15:05 UTC+01:00  |Incoming|
WhatsApp|Maverick|46708275344@s.whatsapp.net|Twilight Grey||I hate this kid...|20.03.2021 16:12:43 UTC+01:00  |Outgoing|"{""Path"": ""Maverick_Samsung_Galaxy_S21/Attachments/File/0/Messages-Chat/Messages-Chat_1801/0.jpg"", ""id"": 500}"
WhatsApp|Goldfinger|46702578150@s.whatsapp.net|Twilight Grey||He is everywhere|20.03.2021 17:20:19 UTC+01:00  |Incoming|
WhatsApp|Goldfinger|46702578150@s.whatsapp.net|Twilight Grey||Must be Mr 007|20.03.2021 17:20:27 UTC+01:00  |Incoming|
WhatsApp|Maverick|46708275344@s.whatsapp.net|Twilight Grey||🤣|20.03.2021 17:27:21 UTC+01:00  |Outgoing|
WhatsApp|Goose System|46736673785@s.whatsapp.net|Twilight Grey||That kid is a graffiti menace 😡|21.03.2021 14:17:16 UTC+01:00  |Incoming|
WhatsApp|Twilight Grey|46762725331@s.whatsapp.net|Goose System||Haha yes Gold Finger 😂|21.03.2021 20:02:19 UTC+01:00  |Incoming|
WhatsApp|Goose System|46736673785@s.whatsapp.net|Twilight Grey||This one always seems to be empty?|22.03.2021 08:58:12 UTC+01:00  |Incoming|"{""Path"": ""Maverick_Samsung_Galaxy_S21/Attachments/File/0/Messages-Chat/Messages-Chat_1821/0.jpg"", ""id"": 520}"
WhatsApp|Maverick|46708275344@s.whatsapp.net|Twilight Grey|||22.03.2021 09:13:46 UTC+01:00  |Outgoing|"{""Path"": ""Maverick_Samsung_Galaxy_S21/Attachments/File/0/Messages-Chat/Messages-Chat_1820/0.jpg"", ""id"": 519}"
WhatsApp|Maverick|46708275344@s.whatsapp.net|Twilight Grey||Zoom zoom zooom|22.03.2021 09:13:46 UTC+01:00  |Outgoing|"{""Path"": ""Maverick_Samsung_Galaxy_S21/Attachments/File/0/Messages-Chat/Messages-Chat_1814/0.jpg"", ""id"": 513}"
WhatsApp|Maverick|46708275344@s.whatsapp.net|Twilight Grey|||22.03.2021 09:13:46 UTC+01:00  |Outgoing|"{""Path"": ""Maverick_Samsung_Galaxy_S21/Attachments/File/0/Messages-Chat/Messages-Chat_1815/0.jpg"", ""id"": 514}"
WhatsApp|Maverick|46708275344@s.whatsapp.net|Twilight Grey|||22.03.2021 09:13:46 UTC+01:00  |Outgoing|"{""Path"": ""Maverick_Samsung_Galaxy_S21/Attachments/File/0/Messages-Chat/Messages-Chat_1816/0.jpg"", ""id"": 515}"
WhatsApp|Maverick|46708275344@s.whatsapp.net|Twilight Grey|||22.03.2021 09:13:46 UTC+01:00  |Outgoing|"{""Path"": ""Maverick_Samsung_Galaxy_S21/Attachments/File/0/Messages-Chat/Messages-Chat_1817/0.jpg"", ""id"": 516}"
WhatsApp|Maverick|46708275344@s.whatsapp.net|Twilight Grey|||22.03.2021 09:13:46 UTC+01:00  |Outgoing|"{""Path"": ""Maverick_Samsung_Galaxy_S21/Attachments/File/0/Messages-Chat/Messages-Chat_1818/0.jpg"", ""id"": 517}"
WhatsApp|Maverick|46708275344@s.whatsapp.net|Twilight Grey|||22.03.2021 09:13:46 UTC+01:00  |Outgoing|"{""Path"": ""Maverick_Samsung_Galaxy_S21/Attachments/File/0/Messages-Chat/Messages-Chat_1819/0.jpg"", ""id"": 518}"
WhatsApp|Twilight Grey|46762725331@s.whatsapp.net|Goose System||Worth a try👌|22.03.2021 12:26:14 UTC+01:00  |Incoming|
WhatsApp|Maverick|46708275344@s.whatsapp.net|Twilight Grey||Yes let's give it a once over tonight when it gets dark.|22.03.2021 13:52:57 UTC+01:00  |Outgoing|
WhatsApp|Maverick|46708275344@s.whatsapp.net|Twilight Grey|||22.03.2021 13:56:40 UTC+01:00  |Outgoing|"{""Path"": ""Maverick_Samsung_Galaxy_S21/Attachments/File/0/Messages-Chat/Messages-Chat_1826/0.jpg"", ""id"": 525}"
WhatsApp|Twilight Grey|46762725331@s.whatsapp.net|Goose System||Sounds like a plan|22.03.2021 14:42:14 UTC+01:00  |Incoming|
WhatsApp|Goose System|46736673785@s.whatsapp.net|Twilight Grey||Have secured essential supplies 😊|23.03.2021 09:34:53 UTC+01:00  |Incoming|"{""Path"": ""Maverick_Samsung_Galaxy_S21/Attachments/File/0/Messages-Chat/Messages-Chat_1828/0.jpg"", ""id"": 527}"
WhatsApp|Twilight Grey|46762725331@s.whatsapp.net|Goose System||Good job|23.03.2021 09:43:40 UTC+01:00  |Incoming|
WhatsApp|Maverick|46708275344@s.whatsapp.net|Twilight Grey||This one looks like a great target. Close to the woods for an easy getaway in multiple directions 😌👌|23.03.2021 18:20:18 UTC+01:00  |Outgoing|"{""Path"": ""Maverick_Samsung_Galaxy_S21/Attachments/File/0/Messages-Chat/Messages-Chat_1829/0.jpg"", ""id"": 528}"
WhatsApp|Maverick|46708275344@s.whatsapp.net|Twilight Grey||OK we will hit this one again  tonight. It was an easy target last time and the gap is large enough for the insurance payout to replace the stuff we stole first time around....|23.03.2021 18:57:46 UTC+01:00  |Outgoing|"{""Path"": ""Maverick_Samsung_Galaxy_S21/Attachments/File/0/Messages-Chat/Messages-Chat_1834/0.jpg"", ""id"": 533}"
WhatsApp|Goose System|46736673785@s.whatsapp.net|Twilight Grey||Give me 5 mins to grab tools|23.03.2021 19:01:16 UTC+01:00  |Incoming|
WhatsApp|Maverick|46708275344@s.whatsapp.net|Twilight Grey||Hurry up slow coach...|23.03.2021 19:08:50 UTC+01:00  |Outgoing|
WhatsApp|Maverick|46708275344@s.whatsapp.net|Twilight Grey||It's a win tonight 🙌|23.03.2021 20:32:15 UTC+01:00  |Outgoing|"{""Path"": ""Maverick_Samsung_Galaxy_S21/Attachments/File/0/Messages-Chat/Messages-Chat_1839/0.jpg"", ""id"": 538}"
WhatsApp|Goose System|46736673785@s.whatsapp.net|Twilight Grey||We are so damn good 🥺|23.03.2021 20:36:19 UTC+01:00  |Incoming|
WhatsApp|Twilight Grey|46762725331@s.whatsapp.net|Goose System||Very good|23.03.2021 21:10:54 UTC+01:00  |Incoming|
WhatsApp|Goose System|46736673785@s.whatsapp.net|Twilight Grey||Thanks|23.03.2021 21:29:04 UTC+01:00  |Incoming|"{""Path"": ""Maverick_Samsung_Galaxy_S21/Attachments/File/0/Messages-Chat/Messages-Chat_1843/0.jpg"", ""id"": 542}"
WhatsApp|Maverick|46708275344@s.whatsapp.net|Twilight Grey|||24.03.2021 08:32:22 UTC+01:00  |Outgoing|"{""Path"": ""Maverick_Samsung_Galaxy_S21/Attachments/File/0/Messages-Chat/Messages-Chat_1848/0.jpg"", ""id"": 547}"
WhatsApp|Maverick|46708275344@s.whatsapp.net|Twilight Grey||Last night was a good hit|24.03.2021 08:32:22 UTC+01:00  |Outgoing|"{""Path"": ""Maverick_Samsung_Galaxy_S21/Attachments/File/0/Messages-Chat/Messages-Chat_1847/0.jpg"", ""id"": 546}"
WhatsApp|Goose System|46736673785@s.whatsapp.net|Twilight Grey||Sweet and what's the cut for everyone???|24.03.2021 08:33:11 UTC+01:00  |Incoming|
WhatsApp|Maverick|46708275344@s.whatsapp.net|Twilight Grey||I would say about 4000kr each. Good split. Do the exchange tonight 🤔|24.03.2021 09:03:14 UTC+01:00  |Outgoing|
WhatsApp|Twilight Grey|46762725331@s.whatsapp.net|Goose System||But you didn't get to enjoy this beautiful day in the sun, by the water|24.03.2021 09:15:03 UTC+01:00  |Incoming|"{""Path"": ""Maverick_Samsung_Galaxy_S21/Attachments/File/0/Messages-Chat/Messages-Chat_1855/0.jpg"", ""id"": 554}"
WhatsApp|Twilight Grey|46762725331@s.whatsapp.net|Goose System||Wop wop🙌🙌|24.03.2021 09:36:36 UTC+01:00  |Incoming|
WhatsApp|Maverick|46708275344@s.whatsapp.net|Twilight Grey||😁🤪😛|24.03.2021 15:21:12 UTC+01:00  |Outgoing|
WhatsApp|Goose System|46736673785@s.whatsapp.net|Twilight Grey|||24.03.2021 15:28:15 UTC+01:00  |Incoming|"{""Path"": ""Maverick_Samsung_Galaxy_S21/Attachments/File/0/Messages-Chat/Messages-Chat_1860/0.jpg"", ""id"": 559}"
WhatsApp|Maverick|46708275344@s.whatsapp.net|Twilight Grey||I am off out to see a man about a dog....|24.03.2021 18:08:17 UTC+01:00  |Outgoing|
WhatsApp|Maverick|46708275344@s.whatsapp.net|Twilight Grey||Which is code for sell some drugs 🤔|24.03.2021 18:08:28 UTC+01:00  |Outgoing|
WhatsApp|Maverick|46708275344@s.whatsapp.net|Twilight Grey||Goose hard at work tonight. Anyone seen him???|24.03.2021 18:37:25 UTC+01:00  |Outgoing|"{""Path"": ""Maverick_Samsung_Galaxy_S21/Attachments/File/0/Messages-Chat/Messages-Chat_1866/0.jpg"", ""id"": 565}"
WhatsApp|Maverick|46708275344@s.whatsapp.net|Twilight Grey||Damn! I need a truck this bag to carry all the money we just made !!!!|24.03.2021 18:48:27 UTC+01:00  |Outgoing|"{""Path"": ""Maverick_Samsung_Galaxy_S21/Attachments/File/0/Messages-Chat/Messages-Chat_1867/0.jpg"", ""id"": 566}"
WhatsApp|Maverick|46708275344@s.whatsapp.net|Twilight Grey|||24.03.2021 18:56:01 UTC+01:00  |Outgoing|"{""Path"": ""Maverick_Samsung_Galaxy_S21/Attachments/File/0/Messages-Chat/Messages-Chat_1870/0.jpg"", ""id"": 569}"
WhatsApp|Twilight Grey|46762725331@s.whatsapp.net|Goose System||💰💰|24.03.2021 18:57:02 UTC+01:00  |Incoming|
WhatsApp|Goose System|46736673785@s.whatsapp.net|Twilight Grey||Oh wow awesome 😊😎|25.03.2021 08:34:15 UTC+01:00  |Incoming|
WhatsApp|Maverick|46708275344@s.whatsapp.net|Twilight Grey||You don't get an equal split Goose!!!|25.03.2021 08:38:18 UTC+01:00  |Outgoing|
WhatsApp|Goose System|46736673785@s.whatsapp.net|Twilight Grey||WTF??? It was an honest mistake dude. Come on we are supposed to be a team?|25.03.2021 08:38:55 UTC+01:00  |Incoming|
WhatsApp|Maverick|46708275344@s.whatsapp.net|Twilight Grey||Nope. U were not there for me when the deal went down. I had to ask Gold Finger to cover for me|25.03.2021 08:40:59 UTC+01:00  |Outgoing|
WhatsApp|Maverick|46708275344@s.whatsapp.net|Twilight Grey||Time to celebrate gang,. MR BIG is paid off finally 🙌|25.03.2021 19:11:46 UTC+01:00  |Outgoing|"{""Path"": ""Maverick_Samsung_Galaxy_S21/Attachments/File/0/Messages-Chat/Messages-Chat_1903/0.jpg"", ""id"": 602}"
WhatsApp|Goose System|46736673785@s.whatsapp.net|Twilight Grey|||25.03.2021 19:14:27 UTC+01:00  |Incoming|"{""Path"": ""Maverick_Samsung_Galaxy_S21/Attachments/File/0/Messages-Chat/Messages-Chat_1904/0.jpg"", ""id"": 603}"
WhatsApp|Goose System|46736673785@s.whatsapp.net|Twilight Grey||Woohoo 🎉🙌|25.03.2021 19:14:38 UTC+01:00  |Incoming|
WhatsApp|Maverick|46708275344@s.whatsapp.net|Twilight Grey||Hey everyone it's party time tonight to celebrate 🍾 our new freedom. Let's get wrecked 🙂|25.03.2021 19:38:27 UTC+01:00  |Outgoing|
WhatsApp|Goose System|46736673785@s.whatsapp.net|Twilight Grey|||25.03.2021 19:41:12 UTC+01:00  |Incoming|
WhatsApp|Goldfinger|46702578150@s.whatsapp.net|Twilight Grey|||26.03.2021 13:21:42 UTC+01:00  |Incoming|"{""Path"": ""Maverick_Samsung_Galaxy_S21/Attachments/File/0/Messages-Chat/Messages-Chat_1910/0.jpg"", ""id"": 609}"
WhatsApp|Goldfinger|46702578150@s.whatsapp.net|Twilight Grey||I’ll be there|26.03.2021 13:21:48 UTC+01:00  |Incoming|
WhatsApp|Goldfinger|46702578150@s.whatsapp.net|Twilight Grey||Starting early|26.03.2021 13:22:04 UTC+01:00  |Incoming|"{""Path"": ""Maverick_Samsung_Galaxy_S21/Attachments/File/0/Messages-Chat/Messages-Chat_1912/0.jpg"", ""id"": 611}"
WhatsApp|Goldfinger|46702578150@s.whatsapp.net|Twilight Grey|||26.03.2021 13:22:17 UTC+01:00  |Incoming|"{""Path"": ""Maverick_Samsung_Galaxy_S21/Attachments/File/0/Messages-Chat/Messages-Chat_1913/0.jpg"", ""id"": 612}"
WhatsApp|Goose System|46736673785@s.whatsapp.net|Twilight Grey||Nice get us a pint while you are there?|26.03.2021 14:43:28 UTC+01:00  |Incoming|
WhatsApp|Goldfinger|46702578150@s.whatsapp.net|Twilight Grey||Got two and a gin and tonic|26.03.2021 16:42:16 UTC+01:00  |Incoming|
WhatsApp|Goldfinger|46702578150@s.whatsapp.net|Twilight Grey||.....not|26.03.2021 16:42:22 UTC+01:00  |Incoming|
WhatsApp|Twilight Grey|46762725331@s.whatsapp.net|Goose System||Wohooo|26.03.2021 17:20:53 UTC+01:00  |Incoming|
WhatsApp|Twilight Grey|46762725331@s.whatsapp.net|Goose System|||26.03.2021 17:20:54 UTC+01:00  |Incoming|"{""Path"": ""Maverick_Samsung_Galaxy_S21/Attachments/File/0/Messages-Chat/Messages-Chat_1920/0.jpg"", ""id"": 619}"
WhatsApp|Twilight Grey|46762725331@s.whatsapp.net|Goose System||Ice cream 😍|26.03.2021 17:20:54 UTC+01:00  |Incoming|
WhatsApp|Twilight Grey|46762725331@s.whatsapp.net|Goose System||Haha|26.03.2021 17:27:39 UTC+01:00  |Incoming|
WhatsApp|Twilight Grey|46762725331@s.whatsapp.net|Goose System|||26.03.2021 17:44:19 UTC+01:00  |Incoming|"{""Path"": ""Maverick_Samsung_Galaxy_S21/Attachments/File/0/Messages-Chat/Messages-Chat_1922/0.jpg"", ""id"": 621}"
WhatsApp|Goose System|46736673785@s.whatsapp.net|Twilight Grey||Ok heading out with Mav on another round of robbing the neighborhood 😊|26.03.2021 18:06:50 UTC+01:00  |Incoming|
WhatsApp|Goose System|46736673785@s.whatsapp.net|Twilight Grey||I am really trying to hinder all my farts but these signs are very personal???|26.03.2021 18:11:07 UTC+01:00  |Incoming|"{""Path"": ""Maverick_Samsung_Galaxy_S21/Attachments/File/0/Messages-Chat/Messages-Chat_1926/0.jpg"", ""id"": 625}"
WhatsApp|Goldfinger|46702578150@s.whatsapp.net|Twilight Grey||Oh sorry about that..Swedes love clarity|26.03.2021 18:21:35 UTC+01:00  |Incoming|
WhatsApp|Maverick|46708275344@s.whatsapp.net|Twilight Grey|||26.03.2021 18:35:53 UTC+01:00  |Outgoing|
WhatsApp|Maverick|46708275344@s.whatsapp.net|Twilight Grey||🤣|26.03.2021 18:37:57 UTC+01:00  |Outgoing|
WhatsApp|Maverick|46708275344@s.whatsapp.net|Twilight Grey||This one is always empty|26.03.2021 18:48:57 UTC+01:00  |Outgoing|"{""Path"": ""Maverick_Samsung_Galaxy_S21/Attachments/File/0/Messages-Chat/Messages-Chat_1929/0.jpg"", ""id"": 628}"
WhatsApp|Goose System|46736673785@s.whatsapp.net|Twilight Grey||Ok let's hit at the weekend|26.03.2021 18:53:27 UTC+01:00  |Incoming|
WhatsApp|Maverick|46708275344@s.whatsapp.net|Twilight Grey||Cool|26.03.2021 18:54:59 UTC+01:00  |Outgoing|
WhatsApp|Maverick|46708275344@s.whatsapp.net|Twilight Grey||Might be being followed????|26.03.2021 19:08:24 UTC+01:00  |Outgoing|"{""Path"": ""Maverick_Samsung_Galaxy_S21/Attachments/File/0/Messages-Chat/Messages-Chat_1935/0.jpg"", ""id"": 634}"
WhatsApp|Twilight Grey|46762725331@s.whatsapp.net|Goose System||Oh no run|27.03.2021 07:39:17 UTC+01:00  |Incoming|
WhatsApp|Goldfinger|46702578150@s.whatsapp.net|Twilight Grey||Hope u r safe|27.03.2021 09:29:44 UTC+01:00  |Incoming|
WhatsApp|Goldfinger|46702578150@s.whatsapp.net|Twilight Grey||I’m in Nacka again today|27.03.2021 09:29:55 UTC+01:00  |Incoming|
WhatsApp|Goldfinger|46702578150@s.whatsapp.net|Twilight Grey||Not the cops...|27.03.2021 09:32:07 UTC+01:00  |Incoming|"{""Path"": ""Maverick_Samsung_Galaxy_S21/Attachments/File/0/Messages-Chat/Messages-Chat_1939/0.jpg"", ""id"": 638}"
WhatsApp|Goldfinger|46702578150@s.whatsapp.net|Twilight Grey|||27.03.2021 09:32:28 UTC+01:00  |Incoming|"{""Path"": ""Maverick_Samsung_Galaxy_S21/Attachments/File/0/Messages-Chat/Messages-Chat_1940/0.jpg"", ""id"": 639}"
WhatsApp|Maverick|46708275344@s.whatsapp.net|Twilight Grey||Loving ❤ the big red engine|27.03.2021 14:34:52 UTC+01:00  |Outgoing|
WhatsApp|Maverick|46708275344@s.whatsapp.net|Twilight Grey|||27.03.2021 14:38:08 UTC+01:00  |Outgoing|"{""Path"": ""Maverick_Samsung_Galaxy_S21/Attachments/File/0/Messages-Chat/Messages-Chat_1942/0.jpg"", ""id"": 641}"
WhatsApp|Maverick|46708275344@s.whatsapp.net|Twilight Grey|||27.03.2021 14:38:23 UTC+01:00  |Outgoing|"{""Path"": ""Maverick_Samsung_Galaxy_S21/Attachments/File/0/Messages-Chat/Messages-Chat_1943/0.jpg"", ""id"": 642}"
WhatsApp|Maverick|46708275344@s.whatsapp.net|Twilight Grey|||27.03.2021 14:38:47 UTC+01:00  |Outgoing|"{""Path"": ""Maverick_Samsung_Galaxy_S21/Attachments/File/0/Messages-Chat/Messages-Chat_1944/0.jpg"", ""id"": 643}"
WhatsApp|Goldfinger|46702578150@s.whatsapp.net|Twilight Grey|||27.03.2021 14:39:16 UTC+01:00  |Incoming|"{""Path"": ""Maverick_Samsung_Galaxy_S21/Attachments/File/0/Messages-Chat/Messages-Chat_1945/0.jpg"", ""id"": 644}"
WhatsApp|Goldfinger|46702578150@s.whatsapp.net|Twilight Grey|||27.03.2021 14:39:33 UTC+01:00  |Incoming|"{""Path"": ""Maverick_Samsung_Galaxy_S21/Attachments/File/0/Messages-Chat/Messages-Chat_1946/0.jpg"", ""id"": 645}"
WhatsApp|Maverick|46708275344@s.whatsapp.net|Twilight Grey||Good work Goldy|27.03.2021 14:39:47 UTC+01:00  |Outgoing|
WhatsApp|Goldfinger|46702578150@s.whatsapp.net|Twilight Grey||Thanks got some bling too|27.03.2021 14:40:04 UTC+01:00  |Incoming|
WhatsApp|Goldfinger|46702578150@s.whatsapp.net|Twilight Grey||Bottom floor..,|27.03.2021 14:40:41 UTC+01:00  |Incoming|"{""Path"": ""Maverick_Samsung_Galaxy_S21/Attachments/File/0/Messages-Chat/Messages-Chat_1949/0.jpg"", ""id"": 648}"
WhatsApp|Maverick|46708275344@s.whatsapp.net|Twilight Grey||Damn. You are on form today girlfriend|27.03.2021 15:21:26 UTC+01:00  |Outgoing|
WhatsApp|Maverick|46708275344@s.whatsapp.net|Twilight Grey||Oh yes.... we hit the jackpot tonight team 🤪|27.03.2021 19:56:22 UTC+01:00  |Outgoing|
WhatsApp|Maverick|46708275344@s.whatsapp.net|Twilight Grey|||27.03.2021 19:56:27 UTC+01:00  |Outgoing|"{""Path"": ""Maverick_Samsung_Galaxy_S21/Attachments/File/0/Messages-Chat/Messages-Chat_1954/0.jpg"", ""id"": 653}"
WhatsApp|Maverick|46708275344@s.whatsapp.net|Twilight Grey||They had gold blocks in the house! Unreal....|27.03.2021 19:56:44 UTC+01:00  |Outgoing|
WhatsApp|Maverick|46708275344@s.whatsapp.net|Twilight Grey||Time to party...|27.03.2021 19:58:12 UTC+01:00  |Outgoing|
WhatsApp|Maverick|46708275344@s.whatsapp.net|Twilight Grey|||27.03.2021 19:58:20 UTC+01:00  |Outgoing|"{""Path"": ""Maverick_Samsung_Galaxy_S21/Attachments/File/0/Messages-Chat/Messages-Chat_1957/0.jpg"", ""id"": 656}"
WhatsApp|Goose System|46736673785@s.whatsapp.net|Twilight Grey||Wooohooooo 🎉🙌😁|27.03.2021 19:58:44 UTC+01:00  |Incoming|
WhatsApp|Maverick|46708275344@s.whatsapp.net|Twilight Grey|||27.03.2021 23:21:10 UTC+01:00  |Outgoing|"{""Path"": ""Maverick_Samsung_Galaxy_S21/Attachments/File/0/Messages-Chat/Messages-Chat_1959/0.jpg"", ""id"": 658}"
WhatsApp|Maverick|46708275344@s.whatsapp.net|Twilight Grey||🤣|27.03.2021 23:22:15 UTC+01:00  |Outgoing|
WhatsApp|Maverick|46708275344@s.whatsapp.net|Twilight Grey||Who wants some chocolate 🍫 ????|28.03.2021 11:25:01 UTC+02:00  |Outgoing|
WhatsApp|Goose System|46736673785@s.whatsapp.net|Twilight Grey||Disappointed.|28.03.2021 11:47:12 UTC+02:00  |Incoming|
WhatsApp|Goose System|46736673785@s.whatsapp.net|Twilight Grey||Shelves were empty. Total waste of time. Sorry|28.03.2021 11:47:30 UTC+02:00  |Incoming|
WhatsApp|Maverick|46708275344@s.whatsapp.net|Twilight Grey|||28.03.2021 11:51:21 UTC+02:00  |Outgoing|"{""Path"": ""Maverick_Samsung_Galaxy_S21/Attachments/File/0/Messages-Chat/Messages-Chat_1964/0.jpg"", ""id"": 663}"
WhatsApp|Goose System|46736673785@s.whatsapp.net|Twilight Grey||😄|28.03.2021 11:53:59 UTC+02:00  |Incoming|
WhatsApp|Maverick|46708275344@s.whatsapp.net|Twilight Grey||When to tell that you might have overdone the thieving...|28.03.2021 12:33:11 UTC+02:00  |Outgoing|"{""Path"": ""Maverick_Samsung_Galaxy_S21/Attachments/File/0/Messages-Chat/Messages-Chat_1967/0.jpg"", ""id"": 666}"
WhatsApp|Goose System|46736673785@s.whatsapp.net|Twilight Grey||😄👍|28.03.2021 12:38:58 UTC+02:00  |Incoming|
WhatsApp|Maverick|46708275344@s.whatsapp.net|Twilight Grey||Weather is shitty today. Staying in and watching a movie instead fir a change...|28.03.2021 15:41:37 UTC+02:00  |Outgoing|"{""Path"": ""Maverick_Samsung_Galaxy_S21/Attachments/File/0/Messages-Chat/Messages-Chat_1970/0.jpg"", ""id"": 669}"
WhatsApp|Twilight Grey|46762725331@s.whatsapp.net|Goose System||But today is a new day with better weather. I'll go to the café and make some good deals|29.03.2021 08:33:27 UTC+02:00  |Incoming|
WhatsApp|Maverick|46708275344@s.whatsapp.net|Twilight Grey||Awesome work thanks Twilight. Tell them we can steal to order if they need anything special....?|29.03.2021 08:35:49 UTC+02:00  |Outgoing|
WhatsApp|Twilight Grey|46762725331@s.whatsapp.net|Goose System||Okey|29.03.2021 08:36:09 UTC+02:00  |Incoming|
WhatsApp|Goldfinger|46702578150@s.whatsapp.net|Twilight Grey||Don’t think Seven has made it his turf yet|29.03.2021 17:56:41 UTC+02:00  |Incoming|"{""Path"": ""Maverick_Samsung_Galaxy_S21/Attachments/File/0/Messages-Chat/Messages-Chat_1977/0.jpg"", ""id"": 676}"
WhatsApp|Goose System|46736673785@s.whatsapp.net|Twilight Grey||Big house. Little house 😌|29.03.2021 18:15:15 UTC+02:00  |Incoming|"{""Path"": ""Maverick_Samsung_Galaxy_S21/Attachments/File/0/Messages-Chat/Messages-Chat_1979/0.jpg"", ""id"": 678}"
WhatsApp|Goose System|46736673785@s.whatsapp.net|Twilight Grey|||29.03.2021 18:15:50 UTC+02:00  |Incoming|"{""Path"": ""Maverick_Samsung_Galaxy_S21/Attachments/File/0/Messages-Chat/Messages-Chat_1980/0.jpg"", ""id"": 679}"
WhatsApp|Maverick|46708275344@s.whatsapp.net|Twilight Grey||Decided to buy myself a new car with all my evil gains 💪|29.03.2021 18:32:33 UTC+02:00  |Outgoing|"{""Path"": ""Maverick_Samsung_Galaxy_S21/Attachments/File/0/Messages-Chat/Messages-Chat_1981/0.jpg"", ""id"": 680}"
WhatsApp|Goose System|46736673785@s.whatsapp.net|Twilight Grey|||29.03.2021 18:38:29 UTC+02:00  |Incoming|"{""Path"": ""Maverick_Samsung_Galaxy_S21/Attachments/File/0/Messages-Chat/Messages-Chat_1982/0.jpg"", ""id"": 681}"
WhatsApp|Maverick|46708275344@s.whatsapp.net|Twilight Grey||This whole place is upmarket. So dear...|29.03.2021 18:44:34 UTC+02:00  |Outgoing|"{""Path"": ""Maverick_Samsung_Galaxy_S21/Attachments/File/0/Messages-Chat/Messages-Chat_1983/0.jpg"", ""id"": 682}"
WhatsApp|Goose System|46736673785@s.whatsapp.net|Twilight Grey||Oh my god. Dad jokes so bad. Please stop.|29.03.2021 18:46:18 UTC+02:00  |Incoming|
WhatsApp|Twilight Grey|46762725331@s.whatsapp.net|Goose System||Btw I'm on my way, and I have some money for us all😎|29.03.2021 18:47:12 UTC+02:00  |Incoming|
WhatsApp|Goldfinger|46702578150@s.whatsapp.net|Twilight Grey||Good job Twilight|29.03.2021 18:47:58 UTC+02:00  |Incoming|
WhatsApp|Maverick|46708275344@s.whatsapp.net|Twilight Grey||Awesome work Twilight 💪|29.03.2021 18:51:03 UTC+02:00  |Outgoing|
WhatsApp|Goose System|46736673785@s.whatsapp.net|Twilight Grey||I've always liked you Twilight. Heading back for my cash 🙂|29.03.2021 18:59:01 UTC+02:00  |Incoming|
WhatsApp|Maverick|46708275344@s.whatsapp.net|Twilight Grey|||29.03.2021 19:06:22 UTC+02:00  |Outgoing|"{""Path"": ""Maverick_Samsung_Galaxy_S21/Attachments/File/0/Messages-Chat/Messages-Chat_1991/0.jpg"", ""id"": 690}"
WhatsApp|Maverick|46708275344@s.whatsapp.net|Twilight Grey|||29.03.2021 19:06:33 UTC+02:00  |Outgoing|"{""Path"": ""Maverick_Samsung_Galaxy_S21/Attachments/File/0/Messages-Chat/Messages-Chat_1992/0.jpg"", ""id"": 691}"
WhatsApp|Maverick|46708275344@s.whatsapp.net|Twilight Grey||This place is perfect.  Backs.onto the woods for an easy escape.. nothing overlooked|29.03.2021 19:07:01 UTC+02:00  |Outgoing|
WhatsApp|Goose System|46736673785@s.whatsapp.net|Twilight Grey||Ok cool. Last one for the evening. My stash bag is already full 😌|29.03.2021 19:12:04 UTC+02:00  |Incoming|
WhatsApp|Maverick|46708275344@s.whatsapp.net|Twilight Grey||I'm the daddy|29.03.2021 19:17:48 UTC+02:00  |Outgoing|"{""Path"": ""Maverick_Samsung_Galaxy_S21/Attachments/File/0/Messages-Chat/Messages-Chat_1995/0.jpg"", ""id"": 694}"
WhatsApp|Goose System|46736673785@s.whatsapp.net|Twilight Grey||Sent from Viber https://www.viber.com/invite/7aa60cc90bb97bd70c51ea8920b8c3372e27a6251bccfd43deba75570636456a|29.03.2021 20:24:26 UTC+02:00  |Incoming|"{""Path"": ""Maverick_Samsung_Galaxy_S21/Attachments/File/0/Messages-Chat/Messages-Chat_1998/0.jpg"", ""id"": 697}"
WhatsApp|Goose System|46736673785@s.whatsapp.net|Twilight Grey||Nah this is the Papi 😊|29.03.2021 20:24:38 UTC+02:00  |Incoming|
WhatsApp|Twilight Grey|46762725331@s.whatsapp.net|Goose System||I want that car thank you😍😍|30.03.2021 11:55:23 UTC+02:00  |Incoming|
WhatsApp|Goose System|46736673785@s.whatsapp.net|Twilight Grey||Ok I will see what I can do 👍|30.03.2021 15:49:14 UTC+02:00  |Incoming|
WhatsApp|Maverick|46708275344@s.whatsapp.net|Twilight Grey||OK gang. Going to make second drop with Bad Boy for the coke. Have my back I will go there with the package. Goose cover my back dude...|30.03.2021 17:37:30 UTC+02:00  |Outgoing|
WhatsApp|Goose System|46736673785@s.whatsapp.net|Twilight Grey||Aw shit u r early??|30.03.2021 17:38:11 UTC+02:00  |Incoming|
WhatsApp|Maverick|46708275344@s.whatsapp.net|Twilight Grey||A little. Good to check the area beforehand.  Come when u can.|30.03.2021 17:38:47 UTC+02:00  |Outgoing|
WhatsApp|Goose System|46736673785@s.whatsapp.net|Twilight Grey||Yes yes will stop what I am doing then!!!!|30.03.2021 17:39:04 UTC+02:00  |Incoming|
WhatsApp|Maverick|46708275344@s.whatsapp.net|Twilight Grey||Track me for safety... I am carrying the merchandise.|30.03.2021 17:43:27 UTC+02:00  |Outgoing|
WhatsApp|Maverick|46708275344@s.whatsapp.net|Twilight Grey|||30.03.2021 17:44:21 UTC+02:00  |Outgoing|"{""Path"": ""Maverick_Samsung_Galaxy_S21/Attachments/File/0/Messages-Chat/Messages-Chat_2007/0.jpg"", ""id"": 706}"
WhatsApp|Goose System|46736673785@s.whatsapp.net|Twilight Grey||Yes boss ing from a safe distance behind you|30.03.2021 17:48:48 UTC+02:00  |Incoming|
WhatsApp|Goose System|46736673785@s.whatsapp.net|Twilight Grey||Tracking|30.03.2021 17:49:00 UTC+02:00  |Incoming|
WhatsApp|Goose System|46736673785@s.whatsapp.net|Twilight Grey||So annoyed 😠|30.03.2021 17:58:04 UTC+02:00  |Incoming|"{""Path"": ""Maverick_Samsung_Galaxy_S21/Attachments/File/0/Messages-Chat/Messages-Chat_2011/0.jpg"", ""id"": 710}"
WhatsApp|Maverick|46708275344@s.whatsapp.net|Twilight Grey||That kid tags everything in the area, yet we never see him and nobody knows who he is. Very suspicious...|30.03.2021 18:02:16 UTC+02:00  |Outgoing|
WhatsApp|Maverick|46708275344@s.whatsapp.net|Twilight Grey|||30.03.2021 18:03:26 UTC+02:00  |Outgoing|"{""Path"": ""Maverick_Samsung_Galaxy_S21/Attachments/File/0/Messages-Chat/Messages-Chat_2013/0.jpg"", ""id"": 712}"
WhatsApp|Goose System|46736673785@s.whatsapp.net|Twilight Grey||Yes bloody everything|30.03.2021 18:05:30 UTC+02:00  |Incoming|"{""Path"": ""Maverick_Samsung_Galaxy_S21/Attachments/File/0/Messages-Chat/Messages-Chat_2014/0.jpg"", ""id"": 713}"
WhatsApp|Goose System|46736673785@s.whatsapp.net|Twilight Grey||Aaagggghhhh|30.03.2021 18:15:54 UTC+02:00  |Incoming|"{""Path"": ""Maverick_Samsung_Galaxy_S21/Attachments/File/0/Messages-Chat/Messages-Chat_2017/0.jpg"", ""id"": 716}"
WhatsApp|Maverick|46708275344@s.whatsapp.net|Twilight Grey||Hey all we good....|30.03.2021 18:32:25 UTC+02:00  |Outgoing|
WhatsApp|Maverick|46708275344@s.whatsapp.net|Twilight Grey||Deal done. No issues|30.03.2021 18:32:32 UTC+02:00  |Outgoing|
WhatsApp|Maverick|46708275344@s.whatsapp.net|Twilight Grey||Got the cash 💸🤪|30.03.2021 18:32:43 UTC+02:00  |Outgoing|
WhatsApp|Maverick|46708275344@s.whatsapp.net|Twilight Grey|||30.03.2021 18:32:49 UTC+02:00  |Outgoing|"{""Path"": ""Maverick_Samsung_Galaxy_S21/Attachments/File/0/Messages-Chat/Messages-Chat_2027/0.jpg"", ""id"": 726}"
WhatsApp|Maverick|46708275344@s.whatsapp.net|Twilight Grey||Leaving station now.|30.03.2021 18:32:59 UTC+02:00  |Outgoing|
WhatsApp|Maverick|46708275344@s.whatsapp.net|Twilight Grey||OMG|30.03.2021 18:52:05 UTC+02:00  |Outgoing|"{""Path"": ""Maverick_Samsung_Galaxy_S21/Attachments/File/0/Messages-Chat/Messages-Chat_2033/0.jpg"", ""id"": 732}"
WhatsApp|Goose System|46736673785@s.whatsapp.net|Twilight Grey||😄|30.03.2021 18:55:56 UTC+02:00  |Incoming|
WhatsApp|Maverick|46708275344@s.whatsapp.net|Twilight Grey||We are in the money baby 👶|30.03.2021 19:00:50 UTC+02:00  |Outgoing|"{""Path"": ""Maverick_Samsung_Galaxy_S21/Attachments/File/0/Messages-Chat/Messages-Chat_2035/0.jpg"", ""id"": 734}"
WhatsApp|Goose System|46736673785@s.whatsapp.net|Twilight Grey|||30.03.2021 19:01:42 UTC+02:00  |Incoming|"{""Path"": ""Maverick_Samsung_Galaxy_S21/Attachments/File/0/Messages-Chat/Messages-Chat_2036/0.jpg"", ""id"": 735}"
WhatsApp|Twilight Grey|46762725331@s.whatsapp.net|Goose System|||31.03.2021 15:20:23 UTC+02:00  |Incoming|"{""Path"": ""Maverick_Samsung_Galaxy_S21/Attachments/File/0/Messages-Chat/Messages-Chat_2041/0.jpg"", ""id"": 740}"
WhatsApp|Goldfinger|46702578150@s.whatsapp.net|Twilight Grey||I saw “Papi” the car just down the road... it’s so damn nice|31.03.2021 16:38:02 UTC+02:00  |Incoming|
WhatsApp|Goldfinger|46702578150@s.whatsapp.net|Twilight Grey||And turquoise 😂|31.03.2021 16:38:15 UTC+02:00  |Incoming|
WhatsApp|Goldfinger|46702578150@s.whatsapp.net|Twilight Grey||Jamming today 🎵|31.03.2021 17:45:23 UTC+02:00  |Incoming|"{""Path"": ""Maverick_Samsung_Galaxy_S21/Attachments/File/0/Messages-Chat/Messages-Chat_2045/0.jpg"", ""id"": 744}"
WhatsApp|Goose System|46736673785@s.whatsapp.net|Twilight Grey||I like the look of this Tesla. Would be nice to take one of these for a spin|31.03.2021 18:22:47 UTC+02:00  |Incoming|"{""Path"": ""Maverick_Samsung_Galaxy_S21/Attachments/File/0/Messages-Chat/Messages-Chat_2046/0.jpg"", ""id"": 745}"
WhatsApp|Maverick|46708275344@s.whatsapp.net|Twilight Grey||We can all have a new car soon with the amount of money we are bringing in these days....|31.03.2021 18:30:36 UTC+02:00  |Outgoing|
WhatsApp|Goose System|46736673785@s.whatsapp.net|Twilight Grey|||31.03.2021 18:34:36 UTC+02:00  |Incoming|
WhatsApp|Goose System|46736673785@s.whatsapp.net|Twilight Grey||Another day another seven....|31.03.2021 18:37:30 UTC+02:00  |Incoming|"{""Path"": ""Maverick_Samsung_Galaxy_S21/Attachments/File/0/Messages-Chat/Messages-Chat_2054/0.jpg"", ""id"": 753}"
WhatsApp|Maverick|46708275344@s.whatsapp.net|Twilight Grey|||31.03.2021 18:39:46 UTC+02:00  |Outgoing|"{""Path"": ""Maverick_Samsung_Galaxy_S21/Attachments/File/0/Messages-Chat/Messages-Chat_2055/0.jpg"", ""id"": 754}"
WhatsApp|Goose System|46736673785@s.whatsapp.net|Twilight Grey||Haha|31.03.2021 18:42:50 UTC+02:00  |Incoming|
WhatsApp|Goose System|46736673785@s.whatsapp.net|Twilight Grey||Hey guys. Not happy about tonight's developments. Me and Mav are not agreed. I may need to bug out for a while to get my head straight 🥺|31.03.2021 19:13:57 UTC+02:00  |Incoming|
WhatsApp|Maverick|46708275344@s.whatsapp.net|Twilight Grey||Fuck you Goose. This is between me and you. Don't bring the others into it.|31.03.2021 19:14:52 UTC+02:00  |Outgoing|
WhatsApp|Maverick|46708275344@s.whatsapp.net|Twilight Grey||Go home have a good long think about your future. Don't make a bad call and remember who helped you.|31.03.2021 19:15:22 UTC+02:00  |Outgoing|
WhatsApp|Goose System|46736673785@s.whatsapp.net|Twilight Grey||Yee yee whatever|31.03.2021 19:17:34 UTC+02:00  |Incoming|
WhatsApp|Maverick|46708275344@s.whatsapp.net|Twilight Grey||What is this shit???|01.04.2021 08:32:52 UTC+02:00  |Outgoing|
WhatsApp|Maverick|46708275344@s.whatsapp.net|Twilight Grey|||01.04.2021 08:33:02 UTC+02:00  |Outgoing|"{""Path"": ""Maverick_Samsung_Galaxy_S21/Attachments/File/0/Messages-Chat/Messages-Chat_2068/0.jpg"", ""id"": 767}"
WhatsApp|Maverick|46708275344@s.whatsapp.net|Twilight Grey|||01.04.2021 08:33:02 UTC+02:00  |Outgoing|"{""Path"": ""Maverick_Samsung_Galaxy_S21/Attachments/File/0/Messages-Chat/Messages-Chat_2067/0.jpg"", ""id"": 766}"
WhatsApp|Maverick|46708275344@s.whatsapp.net|Twilight Grey||Some old fashioned tape playing thing?|01.04.2021 08:33:24 UTC+02:00  |Outgoing|
WhatsApp|Maverick|46708275344@s.whatsapp.net|Twilight Grey||Hey all. Goose isn't talking to me, but there's still work to be done. I am going out for a recon. Looking for business as usual...|01.04.2021 18:11:01 UTC+02:00  |Outgoing|
WhatsApp|Maverick|46708275344@s.whatsapp.net|Twilight Grey|||01.04.2021 18:11:09 UTC+02:00  |Outgoing|"{""Path"": ""Maverick_Samsung_Galaxy_S21/Attachments/File/0/Messages-Chat/Messages-Chat_2072/0.jpg"", ""id"": 771}"
WhatsApp|Maverick|46708275344@s.whatsapp.net|Twilight Grey||Must think he is rock hard...|01.04.2021 19:07:35 UTC+02:00  |Outgoing|"{""Path"": ""Maverick_Samsung_Galaxy_S21/Attachments/File/0/Messages-Chat/Messages-Chat_2083/0.jpg"", ""id"": 782}"
WhatsApp|Maverick|46708275344@s.whatsapp.net|Twilight Grey||Jets won...|01.04.2021 21:50:34 UTC+02:00  |Outgoing|
WhatsApp|Twilight Grey|46762725331@s.whatsapp.net|Goose System|||02.04.2021 13:00:17 UTC+02:00  |Incoming|"{""Path"": ""Maverick_Samsung_Galaxy_S21/Attachments/File/0/Messages-Chat/Messages-Chat_2090/0.jpg"", ""id"": 789}"
WhatsApp|Goldfinger|46702578150@s.whatsapp.net|Twilight Grey||Yummy|02.04.2021 15:54:01 UTC+02:00  |Incoming|
WhatsApp|Maverick|46708275344@s.whatsapp.net|Twilight Grey||Looks like a nice Easter meal. Glad you can relax.|02.04.2021 15:54:01 UTC+02:00  |Outgoing|
WhatsApp|Maverick|46708275344@s.whatsapp.net|Twilight Grey||Just looked outside. We may have a problem....|02.04.2021 16:17:17 UTC+02:00  |Outgoing|"{""Path"": ""Maverick_Samsung_Galaxy_S21/Attachments/File/0/Messages-Chat/Messages-Chat_2095/0.jpg"", ""id"": 794}"
WhatsApp|status@broadcast|status@broadcast|Maverick|46708275344@s.whatsapp.net||14.02.2017 20:20:02 UTC+01:00  |Incoming|"{""Path"": ""Maverick_Samsung_Galaxy_S21/Attachments/File/0/Messages-Chat/Messages-Chat_1302/0.jpg"", ""id"": 1}"
WhatsApp|status@broadcast|status@broadcast|Maverick|46708275344@s.whatsapp.net||14.02.2017 20:20:03 UTC+01:00  |Incoming|"{""Path"": ""Maverick_Samsung_Galaxy_S21/Attachments/File/0/Messages-Chat/Messages-Chat_1303/0.jpg"", ""id"": 2}"
WhatsApp|status@broadcast|status@broadcast|Maverick|46708275344@s.whatsapp.net||14.02.2017 20:20:04 UTC+01:00  |Incoming|"{""Path"": ""Maverick_Samsung_Galaxy_S21/Attachments/File/0/Messages-Chat/Messages-Chat_1304/0.jpg"", ""id"": 3}"
WhatsApp|status@broadcast|status@broadcast|Maverick|46708275344@s.whatsapp.net||14.02.2017 20:20:05 UTC+01:00  |Incoming|"{""Path"": ""Maverick_Samsung_Galaxy_S21/Attachments/File/0/Messages-Chat/Messages-Chat_1305/0.jpg"", ""id"": 4}"
WhatsApp|status@broadcast|status@broadcast|Maverick|46708275344@s.whatsapp.net||14.02.2017 20:20:06 UTC+01:00  |Incoming|"{""Path"": ""Maverick_Samsung_Galaxy_S21/Attachments/File/0/Messages-Chat/Messages-Chat_1306/0.jpg"", ""id"": 5}"
WhatsApp|status@broadcast|status@broadcast|Maverick|46708275344@s.whatsapp.net||17.02.2017 03:53:21 UTC+01:00  |Incoming|"{""Path"": ""Maverick_Samsung_Galaxy_S21/Attachments/File/0/Messages-Chat/Messages-Chat_1307/0.jpg"", ""id"": 6}"
WhatsApp|status@broadcast|status@broadcast|Maverick|46708275344@s.whatsapp.net||17.02.2017 03:53:22 UTC+01:00  |Incoming|"{""Path"": ""Maverick_Samsung_Galaxy_S21/Attachments/File/0/Messages-Chat/Messages-Chat_1308/0.jpg"", ""id"": 7}"
WhatsApp|status@broadcast|status@broadcast|Maverick|46708275344@s.whatsapp.net||17.02.2017 03:53:23 UTC+01:00  |Incoming|"{""Path"": ""Maverick_Samsung_Galaxy_S21/Attachments/File/0/Messages-Chat/Messages-Chat_1309/0.jpg"", ""id"": 8}"
WhatsApp|status@broadcast|status@broadcast|Maverick|46708275344@s.whatsapp.net||17.02.2017 03:53:24 UTC+01:00  |Incoming|"{""Path"": ""Maverick_Samsung_Galaxy_S21/Attachments/File/0/Messages-Chat/Messages-Chat_1310/0.jpg"", ""id"": 9}"
WhatsApp|status@broadcast|status@broadcast|Maverick|46708275344@s.whatsapp.net||17.02.2017 03:53:24 UTC+01:00|Incoming|"{""Path"": ""Maverick_Samsung_Galaxy_S21/Attachments/File/0/Messages-Chat/Messages-Chat_1301/0.jpg"", ""id"": 0}"
WhatsApp|Goose System|46736673785@s.whatsapp.net|Maverick|46708275344@s.whatsapp.net|Oh really Mav, nah I hate it when she does that....|20.02.2021 12:39:18 UTC+01:00  |Incoming|
WhatsApp|Goose System|46736673785@s.whatsapp.net|Maverick|46708275344@s.whatsapp.net|😄|20.02.2021 12:39:22 UTC+01:00  |Incoming|
WhatsApp|Goose System|46736673785@s.whatsapp.net|Maverick|46708275344@s.whatsapp.net|Top Gun!|20.02.2021 12:39:40 UTC+01:00  |Incoming|
WhatsApp|Goose System|46736673785@s.whatsapp.net|Maverick|46708275344@s.whatsapp.net||20.02.2021 12:40:09 UTC+01:00  |Incoming|"{""Path"": ""Maverick_Samsung_Galaxy_S21/Attachments/File/0/Messages-Chat/Messages-Chat_1315/0.jpg"", ""id"": 14}"
WhatsApp|Maverick|46708275344@s.whatsapp.net|Goose System|46736673785@s.whatsapp.net||20.02.2021 12:40:32 UTC+01:00  |Outgoing|"{""Path"": ""Maverick_Samsung_Galaxy_S21/Attachments/File/0/Messages-Chat/Messages-Chat_1316/0.jpg"", ""id"": 15}"
WhatsApp|Maverick|46708275344@s.whatsapp.net|Goose System|46736673785@s.whatsapp.net||20.02.2021 12:40:58 UTC+01:00  |Outgoing|"{""Path"": ""Maverick_Samsung_Galaxy_S21/Attachments/File/0/Messages-Chat/Messages-Chat_1317/0.jpg"", ""id"": 16}"
WhatsApp|Goose System|46736673785@s.whatsapp.net|Maverick|46708275344@s.whatsapp.net|Hey man. Just made contact with an old friend who wants to join the crew. You good for an intro?|20.02.2021 14:28:05 UTC+01:00  |Incoming|
WhatsApp|Goose System|46736673785@s.whatsapp.net|Maverick|46708275344@s.whatsapp.net|Name is Goldfinger....|20.02.2021 14:28:13 UTC+01:00  |Incoming|
WhatsApp|Maverick|46708275344@s.whatsapp.net|Goose System|46736673785@s.whatsapp.net|Err OK not sure man. Need to be careful here. Let's restrict comms until we know who to trust?|20.02.2021 14:29:56 UTC+01:00  |Outgoing|
WhatsApp|Goose System|46736673785@s.whatsapp.net|Maverick|46708275344@s.whatsapp.net|Let's be cool for now.|20.02.2021 16:30:56 UTC+01:00  |Incoming|
WhatsApp|Maverick|46708275344@s.whatsapp.net|Goose System|46736673785@s.whatsapp.net||20.02.2021 16:52:58 UTC+01:00  |Outgoing|"{""Path"": ""Maverick_Samsung_Galaxy_S21/Attachments/File/0/Messages-Chat/Messages-Chat_1322/0.jpg"", ""id"": 21}"
WhatsApp|Maverick|46708275344@s.whatsapp.net|Goose System|46736673785@s.whatsapp.net|Let's go look|22.02.2021 18:12:34 UTC+01:00  |Outgoing|
WhatsApp|Maverick|46708275344@s.whatsapp.net|Goose System|46736673785@s.whatsapp.net||22.02.2021 20:03:07 UTC+01:00  |Outgoing|"{""Path"": ""Maverick_Samsung_Galaxy_S21/Attachments/File/0/Messages-Chat/Messages-Chat_1327/0.jpg"", ""id"": 26}"
WhatsApp|Maverick|46708275344@s.whatsapp.net|Goose System|46736673785@s.whatsapp.net||23.02.2021 18:27:47 UTC+01:00  |Outgoing|"{""Path"": ""Maverick_Samsung_Galaxy_S21/Attachments/File/0/Messages-Chat/Messages-Chat_1329/0.jpg"", ""id"": 28}"
WhatsApp|Maverick|46708275344@s.whatsapp.net|Goose System|46736673785@s.whatsapp.net|Good place to stash some gear?|23.02.2021 18:28:02 UTC+01:00  |Outgoing|
WhatsApp|Maverick|46708275344@s.whatsapp.net|Goose System|46736673785@s.whatsapp.net|I think it's time to tool up for protection...|25.02.2021 13:15:41 UTC+01:00  |Outgoing|"{""Path"": ""Maverick_Samsung_Galaxy_S21/Attachments/File/0/Messages-Chat/Messages-Chat_1349/0.jpg"", ""id"": 48}"
WhatsApp|Goose System|46736673785@s.whatsapp.net|Maverick|46708275344@s.whatsapp.net|Damn that's some serious hardware dude. Where d'u get dat from???|25.02.2021 13:16:41 UTC+01:00  |Incoming|
WhatsApp|Maverick|46708275344@s.whatsapp.net|Goose System|46736673785@s.whatsapp.net|We may have to steal a car tomorrow....|25.02.2021 13:26:11 UTC+01:00  |Outgoing|
WhatsApp|Maverick|46708275344@s.whatsapp.net|Goose System|46736673785@s.whatsapp.net||25.02.2021 13:26:45 UTC+01:00  |Outgoing|"{""Path"": ""Maverick_Samsung_Galaxy_S21/Attachments/File/0/Messages-Chat/Messages-Chat_1352/0.jpg"", ""id"": 51}"
WhatsApp|Maverick|46708275344@s.whatsapp.net|Goose System|46736673785@s.whatsapp.net|Get looking for some sweet wheels like this 👀|25.02.2021 13:27:49 UTC+01:00  |Outgoing|
WhatsApp|Goose System|46736673785@s.whatsapp.net|Maverick|46708275344@s.whatsapp.net|https://www.facebook.com/classictvmoments/videos/406900933227178/?sfnsn=wa|12.03.2021 20:21:20 UTC+01:00  |Incoming|
WhatsApp|Goose System|46736673785@s.whatsapp.net|Maverick|46708275344@s.whatsapp.net||20.03.2021 16:05:03 UTC+01:00  |Incoming|"{""Path"": ""Maverick_Samsung_Galaxy_S21/Attachments/File/0/Messages-Chat/Messages-Chat_1803/0.jpg"", ""id"": 502}"
WhatsApp|Goose System|46736673785@s.whatsapp.net|Maverick|46708275344@s.whatsapp.net|Ok so where and when does Mr Big show up???|20.03.2021 16:11:22 UTC+01:00  |Incoming|
WhatsApp|Maverick|46708275344@s.whatsapp.net|Goose System|46736673785@s.whatsapp.net|Usual time and place. Deal is done for today Goose.|20.03.2021 17:27:04 UTC+01:00  |Outgoing|
WhatsApp|Maverick|46708275344@s.whatsapp.net|Goose System|46736673785@s.whatsapp.net|Goose younda bomb 💣|24.03.2021 08:31:33 UTC+01:00  |Outgoing|
WhatsApp|Maverick|46708275344@s.whatsapp.net|Goose System|46736673785@s.whatsapp.net||24.03.2021 08:31:40 UTC+01:00  |Outgoing|"{""Path"": ""Maverick_Samsung_Galaxy_S21/Attachments/File/0/Messages-Chat/Messages-Chat_1846/0.jpg"", ""id"": 545}"
WhatsApp|Goose System|46736673785@s.whatsapp.net|Maverick|46708275344@s.whatsapp.net||24.03.2021 08:33:25 UTC+01:00  |Incoming|
WhatsApp|Goose System|46736673785@s.whatsapp.net|Maverick|46708275344@s.whatsapp.net|LMAO|24.03.2021 08:33:27 UTC+01:00  |Incoming|
WhatsApp|Goose System|46736673785@s.whatsapp.net|Maverick|46708275344@s.whatsapp.net|[ ] Bad words list [ ] Bomb [ ] Gun [ ] Drugs [ ] Naked [ ] Sex [ ] Fuck [ ] Shit [ ] Bastard [ ] Cunt [ ]|24.03.2021 08:35:35 UTC+01:00  |Incoming|
WhatsApp|Maverick|46708275344@s.whatsapp.net|Goose System|46736673785@s.whatsapp.net|If it goes to shit, this is where I am ..|24.03.2021 18:20:01 UTC+01:00  |Outgoing|
WhatsApp|Maverick|46708275344@s.whatsapp.net|Goose System|46736673785@s.whatsapp.net||24.03.2021 18:20:08 UTC+01:00  |Outgoing|"{""Path"": ""Maverick_Samsung_Galaxy_S21/Attachments/File/0/Messages-Chat/Messages-Chat_1865/0.jpg"", ""id"": 564}"
WhatsApp|Maverick|46708275344@s.whatsapp.net|Goose System|46736673785@s.whatsapp.net|Dude where the hell r u?|24.03.2021 19:03:51 UTC+01:00  |Outgoing|
WhatsApp|Goose System|46736673785@s.whatsapp.net|Maverick|46708275344@s.whatsapp.net|Ah man so sorry. Dead battery on phone but didn't spot it until this morning. my bad.|25.03.2021 08:33:38 UTC+01:00  |Incoming|
WhatsApp|Goose System|46736673785@s.whatsapp.net|Maverick|46708275344@s.whatsapp.net|How did it go? Are we rich now?|25.03.2021 08:33:52 UTC+01:00  |Incoming|
WhatsApp|Maverick|46708275344@s.whatsapp.net|Goose System|46736673785@s.whatsapp.net|Yes but no thanks to you.|25.03.2021 08:37:40 UTC+01:00  |Outgoing|
WhatsApp|Maverick|46708275344@s.whatsapp.net|Goose System|46736673785@s.whatsapp.net|I am taking 20% off your cut as punishment|25.03.2021 08:38:01 UTC+01:00  |Outgoing|
WhatsApp|Goose System|46736673785@s.whatsapp.net|Maverick|46708275344@s.whatsapp.net|No fucking way!!!!|25.03.2021 08:39:05 UTC+01:00  |Incoming|
WhatsApp|Maverick|46708275344@s.whatsapp.net|Goose System|46736673785@s.whatsapp.net|Yes way. Come over and we can have it out now....|25.03.2021 08:41:18 UTC+01:00  |Outgoing|
WhatsApp|Goose System|46736673785@s.whatsapp.net|Maverick|46708275344@s.whatsapp.net|I am coming now MF|25.03.2021 08:41:43 UTC+01:00  |Incoming|
WhatsApp|Goose System|46736673785@s.whatsapp.net|Maverick|46708275344@s.whatsapp.net|Right so now we have this resolved. Let's get on with business|25.03.2021 15:07:41 UTC+01:00  |Incoming|
WhatsApp|Goose System|46736673785@s.whatsapp.net|Maverick|46708275344@s.whatsapp.net||25.03.2021 15:07:57 UTC+01:00  |Incoming|"{""Path"": ""Maverick_Samsung_Galaxy_S21/Attachments/File/0/Messages-Chat/Messages-Chat_1885/0.jpg"", ""id"": 584}"
WhatsApp|Maverick|46708275344@s.whatsapp.net|Goose System|46736673785@s.whatsapp.net|Where you at?|25.03.2021 18:39:27 UTC+01:00  |Outgoing|
WhatsApp|Goose System|46736673785@s.whatsapp.net|Maverick|46708275344@s.whatsapp.net|Available|25.03.2021 18:41:44 UTC+01:00  |Incoming|
WhatsApp|Maverick|46708275344@s.whatsapp.net|Goose System|46736673785@s.whatsapp.net||25.03.2021 18:42:02 UTC+01:00  |Outgoing|"{""Path"": ""Maverick_Samsung_Galaxy_S21/Attachments/File/0/Messages-Chat/Messages-Chat_1888/0.jpg"", ""id"": 587}"
WhatsApp|Maverick|46708275344@s.whatsapp.net|Goose System|46736673785@s.whatsapp.net|Meet me at Barkaby Train Station ASAP|25.03.2021 18:42:23 UTC+01:00  |Outgoing|
WhatsApp|Goose System|46736673785@s.whatsapp.net|Maverick|46708275344@s.whatsapp.net|Ok and if I do, do I get paid?|25.03.2021 18:43:18 UTC+01:00  |Incoming|
WhatsApp|Maverick|46708275344@s.whatsapp.net|Goose System|46736673785@s.whatsapp.net|FFS yes. Just get there now|25.03.2021 18:43:43 UTC+01:00  |Outgoing|
WhatsApp|Goose System|46736673785@s.whatsapp.net|Maverick|46708275344@s.whatsapp.net|Ok ok I am coming|25.03.2021 18:44:09 UTC+01:00  |Incoming|
WhatsApp|Goose System|46736673785@s.whatsapp.net|Maverick|46708275344@s.whatsapp.net|5 mins away|25.03.2021 18:56:18 UTC+01:00  |Incoming|
WhatsApp|Maverick|46708275344@s.whatsapp.net|Goose System|46736673785@s.whatsapp.net|Good I meet Mr Big at top elevator by bus stop.  You be at bottom for insurance|25.03.2021 18:57:39 UTC+01:00  |Outgoing|
WhatsApp|Goose System|46736673785@s.whatsapp.net|Maverick|46708275344@s.whatsapp.net|Yes yes|25.03.2021 18:57:58 UTC+01:00  |Incoming|
WhatsApp|Maverick|46708275344@s.whatsapp.net|Goose System|46736673785@s.whatsapp.net|Mr Big below. Watch him|25.03.2021 19:04:36 UTC+01:00  |Outgoing|
WhatsApp|Maverick|46708275344@s.whatsapp.net|Goose System|46736673785@s.whatsapp.net|I leave bag in elevator|25.03.2021 19:04:44 UTC+01:00  |Outgoing|
WhatsApp|Goose System|46736673785@s.whatsapp.net|Maverick|46708275344@s.whatsapp.net|I am watching|25.03.2021 19:05:48 UTC+01:00  |Incoming|"{""Path"": ""Maverick_Samsung_Galaxy_S21/Attachments/File/0/Messages-Chat/Messages-Chat_1898/0.jpg"", ""id"": 597}"
WhatsApp|Goose System|46736673785@s.whatsapp.net|Maverick|46708275344@s.whatsapp.net|Can't see him?|25.03.2021 19:05:54 UTC+01:00  |Incoming|
WhatsApp|Goose System|46736673785@s.whatsapp.net|Maverick|46708275344@s.whatsapp.net||25.03.2021 19:07:17 UTC+01:00  |Incoming|"{""Path"": ""Maverick_Samsung_Galaxy_S21/Attachments/File/0/Messages-Chat/Messages-Chat_1900/0.jpg"", ""id"": 599}"
WhatsApp|Goose System|46736673785@s.whatsapp.net|Maverick|46708275344@s.whatsapp.net|He's watching from bus stop|25.03.2021 19:07:26 UTC+01:00  |Incoming|
WhatsApp|Maverick|46708275344@s.whatsapp.net|Goose System|46736673785@s.whatsapp.net|Cool thanks. Going in wish me luck|25.03.2021 19:07:55 UTC+01:00  |Outgoing|
WhatsApp|Goose System|46736673785@s.whatsapp.net|Maverick|46708275344@s.whatsapp.net||26.03.2021 14:42:28 UTC+01:00  |Incoming|"{""Path"": ""Maverick_Samsung_Galaxy_S21/Attachments/File/0/Messages-Chat/Messages-Chat_1914/0.jpg"", ""id"": 613}"
WhatsApp|Goose System|46736673785@s.whatsapp.net|Maverick|46708275344@s.whatsapp.net|Meet me here soon|26.03.2021 18:59:36 UTC+01:00  |Incoming|"{""Path"": ""Maverick_Samsung_Galaxy_S21/Attachments/File/0/Messages-Chat/Messages-Chat_1932/0.jpg"", ""id"": 631}"
WhatsApp|Goose System|46736673785@s.whatsapp.net|Maverick|46708275344@s.whatsapp.net||26.03.2021 18:59:41 UTC+01:00  |Incoming|"{""Path"": ""Maverick_Samsung_Galaxy_S21/Attachments/File/0/Messages-Chat/Messages-Chat_1933/0.jpg"", ""id"": 632}"
WhatsApp|Maverick|46708275344@s.whatsapp.net|Goose System|46736673785@s.whatsapp.net|OK 5 mins|26.03.2021 19:00:05 UTC+01:00  |Outgoing|
WhatsApp|Maverick|46708275344@s.whatsapp.net|Goose System|46736673785@s.whatsapp.net|Wake up u lazy bastard!!!  I can't do this all on my own.|27.03.2021 15:19:02 UTC+01:00  |Outgoing|
WhatsApp|Goose System|46736673785@s.whatsapp.net|Maverick|46708275344@s.whatsapp.net|Aww sorry man. You know me Captain Dozy. Had a rough night and battery went dead again. Soz|27.03.2021 16:50:18 UTC+01:00  |Incoming|
WhatsApp|Maverick|46708275344@s.whatsapp.net|Goose System|46736673785@s.whatsapp.net|https://www.miltonsdiamonds.com/news/2020/08/guide-to-buying-second-hand-jewellery/|28.03.2021 12:37:37 UTC+02:00  |Outgoing|
WhatsApp|Maverick|46708275344@s.whatsapp.net|Goose System|46736673785@s.whatsapp.net||28.03.2021 18:46:45 UTC+02:00  |Outgoing|"{""Path"": ""Maverick_Samsung_Galaxy_S21/Attachments/File/0/Messages-Chat/Messages-Chat_1971/0.jpg"", ""id"": 670}"
WhatsApp|Maverick|46708275344@s.whatsapp.net|Goose System|46736673785@s.whatsapp.net|UB40 Food for Thought|28.03.2021 18:47:16 UTC+02:00  |Outgoing|
WhatsApp|Goose System|46736673785@s.whatsapp.net|Maverick|46708275344@s.whatsapp.net|Ah yes. Makes you think 🤔|28.03.2021 18:47:45 UTC+02:00  |Incoming|
WhatsApp|Maverick|46708275344@s.whatsapp.net|Goose System|46736673785@s.whatsapp.net|This guy might be following me ...|29.03.2021 18:52:09 UTC+02:00  |Outgoing|
WhatsApp|Maverick|46708275344@s.whatsapp.net|Goose System|46736673785@s.whatsapp.net||29.03.2021 18:52:15 UTC+02:00  |Outgoing|"{""Path"": ""Maverick_Samsung_Galaxy_S21/Attachments/File/0/Messages-Chat/Messages-Chat_1989/0.jpg"", ""id"": 688}"
WhatsApp|Maverick|46708275344@s.whatsapp.net|Goose System|46736673785@s.whatsapp.net|You are Easter scum 😅|29.03.2021 19:29:49 UTC+02:00  |Outgoing|"{""Path"": ""Maverick_Samsung_Galaxy_S21/Attachments/File/0/Messages-Chat/Messages-Chat_1996/0.jpg"", ""id"": 695}"
WhatsApp|Goose System|46736673785@s.whatsapp.net|Maverick|46708275344@s.whatsapp.net|Screw you|29.03.2021 20:23:25 UTC+02:00  |Incoming|
WhatsApp|Maverick|46708275344@s.whatsapp.net|Goose System|46736673785@s.whatsapp.net|You following me ???|30.03.2021 18:14:32 UTC+02:00  |Outgoing|"{""Path"": ""Maverick_Samsung_Galaxy_S21/Attachments/File/0/Messages-Chat/Messages-Chat_2015/0.jpg"", ""id"": 714}"
WhatsApp|Goose System|46736673785@s.whatsapp.net|Maverick|46708275344@s.whatsapp.net|Ha yes obviously 😜|30.03.2021 18:15:08 UTC+02:00  |Incoming|
WhatsApp|Maverick|46708275344@s.whatsapp.net|Goose System|46736673785@s.whatsapp.net|Check this guy out|30.03.2021 18:23:58 UTC+02:00  |Outgoing|"{""Path"": ""Maverick_Samsung_Galaxy_S21/Attachments/File/0/Messages-Chat/Messages-Chat_2018/0.jpg"", ""id"": 717}"
WhatsApp|Goose System|46736673785@s.whatsapp.net|Maverick|46708275344@s.whatsapp.net|Not your man.|30.03.2021 18:25:09 UTC+02:00  |Incoming|
WhatsApp|Goose System|46736673785@s.whatsapp.net|Maverick|46708275344@s.whatsapp.net|I am watching now from over the street.....|30.03.2021 18:25:22 UTC+02:00  |Incoming|
WhatsApp|Goose System|46736673785@s.whatsapp.net|Maverick|46708275344@s.whatsapp.net|That's your man|30.03.2021 18:27:08 UTC+02:00  |Incoming|"{""Path"": ""Maverick_Samsung_Galaxy_S21/Attachments/File/0/Messages-Chat/Messages-Chat_2021/0.jpg"", ""id"": 720}"
WhatsApp|Goose System|46736673785@s.whatsapp.net|Maverick|46708275344@s.whatsapp.net|Incoming|30.03.2021 18:28:29 UTC+02:00  |Incoming|
WhatsApp|Goose System|46736673785@s.whatsapp.net|Maverick|46708275344@s.whatsapp.net||30.03.2021 18:28:37 UTC+02:00  |Incoming|"{""Path"": ""Maverick_Samsung_Galaxy_S21/Attachments/File/0/Messages-Chat/Messages-Chat_2023/0.jpg"", ""id"": 722}"
WhatsApp|Maverick|46708275344@s.whatsapp.net|Goose System|46736673785@s.whatsapp.net|Cool 😎|30.03.2021 18:33:08 UTC+02:00  |Outgoing|
WhatsApp|Goose System|46736673785@s.whatsapp.net|Maverick|46708275344@s.whatsapp.net|Ok I'm bugging out Mav|30.03.2021 18:34:56 UTC+02:00  |Incoming|
WhatsApp|Maverick|46708275344@s.whatsapp.net|Goose System|46736673785@s.whatsapp.net|Cool|30.03.2021 18:35:53 UTC+02:00  |Outgoing|
WhatsApp|Goose System|46736673785@s.whatsapp.net|Maverick|46708275344@s.whatsapp.net|Sent from Viber https://www.viber.com/invite/7aa60cc90bb97bd70c51ea8920b8c3372e27a6251bccfd43deba75570636456a|31.03.2021 18:23:41 UTC+02:00  |Incoming|"{""Path"": ""Maverick_Samsung_Galaxy_S21/Attachments/File/0/Messages-Chat/Messages-Chat_2047/0.jpg"", ""id"": 746}"
WhatsApp|Goose System|46736673785@s.whatsapp.net|Maverick|46708275344@s.whatsapp.net|You seeing this shit?  She's snorting the product????|31.03.2021 18:23:58 UTC+02:00  |Incoming|
WhatsApp|Maverick|46708275344@s.whatsapp.net|Goose System|46736673785@s.whatsapp.net|Oh christ just what we don't need...|31.03.2021 18:29:54 UTC+02:00  |Outgoing|
WhatsApp|Maverick|46708275344@s.whatsapp.net|Goose System|46736673785@s.whatsapp.net|Bro it's been 24hrs. Let's talk|01.04.2021 18:09:04 UTC+02:00  |Outgoing|
WhatsApp|Goose System|46736673785@s.whatsapp.net|Maverick|46708275344@s.whatsapp.net|No man. You're going too far this time Mav. I have thought it through. My answer is no.|01.04.2021 18:12:36 UTC+02:00  |Incoming|
WhatsApp|Maverick|46708275344@s.whatsapp.net|Goose System|46736673785@s.whatsapp.net|Bad call. You will regret this...|01.04.2021 18:16:55 UTC+02:00  |Outgoing|
WhatsApp|Goose System|46736673785@s.whatsapp.net|Maverick|46708275344@s.whatsapp.net|What do you mean????|01.04.2021 18:18:53 UTC+02:00  |Incoming|
WhatsApp|Maverick|46708275344@s.whatsapp.net|Goose System|46736673785@s.whatsapp.net|I mean nobody leaves unless I say so..|01.04.2021 18:25:13 UTC+02:00  |Outgoing|
WhatsApp|Goose System|46736673785@s.whatsapp.net|Maverick|46708275344@s.whatsapp.net|If you try anything man. I will be ready for you. Don't think you can frighten me..|01.04.2021 18:59:23 UTC+02:00  |Incoming|
WhatsApp|Maverick|46708275344@s.whatsapp.net|Goose System|46736673785@s.whatsapp.net|Looks like I already did...|01.04.2021 19:00:08 UTC+02:00  |Outgoing|
WhatsApp|Maverick|46708275344@s.whatsapp.net|Goose System|46736673785@s.whatsapp.net||01.04.2021 19:00:28 UTC+02:00  |Outgoing|"{""Path"": ""Maverick_Samsung_Galaxy_S21/Attachments/File/0/Messages-Chat/Messages-Chat_2079/0.jpg"", ""id"": 778}"
WhatsApp|Goose System|46736673785@s.whatsapp.net|Maverick|46708275344@s.whatsapp.net|You leave me no choice Mav|01.04.2021 19:09:09 UTC+02:00  |Incoming|
WhatsApp|Maverick|46708275344@s.whatsapp.net|Goose System|46736673785@s.whatsapp.net|Tut tut....|01.04.2021 19:11:30 UTC+02:00  |Outgoing|
WhatsApp|Maverick|46708275344@s.whatsapp.net|Goose System|46736673785@s.whatsapp.net|Hey buddy. I think she just lost that loving feeling?|01.04.2021 19:11:30 UTC+02:00|Outgoing|
WhatsApp|Twilight Grey|46762725331@s.whatsapp.net|Maverick|46708275344@s.whatsapp.net|🤪|21.02.2021 15:42:20 UTC+01:00  |Incoming|
WhatsApp|Maverick|46708275344@s.whatsapp.net|Twilight Grey|46762725331@s.whatsapp.net||22.02.2021 20:47:20 UTC+01:00  |Outgoing|
WhatsApp|Maverick|46708275344@s.whatsapp.net|Twilight Grey|46762725331@s.whatsapp.net||27.02.2021 17:36:41 UTC+01:00  |Outgoing|"{""Path"": ""Maverick_Samsung_Galaxy_S21/Attachments/File/0/Messages-Chat/Messages-Chat_1413/0.jpg"", ""id"": 112}"
WhatsApp|Maverick|46708275344@s.whatsapp.net|Twilight Grey|46762725331@s.whatsapp.net|For you|27.02.2021 17:36:46 UTC+01:00  |Outgoing|
WhatsApp|Maverick|46708275344@s.whatsapp.net|Twilight Grey|46762725331@s.whatsapp.net|What ya doin now?|27.02.2021 19:46:32 UTC+01:00  |Outgoing|
WhatsApp|Twilight Grey|46762725331@s.whatsapp.net|Maverick|46708275344@s.whatsapp.net|Looking good👌|27.02.2021 19:50:32 UTC+01:00  |Incoming|
WhatsApp|Twilight Grey|46762725331@s.whatsapp.net|Maverick|46708275344@s.whatsapp.net|Not much, you?|27.02.2021 19:50:48 UTC+01:00  |Incoming|
WhatsApp|Maverick|46708275344@s.whatsapp.net|Twilight Grey|46762725331@s.whatsapp.net||27.02.2021 19:54:00 UTC+01:00  |Outgoing|"{""Path"": ""Maverick_Samsung_Galaxy_S21/Attachments/File/0/Messages-Chat/Messages-Chat_1422/0.jpg"", ""id"": 121}"
WhatsApp|Twilight Grey|46762725331@s.whatsapp.net|Maverick|46708275344@s.whatsapp.net|This is where the buy bitcoin car was😉|03.03.2021 06:40:29 UTC+01:00  |Incoming|"{""Path"": ""Maverick_Samsung_Galaxy_S21/Attachments/File/0/Messages-Chat/Messages-Chat_1448/0.jpg"", ""id"": 147}"
WhatsApp|Maverick|46708275344@s.whatsapp.net|Twilight Grey|46762725331@s.whatsapp.net|Ah nice a piece of fame! Just need an aeroplane to write it in the sky now!|03.03.2021 08:40:34 UTC+01:00  |Outgoing|
WhatsApp|Twilight Grey|46762725331@s.whatsapp.net|Maverick|46708275344@s.whatsapp.net|My thoughts exactly 😅|03.03.2021 20:35:59 UTC+01:00  |Incoming|
WhatsApp|Maverick|46708275344@s.whatsapp.net|Twilight Grey|46762725331@s.whatsapp.net|Kept these behind for you|07.03.2021 08:02:04 UTC+01:00  |Outgoing|"{""Path"": ""Maverick_Samsung_Galaxy_S21/Attachments/File/0/Messages-Chat/Messages-Chat_1526/0.jpg"", ""id"": 225}"
WhatsApp|Twilight Grey|46762725331@s.whatsapp.net|Maverick|46708275344@s.whatsapp.net|Oh I like|07.03.2021 22:16:50 UTC+01:00  |Incoming|
WhatsApp|Maverick|46708275344@s.whatsapp.net|Twilight Grey|46762725331@s.whatsapp.net|Oh no!|09.03.2021 10:48:52 UTC+01:00  |Outgoing|"{""Path"": ""Maverick_Samsung_Galaxy_S21/Attachments/File/0/Messages-Chat/Messages-Chat_1560/0.jpg"", ""id"": 259}"
WhatsApp|Twilight Grey|46762725331@s.whatsapp.net|Maverick|46708275344@s.whatsapp.net|Oh nononono|09.03.2021 10:57:21 UTC+01:00  |Incoming|
WhatsApp|Maverick|46708275344@s.whatsapp.net|Twilight Grey|46762725331@s.whatsapp.net||09.03.2021 15:05:42 UTC+01:00  |Outgoing|"{""Path"": ""Maverick_Samsung_Galaxy_S21/Attachments/File/0/Messages-Chat/Messages-Chat_1563/0.jpg"", ""id"": 262}"
WhatsApp|Maverick|46708275344@s.whatsapp.net|Twilight Grey|46762725331@s.whatsapp.net|Check it out. There is a tool to remove telegraph poles!|10.03.2021 09:55:15 UTC+01:00  |Outgoing|"{""Path"": ""Maverick_Samsung_Galaxy_S21/Attachments/File/0/Messages-Chat/Messages-Chat_1578/0.jpg"", ""id"": 277}"
WhatsApp|Twilight Grey|46762725331@s.whatsapp.net|Maverick|46708275344@s.whatsapp.net|Wow that's cool|10.03.2021 10:06:47 UTC+01:00  |Incoming|
WhatsApp|Maverick|46708275344@s.whatsapp.net|Twilight Grey|46762725331@s.whatsapp.net||10.03.2021 20:46:10 UTC+01:00  |Outgoing|"{""Path"": ""Maverick_Samsung_Galaxy_S21/Attachments/File/0/Messages-Chat/Messages-Chat_1588/0.jpg"", ""id"": 287}"
WhatsApp|Maverick|46708275344@s.whatsapp.net|Twilight Grey|46762725331@s.whatsapp.net|Need a lift?|10.03.2021 20:46:17 UTC+01:00  |Outgoing|
WhatsApp|Twilight Grey|46762725331@s.whatsapp.net|Maverick|46708275344@s.whatsapp.net|😅|10.03.2021 22:15:37 UTC+01:00  |Incoming|
WhatsApp|Twilight Grey|46762725331@s.whatsapp.net|Maverick|46708275344@s.whatsapp.net|No I don't think so|10.03.2021 22:15:47 UTC+01:00  |Incoming|
WhatsApp|Maverick|46708275344@s.whatsapp.net|Twilight Grey|46762725331@s.whatsapp.net|Shame. OK well let me know if you ever want picking up and lifted to new heights 😅|11.03.2021 08:27:35 UTC+01:00  |Outgoing|
WhatsApp|Twilight Grey|46762725331@s.whatsapp.net|Maverick|46708275344@s.whatsapp.net|I will|11.03.2021 12:18:07 UTC+01:00  |Incoming|
WhatsApp|Maverick|46708275344@s.whatsapp.net|Twilight Grey|46762725331@s.whatsapp.net||11.03.2021 19:45:42 UTC+01:00  |Outgoing|"{""Path"": ""Maverick_Samsung_Galaxy_S21/Attachments/File/0/Messages-Chat/Messages-Chat_1607/0.jpg"", ""id"": 306}"
WhatsApp|Maverick|46708275344@s.whatsapp.net|Twilight Grey|46762725331@s.whatsapp.net|Thinking of getting a tattoo. What do u think? 😳|11.03.2021 19:46:01 UTC+01:00  |Outgoing|
WhatsApp|Twilight Grey|46762725331@s.whatsapp.net|Maverick|46708275344@s.whatsapp.net|Oh I like it|11.03.2021 20:16:27 UTC+01:00  |Incoming|
WhatsApp|Maverick|46708275344@s.whatsapp.net|Twilight Grey|46762725331@s.whatsapp.net|👍|11.03.2021 21:50:30 UTC+01:00  |Outgoing|
WhatsApp|Maverick|46708275344@s.whatsapp.net|Twilight Grey|46762725331@s.whatsapp.net|Cat burglar out tonight|12.03.2021 18:43:21 UTC+01:00  |Outgoing|"{""Path"": ""Maverick_Samsung_Galaxy_S21/Attachments/File/0/Messages-Chat/Messages-Chat_1626/0.jpg"", ""id"": 325}"
WhatsApp|Twilight Grey|46762725331@s.whatsapp.net|Maverick|46708275344@s.whatsapp.net|Wohoo|12.03.2021 21:12:59 UTC+01:00  |Incoming|
WhatsApp|Maverick|46708275344@s.whatsapp.net|Twilight Grey|46762725331@s.whatsapp.net||12.03.2021 21:20:14 UTC+01:00  |Outgoing|"{""Path"": ""Maverick_Samsung_Galaxy_S21/Attachments/File/0/Messages-Chat/Messages-Chat_1636/0.jpg"", ""id"": 335}"
WhatsApp|Twilight Grey|46762725331@s.whatsapp.net|Maverick|46708275344@s.whatsapp.net||12.03.2021 21:40:45 UTC+01:00  |Incoming|"{""Path"": ""Maverick_Samsung_Galaxy_S21/Attachments/File/0/Messages-Chat/Messages-Chat_1637/0.jpg"", ""id"": 336}"
WhatsApp|Maverick|46708275344@s.whatsapp.net|Twilight Grey|46762725331@s.whatsapp.net|https://youtube.com/watch?v=avaSdC0QOUM&feature=share|13.03.2021 16:10:35 UTC+01:00  |Outgoing|
WhatsApp|Twilight Grey|46762725331@s.whatsapp.net|Maverick|46708275344@s.whatsapp.net|Nooooooo|13.03.2021 18:57:16 UTC+01:00  |Incoming|
WhatsApp|Maverick|46708275344@s.whatsapp.net|Twilight Grey|46762725331@s.whatsapp.net|All mine!!!|13.03.2021 19:55:04 UTC+01:00  |Outgoing|"{""Path"": ""Maverick_Samsung_Galaxy_S21/Attachments/File/0/Messages-Chat/Messages-Chat_1667/0.jpg"", ""id"": 366}"
WhatsApp|Twilight Grey|46762725331@s.whatsapp.net|Maverick|46708275344@s.whatsapp.net|No all mine|14.03.2021 09:00:05 UTC+01:00  |Incoming|
WhatsApp|Maverick|46708275344@s.whatsapp.net|Twilight Grey|46762725331@s.whatsapp.net|😅|14.03.2021 13:17:04 UTC+01:00  |Outgoing|
WhatsApp|Maverick|46708275344@s.whatsapp.net|Twilight Grey|46762725331@s.whatsapp.net|Hello|14.03.2021 13:52:53 UTC+01:00  |Outgoing|"{""Path"": ""Maverick_Samsung_Galaxy_S21/Attachments/File/0/Messages-Chat/Messages-Chat_1673/0.jpg"", ""id"": 372}"
WhatsApp|Twilight Grey|46762725331@s.whatsapp.net|Maverick|46708275344@s.whatsapp.net|Hello to you to|14.03.2021 21:25:09 UTC+01:00  |Incoming|
WhatsApp|Maverick|46708275344@s.whatsapp.net|Twilight Grey|46762725331@s.whatsapp.net|I will log everything you say 🙂|15.03.2021 11:28:54 UTC+01:00  |Outgoing|"{""Path"": ""Maverick_Samsung_Galaxy_S21/Attachments/File/0/Messages-Chat/Messages-Chat_1694/0.jpg"", ""id"": 393}"
WhatsApp|Maverick|46708275344@s.whatsapp.net|Twilight Grey|46762725331@s.whatsapp.net||15.03.2021 16:36:31 UTC+01:00  |Outgoing|"{""Path"": ""Maverick_Samsung_Galaxy_S21/Attachments/File/0/Messages-Chat/Messages-Chat_1695/0.jpg"", ""id"": 394}"
WhatsApp|Twilight Grey|46762725331@s.whatsapp.net|Maverick|46708275344@s.whatsapp.net|Wood wood wood wood|15.03.2021 19:50:59 UTC+01:00  |Incoming|
WhatsApp|Maverick|46708275344@s.whatsapp.net|Twilight Grey|46762725331@s.whatsapp.net|Edward Woodwood 🙂|15.03.2021 21:23:48 UTC+01:00  |Outgoing|
WhatsApp|Twilight Grey|46762725331@s.whatsapp.net|Maverick|46708275344@s.whatsapp.net|Yeah|15.03.2021 22:46:00 UTC+01:00  |Incoming|
WhatsApp|Maverick|46708275344@s.whatsapp.net|Twilight Grey|46762725331@s.whatsapp.net|What do you call a deer with no eyes?|16.03.2021 09:40:58 UTC+01:00  |Outgoing|
WhatsApp|Twilight Grey|46762725331@s.whatsapp.net|Maverick|46708275344@s.whatsapp.net|I don't know|16.03.2021 19:57:46 UTC+01:00  |Incoming|
WhatsApp|Maverick|46708275344@s.whatsapp.net|Twilight Grey|46762725331@s.whatsapp.net|No idea (eye-deer) 😅|17.03.2021 12:29:37 UTC+01:00  |Outgoing|
WhatsApp|Maverick|46708275344@s.whatsapp.net|Twilight Grey|46762725331@s.whatsapp.net|What do you call a smelly, one eyed donkey with three legs?|17.03.2021 12:32:43 UTC+01:00  |Outgoing|
WhatsApp|Twilight Grey|46762725331@s.whatsapp.net|Maverick|46708275344@s.whatsapp.net|A wonky tonky smelly donkey|17.03.2021 14:35:30 UTC+01:00  |Incoming|
WhatsApp|Maverick|46708275344@s.whatsapp.net|Twilight Grey|46762725331@s.whatsapp.net|Haha that's better than the real joke 🤣  Stinky winky wonky donkey|17.03.2021 15:16:46 UTC+01:00  |Outgoing|
WhatsApp|Maverick|46708275344@s.whatsapp.net|Twilight Grey|46762725331@s.whatsapp.net|Mr Long Legs|17.03.2021 17:03:11 UTC+01:00  |Outgoing|"{""Path"": ""Maverick_Samsung_Galaxy_S21/Attachments/File/0/Messages-Chat/Messages-Chat_1749/0.jpg"", ""id"": 448}"
WhatsApp|Twilight Grey|46762725331@s.whatsapp.net|Maverick|46708275344@s.whatsapp.net|Yes I like my answer better😂|17.03.2021 18:25:12 UTC+01:00  |Incoming|
WhatsApp|Twilight Grey|46762725331@s.whatsapp.net|Maverick|46708275344@s.whatsapp.net|Haha you wish😝|17.03.2021 19:39:39 UTC+01:00  |Incoming|
WhatsApp|Maverick|46708275344@s.whatsapp.net|Twilight Grey|46762725331@s.whatsapp.net||19.03.2021 18:00:21 UTC+01:00  |Outgoing|"{""Path"": ""Maverick_Samsung_Galaxy_S21/Attachments/File/0/Messages-Chat/Messages-Chat_1787/0.jpg"", ""id"": 486}"
WhatsApp|Twilight Grey|46762725331@s.whatsapp.net|Maverick|46708275344@s.whatsapp.net|You mad😅|19.03.2021 20:13:56 UTC+01:00  |Incoming|
WhatsApp|Maverick|46708275344@s.whatsapp.net|Twilight Grey|46762725331@s.whatsapp.net||21.03.2021 12:24:48 UTC+01:00  |Outgoing|"{""Path"": ""Maverick_Samsung_Galaxy_S21/Attachments/File/0/Messages-Chat/Messages-Chat_1809/0.jpg"", ""id"": 508}"
WhatsApp|Twilight Grey|46762725331@s.whatsapp.net|Maverick|46708275344@s.whatsapp.net|👍|21.03.2021 20:01:16 UTC+01:00  |Incoming|
WhatsApp|Maverick|46708275344@s.whatsapp.net|Twilight Grey|46762725331@s.whatsapp.net|Little moon 🌙|23.03.2021 19:09:43 UTC+01:00  |Outgoing|"{""Path"": ""Maverick_Samsung_Galaxy_S21/Attachments/File/0/Messages-Chat/Messages-Chat_1838/0.jpg"", ""id"": 537}"
WhatsApp|Twilight Grey|46762725331@s.whatsapp.net|Maverick|46708275344@s.whatsapp.net|Oh lovely|23.03.2021 21:09:41 UTC+01:00  |Incoming|
WhatsApp|Maverick|46708275344@s.whatsapp.net|Twilight Grey|46762725331@s.whatsapp.net||23.03.2021 21:30:49 UTC+01:00  |Outgoing|"{""Path"": ""Maverick_Samsung_Galaxy_S21/Attachments/File/0/Messages-Chat/Messages-Chat_1844/0.jpg"", ""id"": 543}"
WhatsApp|Twilight Grey|46762725331@s.whatsapp.net|Maverick|46708275344@s.whatsapp.net|Lots of stones|24.03.2021 09:15:03 UTC+01:00  |Incoming|"{""Path"": ""Maverick_Samsung_Galaxy_S21/Attachments/File/0/Messages-Chat/Messages-Chat_1854/0.jpg"", ""id"": 553}"
WhatsApp|Twilight Grey|46762725331@s.whatsapp.net|Maverick|46708275344@s.whatsapp.net|💁|24.03.2021 09:35:54 UTC+01:00  |Incoming|
WhatsApp|Maverick|46708275344@s.whatsapp.net|Twilight Grey|46762725331@s.whatsapp.net|This is also getting stoned|24.03.2021 15:22:32 UTC+01:00  |Outgoing|"{""Path"": ""Maverick_Samsung_Galaxy_S21/Attachments/File/0/Messages-Chat/Messages-Chat_1859/0.jpg"", ""id"": 558}"
WhatsApp|Maverick|46708275344@s.whatsapp.net|Twilight Grey|46762725331@s.whatsapp.net|My new wheels 😎|24.03.2021 18:16:21 UTC+01:00  |Outgoing|"{""Path"": ""Maverick_Samsung_Galaxy_S21/Attachments/File/0/Messages-Chat/Messages-Chat_1863/0.jpg"", ""id"": 562}"
WhatsApp|Twilight Grey|46762725331@s.whatsapp.net|Maverick|46708275344@s.whatsapp.net|😂|24.03.2021 18:55:30 UTC+01:00  |Incoming|
WhatsApp|Twilight Grey|46762725331@s.whatsapp.net|Maverick|46708275344@s.whatsapp.net|Nice new wheels|24.03.2021 18:55:48 UTC+01:00  |Incoming|
WhatsApp|Maverick|46708275344@s.whatsapp.net|Twilight Grey|46762725331@s.whatsapp.net|You heading back to the station anytime soon?|30.03.2021 18:33:27 UTC+02:00  |Outgoing|
WhatsApp|Twilight Grey|46762725331@s.whatsapp.net|Maverick|46708275344@s.whatsapp.net|Sorry for the late answer but you already know|31.03.2021 15:20:22 UTC+02:00  |Incoming|
WhatsApp|Maverick|46708275344@s.whatsapp.net|Twilight Grey|46762725331@s.whatsapp.net|Haha. Yes and I beat you by a full minute!|31.03.2021 18:31:05 UTC+02:00  |Outgoing|
WhatsApp|Maverick|46708275344@s.whatsapp.net|Twilight Grey|46762725331@s.whatsapp.net||31.03.2021 22:23:30 UTC+02:00  |Outgoing|"{""Path"": ""Maverick_Samsung_Galaxy_S21/Attachments/File/0/Messages-Chat/Messages-Chat_2064/0.jpg"", ""id"": 763}"
WhatsApp|Maverick|46708275344@s.whatsapp.net|Twilight Grey|46762725331@s.whatsapp.net|Not noot|31.03.2021 22:23:35 UTC+02:00  |Outgoing|
WhatsApp|Maverick|46708275344@s.whatsapp.net|Twilight Grey|46762725331@s.whatsapp.net||01.04.2021 21:10:22 UTC+02:00  |Outgoing|"{""Path"": ""Maverick_Samsung_Galaxy_S21/Attachments/File/0/Messages-Chat/Messages-Chat_2087/0.jpg"", ""id"": 786}"
WhatsApp|Maverick|46708275344@s.whatsapp.net|Twilight Grey|46762725331@s.whatsapp.net|Let's talk 👄|02.04.2021 13:00:29 UTC+02:00|Outgoing|
WhatsApp|Twilight Grey|46762725331@s.whatsapp.net|Maverick|46708275344@s.whatsapp.net|😂😂|02.04.2021 13:00:29 UTC+02:00  |Incoming|
WhatsApp|Mike Jonson|447776466451@s.whatsapp.net|Maverick|46708275344@s.whatsapp.net|Sure. But due to Brexit, my prices have gone up...|25.02.2021 14:26:43 UTC+01:00  |Incoming|
WhatsApp|Maverick|46708275344@s.whatsapp.net|Mike Jonson||WTF... How much is it now?|25.02.2021 14:29:16 UTC+01:00  |Outgoing|
WhatsApp|Mike Jonson|447776466451@s.whatsapp.net|Maverick|46708275344@s.whatsapp.net||25.02.2021 14:30:46 UTC+01:00  |Incoming|"{""Path"": ""Maverick_Samsung_Galaxy_S21/Attachments/File/0/Messages-Chat/Messages-Chat_1369/0.jpg"", ""id"": 68}"
WhatsApp|Mike Jonson|447776466451@s.whatsapp.net|Maverick|46708275344@s.whatsapp.net|Got that stuff you asked for...|03.03.2021 18:50:19 UTC+01:00  |Incoming|
WhatsApp|Maverick|46708275344@s.whatsapp.net|Mike Jonson||OK cool. Laying low for a bit. Will be in touch.|03.03.2021 19:49:35 UTC+01:00  |Outgoing|
WhatsApp|Maverick|46708275344@s.whatsapp.net|Mike Jonson||So what's happening now?|11.03.2021 19:49:52 UTC+01:00  |Outgoing|
WhatsApp|Mike Jonson|447776466451@s.whatsapp.net|Maverick|46708275344@s.whatsapp.net|Nothing man. Just waiting for the next shipment.|11.03.2021 20:46:53 UTC+01:00  |Incoming|"{""Path"": ""Maverick_Samsung_Galaxy_S21/Attachments/File/0/Messages-Chat/Messages-Chat_1614/0.jpg"", ""id"": 313}"
WhatsApp|Maverick|46708275344@s.whatsapp.net|Mike Jonson||OK nice currency. I could do with 10 Trillion Dollars...|11.03.2021 21:50:17 UTC+01:00  |Outgoing|
WhatsApp|Mike Jonson|447776466451@s.whatsapp.net|Maverick|46708275344@s.whatsapp.net|Are you interested?|13.03.2021 08:48:49 UTC+01:00  |Incoming|"{""Path"": ""Maverick_Samsung_Galaxy_S21/Attachments/File/0/Messages-Chat/Messages-Chat_1638/0.jpg"", ""id"": 337}"
WhatsApp|Maverick|46708275344@s.whatsapp.net|Mike Jonson||Hell yer... how and when?|13.03.2021 10:34:36 UTC+01:00  |Outgoing|
WhatsApp|Mike Jonson|447776466451@s.whatsapp.net|Maverick|46708275344@s.whatsapp.net|Usual place, usual time, no more online questions. Call me when u r ready.|13.03.2021 11:51:51 UTC+01:00  |Incoming|
WhatsApp|Maverick|46708275344@s.whatsapp.net|Mike Jonson||So what's up...|18.03.2021 14:32:34 UTC+01:00  |Outgoing|
WhatsApp|Mike Jonson|447776466451@s.whatsapp.net|Maverick|46708275344@s.whatsapp.net|This should be fun...|18.03.2021 14:39:11 UTC+01:00  |Incoming|"{""Path"": ""Maverick_Samsung_Galaxy_S21/Attachments/File/0/Messages-Chat/Messages-Chat_1771/0.jpg"", ""id"": 470}"
WhatsApp|Mike Jonson|447776466451@s.whatsapp.net|Maverick|46708275344@s.whatsapp.net||18.03.2021 14:41:51 UTC+01:00  |Incoming|"{""Path"": ""Maverick_Samsung_Galaxy_S21/Attachments/File/0/Messages-Chat/Messages-Chat_1772/0.jpg"", ""id"": 471}"
WhatsApp|Maverick|46708275344@s.whatsapp.net|Mike Jonson||Hey man can you come to Stockholm. I got 2 jobs for you. Soon as you like. I will pay premium rates.|01.04.2021 19:04:02 UTC+02:00  |Outgoing|
WhatsApp|Maverick|46708275344@s.whatsapp.net|Mike Jonson||Got some trouble with a dealer and a former partner.  Need them both taken care of.|01.04.2021 19:05:07 UTC+02:00  |Outgoing|
WhatsApp|Maverick|46708275344@s.whatsapp.net|Mike Jonson||Your particular specialist skills are needed...|01.04.2021 19:05:42 UTC+02:00  |Outgoing|
WhatsApp|Mike Jonson|447776466451@s.whatsapp.net|Maverick|46708275344@s.whatsapp.net|Dude are you crazy? 1. Never discuss that type of business in chat 2. There is a global pandemic on, bit hard to travel at short notice. This is something you need to fix yourself locally. No can do.|01.04.2021 19:35:20 UTC+02:00  |Incoming|
WhatsApp|Maverick|46708275344@s.whatsapp.net|Mike Jonson||British Guy. You got contacts?|01.04.2021 21:50:21 UTC+02:00|Outgoing|
WhatsApp|Maverick|46708275344@s.whatsapp.net|Mike Jonson||OK ok sorry man.|01.04.2021 21:50:21 UTC+02:00  |Outgoing|
WhatsApp|Goldfinger|46702578150@s.whatsapp.net|Maverick|46708275344@s.whatsapp.net|Only got the one?|13.03.2021 18:35:55 UTC+01:00  |Incoming|
WhatsApp|Maverick|46708275344@s.whatsapp.net|Goldfinger|46702578150@s.whatsapp.net|You're bananas 🍌|13.03.2021 18:36:13 UTC+01:00  |Outgoing|
WhatsApp|Goldfinger|46702578150@s.whatsapp.net|Maverick|46708275344@s.whatsapp.net||13.03.2021 18:39:16 UTC+01:00  |Incoming|"{""Path"": ""Maverick_Samsung_Galaxy_S21/Attachments/File/0/Messages-Chat/Messages-Chat_1659/0.jpg"", ""id"": 358}"
WhatsApp|Maverick|46708275344@s.whatsapp.net|Goldfinger|46702578150@s.whatsapp.net||13.03.2021 18:42:24 UTC+01:00  |Outgoing|"{""Path"": ""Maverick_Samsung_Galaxy_S21/Attachments/File/0/Messages-Chat/Messages-Chat_1660/0.jpg"", ""id"": 359}"
WhatsApp|Goldfinger|46702578150@s.whatsapp.net|Maverick|46708275344@s.whatsapp.net|Nana.....|13.03.2021 18:42:46 UTC+01:00  |Incoming|
WhatsApp|Maverick|46708275344@s.whatsapp.net|Goldfinger|46702578150@s.whatsapp.net||15.03.2021 17:04:01 UTC+01:00  |Outgoing|"{""Path"": ""Maverick_Samsung_Galaxy_S21/Attachments/File/0/Messages-Chat/Messages-Chat_1700/0.jpg"", ""id"": 399}"
WhatsApp|Maverick|46708275344@s.whatsapp.net|Goldfinger|46702578150@s.whatsapp.net|What's pink and wrinkly and hangs out your trousers? 👖|18.03.2021 10:06:56 UTC+01:00  |Outgoing|
WhatsApp|Goldfinger|46702578150@s.whatsapp.net|Maverick|46708275344@s.whatsapp.net|I have no idea 🤷‍♀️ but I’m sure you’ll tell me|19.03.2021 10:22:55 UTC+01:00  |Incoming|
WhatsApp|Maverick|46708275344@s.whatsapp.net|Goldfinger|46702578150@s.whatsapp.net|Your mum 🤣|19.03.2021 10:28:13 UTC+01:00  |Outgoing|
WhatsApp|Maverick|46708275344@s.whatsapp.net|Goldfinger|46702578150@s.whatsapp.net||21.03.2021 12:24:57 UTC+01:00  |Outgoing|"{""Path"": ""Maverick_Samsung_Galaxy_S21/Attachments/File/0/Messages-Chat/Messages-Chat_1810/0.jpg"", ""id"": 509}"
WhatsApp|Goldfinger|46702578150@s.whatsapp.net|Maverick|46708275344@s.whatsapp.net||22.03.2021 10:43:39 UTC+01:00  |Incoming|"{""Path"": ""Maverick_Samsung_Galaxy_S21/Attachments/File/0/Messages-Chat/Messages-Chat_1822/0.jpg"", ""id"": 521}"
WhatsApp|Maverick|46708275344@s.whatsapp.net|Goldfinger|46702578150@s.whatsapp.net|Nice how much?|22.03.2021 13:53:08 UTC+01:00  |Outgoing|
WhatsApp|Goldfinger|46702578150@s.whatsapp.net|Maverick|46708275344@s.whatsapp.net|3k with necklace|23.03.2021 15:07:52 UTC+01:00  |Incoming|
WhatsApp|Maverick|46708275344@s.whatsapp.net|Goldfinger|46702578150@s.whatsapp.net|Oh OK I know a man...|23.03.2021 18:31:34 UTC+01:00  |Outgoing|
WhatsApp|Maverick|46708275344@s.whatsapp.net|Goldfinger|46702578150@s.whatsapp.net||23.03.2021 18:31:52 UTC+01:00  |Outgoing|"{""Path"": ""Maverick_Samsung_Galaxy_S21/Attachments/File/0/Messages-Chat/Messages-Chat_1833/0.jpg"", ""id"": 532}"
WhatsApp|Maverick|46708275344@s.whatsapp.net|Goldfinger|46702578150@s.whatsapp.net|Dark deers|23.03.2021 19:09:17 UTC+01:00  |Outgoing|"{""Path"": ""Maverick_Samsung_Galaxy_S21/Attachments/File/0/Messages-Chat/Messages-Chat_1837/0.jpg"", ""id"": 536}"
WhatsApp|Goldfinger|46702578150@s.whatsapp.net|Maverick|46708275344@s.whatsapp.net||26.03.2021 13:11:19 UTC+01:00  |Incoming|"{""Path"": ""Maverick_Samsung_Galaxy_S21/Attachments/File/0/Messages-Chat/Messages-Chat_1908/0.jpg"", ""id"": 607}"
WhatsApp|Goldfinger|46702578150@s.whatsapp.net|Maverick|46708275344@s.whatsapp.net|Stoned?|26.03.2021 13:20:39 UTC+01:00  |Incoming|
WhatsApp|Maverick|46708275344@s.whatsapp.net|Goldfinger|46702578150@s.whatsapp.net|🙂|26.03.2021 18:04:14 UTC+01:00  |Outgoing|
WhatsApp|Maverick|46708275344@s.whatsapp.net|Goldfinger|46702578150@s.whatsapp.net||28.03.2021 12:31:10 UTC+02:00  |Outgoing|"{""Path"": ""Maverick_Samsung_Galaxy_S21/Attachments/File/0/Messages-Chat/Messages-Chat_1966/0.jpg"", ""id"": 665}"
WhatsApp|Goldfinger|46702578150@s.whatsapp.net|Maverick|46708275344@s.whatsapp.net|Yummy|29.03.2021 17:56:51 UTC+02:00  |Incoming|
WhatsApp|Maverick|46708275344@s.whatsapp.net|Goldfinger|46702578150@s.whatsapp.net||30.03.2021 17:49:59 UTC+02:00  |Outgoing|"{""Path"": ""Maverick_Samsung_Galaxy_S21/Attachments/File/0/Messages-Chat/Messages-Chat_2010/0.jpg"", ""id"": 709}"
WhatsApp|Maverick|46708275344@s.whatsapp.net|Goldfinger|46702578150@s.whatsapp.net|Google translate is cool.|30.03.2021 19:25:14 UTC+02:00  |Outgoing|
WhatsApp|Maverick|46708275344@s.whatsapp.net|Goldfinger|46702578150@s.whatsapp.net||30.03.2021 19:25:23 UTC+02:00  |Outgoing|"{""Path"": ""Maverick_Samsung_Galaxy_S21/Attachments/File/0/Messages-Chat/Messages-Chat_2038/0.jpg"", ""id"": 737}"
WhatsApp|Maverick|46708275344@s.whatsapp.net|Goldfinger|46702578150@s.whatsapp.net||30.03.2021 19:25:56 UTC+02:00  |Outgoing|"{""Path"": ""Maverick_Samsung_Galaxy_S21/Attachments/File/0/Messages-Chat/Messages-Chat_2039/0.jpg"", ""id"": 738}"
WhatsApp|Goldfinger|46702578150@s.whatsapp.net|Maverick|46708275344@s.whatsapp.net|Google knows it all|31.03.2021 16:37:02 UTC+02:00  |Incoming|
WhatsApp|Maverick|46708275344@s.whatsapp.net|Goldfinger|46702578150@s.whatsapp.net|Yep|31.03.2021 18:30:45 UTC+02:00  |Outgoing|
WhatsApp|Maverick|46708275344@s.whatsapp.net|Goldfinger|46702578150@s.whatsapp.net|I like the look of this one???|31.03.2021 19:32:02 UTC+02:00  |Outgoing|"{""Path"": ""Maverick_Samsung_Galaxy_S21/Attachments/File/0/Messages-Chat/Messages-Chat_2061/0.jpg"", ""id"": 760}"
WhatsApp|Goldfinger|46702578150@s.whatsapp.net|Maverick|46708275344@s.whatsapp.net|Love this|31.03.2021 19:42:41 UTC+02:00  |Incoming|"{""Path"": ""Maverick_Samsung_Galaxy_S21/Attachments/File/0/Messages-Chat/Messages-Chat_2062/0.jpg"", ""id"": 761}"
WhatsApp|Maverick|46708275344@s.whatsapp.net|Goldfinger|46702578150@s.whatsapp.net|Oh god Goldy. Please stop using the product. We can't afford it and I don't know if I can rely on you. Need your head straight while Goose is wobbling....|31.03.2021 19:44:08 UTC+02:00  |Outgoing|
WhatsApp|Maverick|46708275344@s.whatsapp.net|Goldfinger|46702578150@s.whatsapp.net|Did I slip up?|02.04.2021 15:53:26 UTC+02:00|Outgoing|
WhatsApp|Goldfinger|46702578150@s.whatsapp.net|Maverick|46708275344@s.whatsapp.net|Ok... message received|02.04.2021 15:53:26 UTC+02:00  |Incoming|
